personnel_id,unit_type,role_operational_intensity,duty_hours_weekly,overtime_hours_weekly,deployment_duration_months,deployments_last_3_years,days_since_last_leave,leave_days_taken_annual,recovery_rest_days_monthly,avg_sleep_hours,sleep_disruption_index,physical_readiness_score,wellness_survey_score,peer_support_score,environmental_hardship_score,risk_score,risk_category
PX-13082,Signals,Low,49.2,3.4,3.1,2,123,47.5,1.5,6.6,3.2,86.4,22.9,3.7,2.0,0.02,LOW
PX-13519,Air Defense,Low,45.8,0.0,2.4,2,90,48.7,4.8,8.0,0.0,83.3,23.4,3.2,1.7,0.02,LOW
PX-12149,Infantry,High,52.7,2.9,7.5,2,190,24.2,1.2,6.2,6.5,70.7,21.2,4.3,4.1,0.234,LOW
PX-12881,Infantry,Low,43.7,0.0,2.8,1,120,45.3,7.4,6.1,2.6,81.5,20.5,3.4,1.8,0.02,LOW
PX-11454,Artillery,High,46.8,0.0,6.0,3,167,29.2,2.4,4.9,6.2,69.7,20.1,4.3,4.0,0.254,LOW
PX-11977,Medical Corps,Low,36.3,0.0,4.7,0,155,25.1,5.3,6.7,1.5,63.6,23.5,3.3,1.5,0.02,LOW
PX-14351,Infantry,High,50.0,0.0,10.9,2,277,20.2,1.1,6.1,5.7,70.1,19.6,4.1,3.0,0.326,LOW
PX-12857,Armored,Medium,52.2,3.1,5.2,1,153,43.2,2.3,7.2,4.4,80.9,22.2,2.9,2.1,0.1,LOW
PX-14173,Artillery,Medium,43.7,0.0,5.1,2,143,46.0,5.5,6.5,2.9,92.2,22.3,4.6,2.2,0.02,LOW
PX-12934,Signals,Medium,50.6,0.0,4.3,3,154,42.1,1.9,5.7,4.4,87.9,20.9,4.1,2.8,0.078,LOW
PX-12646,Signals,Low,36.0,0.0,7.4,0,181,41.8,4.6,7.5,2.2,85.8,22.5,3.4,1.3,0.02,LOW
PX-12577,Logistics & ASC,Low,44.8,0.0,3.4,0,116,46.7,2.9,8.0,0.0,97.8,27.6,4.6,1.8,0.02,LOW
PX-11438,Logistics & ASC,High,60.4,4.6,10.3,2,260,29.4,1.8,5.1,7.0,70.5,10.9,5.0,3.3,0.429,MODERATE
PX-13389,Artillery,High,57.0,5.8,6.0,1,197,36.0,0.3,5.7,6.7,63.0,21.6,4.4,3.1,0.316,LOW
PX-13475,Armored,Medium,46.8,0.0,5.1,3,225,27.7,1.6,7.0,2.9,76.9,20.7,4.9,2.9,0.02,LOW
PX-11222,Logistics & ASC,Medium,58.2,9.5,11.0,0,251,37.5,3.3,6.0,4.5,85.2,18.3,3.8,2.0,0.294,LOW
PX-13304,Signals,Medium,55.8,5.4,4.4,1,134,43.9,2.1,6.5,2.4,87.2,17.8,4.0,1.9,0.02,LOW
PX-10245,Logistics & ASC,Medium,45.3,1.2,11.4,1,262,35.5,2.6,6.7,2.7,88.8,22.6,3.6,2.3,0.039,LOW
PX-11460,Air Defense,Medium,41.8,0.0,6.1,4,216,39.8,0.7,6.7,2.6,86.5,24.7,3.8,2.7,0.02,LOW
PX-12978,Signals,High,57.1,5.8,9.9,2,253,27.3,1.7,5.5,5.0,73.4,14.7,3.6,3.9,0.446,MODERATE
PX-13251,Combat Engineers,Medium,45.3,0.8,6.8,3,167,38.7,3.1,7.7,1.2,86.1,20.4,2.6,2.3,0.02,LOW
PX-11488,Logistics & ASC,Low,42.4,0.0,2.8,1,140,49.6,3.8,7.3,0.9,88.4,26.0,4.0,1.1,0.02,LOW
PX-13089,Logistics & ASC,Low,40.8,0.0,6.1,1,187,36.3,6.3,6.8,0.5,85.3,20.4,3.8,1.4,0.02,LOW
PX-12659,Infantry,High,62.6,9.9,5.7,3,172,27.9,1.5,6.0,7.4,87.9,16.6,3.4,3.5,0.381,MODERATE
PX-13458,Infantry,High,61.6,9.8,8.6,5,209,15.9,3.0,4.3,9.5,76.9,12.3,4.6,3.8,0.514,MODERATE
PX-13676,Artillery,High,61.2,8.9,6.0,4,193,26.5,2.6,5.3,8.4,78.5,14.9,4.7,3.0,0.391,MODERATE
PX-14939,Infantry,High,52.0,3.4,6.8,0,213,27.2,2.4,4.8,6.8,74.5,14.8,3.5,4.0,0.433,MODERATE
PX-10773,Logistics & ASC,Medium,48.8,2.3,4.6,4,192,40.7,4.6,5.8,3.4,89.6,20.5,4.4,2.2,0.039,LOW
PX-10909,Artillery,Low,48.8,0.0,3.5,2,119,43.6,2.8,6.7,1.6,84.4,18.8,3.8,1.8,0.02,LOW
PX-11942,Armored,High,49.3,2.2,15.9,0,365,14.8,0.5,5.0,7.0,66.6,15.6,3.7,3.2,0.601,MODERATE
PX-13148,Logistics & ASC,High,62.4,10.9,7.4,2,283,28.6,2.4,5.4,8.8,74.7,12.7,2.8,4.1,0.577,MODERATE
PX-14943,Medical Corps,Medium,49.4,0.0,4.1,2,126,49.0,2.2,5.6,,78.7,20.2,4.2,2.8,0.088,LOW
PX-10570,Artillery,Low,37.1,0.0,4.1,1,196,57.5,5.1,7.9,2.6,69.5,25.7,4.4,2.1,0.02,LOW
PX-12118,Infantry,Medium,45.2,0.0,7.3,3,179,39.5,2.9,6.0,3.7,74.6,21.0,3.2,2.9,0.166,LOW
PX-12334,Armored,Medium,50.2,0.7,7.3,2,220,45.6,2.4,4.8,5.1,65.9,16.0,3.7,2.4,0.346,LOW
PX-14153,Armored,Extreme,63.8,12.1,8.8,2,268,16.8,3.2,5.5,9.3,76.3,17.1,4.4,5.0,0.48,MODERATE
PX-13956,Medical Corps,Medium,44.3,0.0,4.8,0,221,37.0,5.2,6.6,1.7,74.9,20.2,3.1,2.6,0.083,LOW
PX-12503,Air Defense,Medium,40.2,0.0,13.6,2,290,37.1,4.4,6.9,2.1,82.0,22.4,3.9,2.2,0.159,LOW
PX-10369,Logistics & ASC,Low,44.6,0.0,2.7,1,100,46.4,4.6,6.6,1.5,89.2,22.0,3.6,1.6,0.02,LOW
PX-13996,Infantry,Extreme,64.7,14.8,12.4,1,282,9.4,0.3,4.0,10.0,64.2,7.3,3.6,3.9,0.825,ELEVATED
PX-13118,Artillery,Medium,45.8,0.9,8.5,2,198,28.2,3.5,5.9,2.4,78.7,15.3,3.6,1.9,0.146,LOW
PX-10622,Medical Corps,Medium,48.4,2.3,3.7,3,161,39.5,1.8,6.2,5.1,86.1,18.1,4.1,2.9,0.02,LOW
PX-14946,Combat Engineers,Extreme,62.1,8.8,9.4,1,237,17.4,0.7,4.4,10.0,71.8,11.7,3.4,4.6,0.705,ELEVATED
PX-14042,Infantry,High,55.2,5.6,5.9,2,167,27.7,1.4,5.7,5.3,75.9,18.3,3.8,3.7,0.275,LOW
PX-12151,Infantry,High,56.9,6.2,8.3,2,217,19.3,2.1,5.2,6.0,73.3,13.4,3.5,4.0,0.399,MODERATE
PX-10241,Air Defense,Medium,53.7,1.9,4.1,0,144,47.8,3.2,6.4,4.3,68.1,20.7,4.5,2.8,0.04,LOW
PX-14024,Air Defense,High,60.3,10.0,6.6,3,171,27.5,0.2,5.4,8.1,76.2,14.9,3.6,3.5,0.467,MODERATE
PX-11187,Medical Corps,Low,44.2,0.0,3.0,1,128,44.9,3.0,6.9,2.5,68.8,25.6,4.8,1.7,0.02,LOW
PX-11299,Artillery,Extreme,72.5,18.0,11.0,2,288,10.1,0.0,3.5,10.0,70.9,9.4,3.4,4.5,0.914,ELEVATED
PX-10255,Signals,High,62.8,11.7,6.8,1,183,26.8,0.3,4.9,7.2,77.9,14.2,4.0,3.7,0.476,MODERATE
PX-10364,Signals,High,50.9,0.0,7.2,5,184,28.6,2.7,6.1,6.2,94.3,19.7,4.7,3.0,0.098,LOW
PX-10635,Infantry,High,54.6,5.9,7.1,1,297,16.5,3.0,6.5,4.5,80.8,16.1,3.1,4.1,0.32,LOW
PX-12309,Logistics & ASC,Medium,44.9,0.0,10.5,4,296,30.9,3.5,7.3,2.8,92.9,19.1,3.8,2.3,0.057,LOW
PX-14837,Infantry,High,57.8,8.4,5.9,2,158,35.7,1.6,5.8,5.8,80.4,17.9,3.4,3.0,0.251,LOW
PX-13637,Infantry,High,53.3,6.7,12.0,2,336,13.6,2.6,5.8,4.5,83.1,19.3,4.4,4.1,0.302,LOW
PX-11507,Armored,Low,52.5,3.5,18.0,2,365,25.2,1.8,6.6,1.6,79.4,16.9,3.0,1.3,0.239,LOW
PX-10572,Armored,High,54.2,3.6,8.5,4,202,17.9,0.3,5.9,5.4,76.2,14.6,3.5,3.9,0.361,LOW
PX-11303,Artillery,Medium,47.8,2.3,3.6,1,128,41.4,3.4,6.0,3.2,78.6,22.4,4.1,2.4,0.02,LOW
PX-11171,Signals,Medium,39.7,0.0,3.6,1,143,37.3,3.4,7.5,1.4,83.1,28.9,3.7,2.6,0.02,LOW
PX-13863,Artillery,High,56.7,7.2,6.8,2,185,23.9,3.2,5.2,5.5,75.7,17.9,3.6,3.8,0.384,MODERATE
PX-14115,Artillery,High,57.6,8.7,10.8,3,262,21.5,0.6,6.5,5.5,73.0,14.6,3.7,3.9,0.344,LOW
PX-11682,Signals,Medium,45.1,0.0,9.4,1,239,38.8,5.9,5.8,3.7,79.7,12.3,2.8,2.3,0.195,LOW
PX-13107,Signals,High,52.3,2.6,12.4,2,277,28.5,1.3,4.9,5.7,73.6,14.2,4.1,3.9,0.468,MODERATE
PX-13340,Artillery,Medium,52.8,5.7,4.2,1,159,27.6,3.6,5.9,2.3,76.2,13.3,3.7,2.8,0.108,LOW
PX-10705,Combat Engineers,High,54.3,1.1,6.1,2,162,37.7,1.1,5.2,5.3,76.0,14.3,3.8,3.6,0.316,LOW
PX-10002,Logistics & ASC,Medium,55.3,4.1,3.5,1,124,41.9,2.0,6.6,1.9,85.2,23.4,4.4,3.0,0.02,LOW
PX-11481,Infantry,High,54.7,9.2,7.5,1,190,25.3,3.7,6.0,5.3,72.5,23.0,3.9,4.1,0.171,LOW
PX-12314,Artillery,Medium,43.1,0.0,4.7,1,129,42.6,4.1,7.0,3.5,84.8,24.7,3.9,2.4,0.02,LOW
PX-10273,Combat Engineers,Extreme,64.5,8.4,11.4,1,270,11.3,0.0,4.0,10.0,58.1,11.5,4.0,4.8,0.82,ELEVATED
PX-14090,Infantry,High,61.7,12.2,6.8,0,179,41.9,0.0,5.3,7.8,70.3,8.4,2.5,3.8,0.515,MODERATE
PX-13477,Logistics & ASC,Medium,50.5,2.2,3.5,1,168,47.9,2.2,6.9,2.5,100.0,22.5,4.6,2.6,0.02,LOW
PX-13274,Signals,Low,40.6,0.0,7.1,2,196,44.9,4.0,6.9,1.8,85.0,17.4,3.0,1.4,0.02,LOW
PX-11677,Armored,Extreme,65.5,13.2,7.1,0,190,19.5,1.1,4.3,10.0,62.3,,4.0,4.4,0.655,ELEVATED
PX-13528,Air Defense,High,46.8,0.0,6.9,2,174,34.2,0.0,5.5,5.3,68.3,14.1,3.7,3.0,0.231,LOW
PX-14835,Air Defense,Low,47.8,0.0,9.9,0,224,43.7,3.6,7.0,2.0,99.1,21.8,4.6,1.4,0.02,LOW
PX-12562,Signals,Low,45.5,0.0,5.3,2,140,38.1,6.1,7.2,1.7,88.4,,3.5,2.2,0.02,LOW
PX-12176,Armored,Low,43.9,0.0,6.0,2,155,34.2,5.6,6.3,2.4,84.7,22.0,3.6,2.1,0.02,LOW
PX-13680,Signals,Low,44.1,0.0,2.7,0,102,55.0,5.4,8.2,0.0,94.0,25.5,3.8,1.9,0.02,LOW
PX-13694,Signals,Medium,50.6,2.4,6.7,1,251,34.8,2.8,5.7,3.8,85.6,19.6,4.4,2.7,0.163,LOW
PX-10710,Medical Corps,Medium,54.2,2.4,6.4,4,168,37.7,2.8,5.6,3.1,89.0,16.3,3.7,2.5,0.199,LOW
PX-13270,Medical Corps,Medium,60.7,9.2,3.6,4,117,45.5,0.5,6.0,6.6,71.4,16.6,1.8,2.2,0.378,LOW
PX-12496,Combat Engineers,Medium,51.1,4.6,7.4,0,186,43.6,1.4,6.6,2.7,85.5,21.0,4.4,2.6,0.058,LOW
PX-13094,Armored,Low,36.3,0.0,15.9,1,365,26.8,5.2,7.1,1.7,78.5,20.6,3.8,1.4,0.119,LOW
PX-14679,Logistics & ASC,Medium,56.5,5.4,4.1,1,128,47.6,3.9,4.8,,,16.3,2.7,2.1,0.305,LOW
PX-10778,Air Defense,High,60.3,11.0,12.0,1,284,39.3,0.2,5.3,6.7,65.5,14.5,4.4,3.1,0.512,MODERATE
PX-11854,Logistics & ASC,Low,50.2,2.6,6.8,0,231,39.9,5.5,6.4,1.8,87.8,16.7,3.0,1.5,0.054,LOW
PX-10800,Signals,Medium,52.8,1.1,5.5,2,188,39.9,2.1,6.7,3.1,84.3,19.2,4.4,2.2,0.028,LOW
PX-14781,Medical Corps,Medium,47.5,0.0,6.0,1,224,45.2,2.4,5.6,6.6,88.4,17.1,3.9,2.4,0.203,LOW
PX-14151,Combat Engineers,High,52.3,2.7,11.1,4,273,17.8,0.6,5.3,,69.3,16.4,4.8,3.3,0.384,MODERATE
PX-13047,Signals,Extreme,63.3,13.0,9.6,0,219,11.1,0.3,4.3,9.5,70.7,10.3,3.6,4.2,0.727,ELEVATED
PX-13802,Artillery,Low,41.4,0.0,8.9,0,207,41.4,3.8,8.2,0.0,95.7,24.8,4.6,2.0,0.02,LOW
PX-11218,Signals,Low,44.0,0.0,4.3,1,144,53.2,3.6,7.6,0.2,87.1,21.7,3.0,1.6,0.02,LOW
PX-10920,Infantry,High,53.6,6.3,7.1,0,235,27.4,0.8,4.6,7.6,74.2,19.6,4.3,3.6,0.427,MODERATE
PX-12450,Signals,Low,38.7,0.0,5.5,3,149,39.5,2.0,8.5,0.4,89.7,29.3,3.8,2.2,0.02,LOW
PX-11123,Infantry,Medium,50.1,0.0,6.8,2,221,34.1,3.2,7.2,2.9,73.3,22.8,3.7,2.5,0.02,LOW
PX-14498,Logistics & ASC,Extreme,54.7,3.6,12.3,3,305,5.0,0.6,5.2,7.3,68.0,18.2,4.5,4.3,0.517,MODERATE
PX-13531,Infantry,Low,58.8,8.1,4.3,2,122,55.3,2.7,6.7,0.2,81.2,17.5,3.4,2.0,0.02,LOW
PX-12187,Combat Engineers,Medium,50.2,3.0,7.0,1,182,34.8,1.1,6.5,3.7,76.1,19.2,3.1,1.9,0.162,LOW
PX-13957,Medical Corps,Medium,58.7,5.9,4.3,0,163,38.1,3.2,6.3,4.2,86.4,15.5,3.5,2.9,0.067,LOW
PX-12791,Infantry,High,54.5,4.9,11.5,0,253,32.7,2.0,6.3,4.9,75.8,15.4,4.0,3.5,0.353,LOW
PX-10220,Artillery,Low,50.9,1.8,4.6,2,136,54.0,1.6,7.4,0.0,93.3,19.8,3.2,1.8,0.02,LOW
PX-13593,Infantry,High,57.4,5.1,8.4,3,232,30.3,2.2,4.0,6.9,73.4,15.4,2.9,3.2,0.566,MODERATE
PX-13504,Signals,Medium,62.1,9.7,4.6,1,144,39.2,2.8,5.2,6.7,79.4,15.0,3.6,2.8,0.241,LOW
PX-12044,Medical Corps,Extreme,76.1,20.6,10.3,0,249,16.0,0.0,3.5,10.0,,8.1,4.1,5.0,0.89,ELEVATED
PX-12592,Signals,High,57.8,8.4,11.0,0,243,18.0,2.2,5.5,4.6,64.6,16.5,3.6,3.1,0.391,MODERATE
PX-12927,Combat Engineers,High,52.8,5.5,8.6,2,201,22.0,0.4,6.2,4.7,89.5,,4.6,3.9,0.2,LOW
PX-11736,Logistics & ASC,Low,43.8,0.0,4.8,3,196,47.9,3.9,6.1,3.2,83.0,18.2,3.6,1.4,0.06,LOW
PX-11691,Logistics & ASC,Low,37.9,0.0,8.9,1,216,34.4,3.1,7.5,0.0,74.5,22.5,3.0,1.4,0.02,LOW
PX-10565,Signals,Low,44.7,1.5,5.5,0,203,49.2,3.4,6.1,3.2,78.4,23.7,4.7,1.5,0.02,LOW
PX-12416,Infantry,Medium,52.5,4.6,6.8,3,184,34.0,3.2,6.0,2.7,86.5,14.5,3.9,1.9,0.128,LOW
PX-11650,Artillery,High,64.5,10.7,12.0,3,294,32.3,1.6,6.1,8.6,62.2,16.8,4.5,3.5,0.51,MODERATE
PX-12261,Medical Corps,High,61.1,10.5,7.2,1,197,25.5,1.6,5.7,9.3,84.2,13.1,3.2,3.0,0.428,MODERATE
PX-11900,Combat Engineers,High,55.1,5.7,7.2,3,175,23.2,1.0,5.8,6.4,69.7,11.6,3.4,4.0,0.394,MODERATE
PX-10154,Infantry,Low,46.8,1.5,4.7,3,165,48.5,3.9,7.1,0.6,82.6,19.7,3.6,1.2,0.02,LOW
PX-13834,Artillery,Medium,54.3,5.9,3.8,1,129,39.4,2.6,6.1,3.0,88.6,20.8,4.7,2.9,0.052,LOW
PX-13255,Air Defense,Medium,48.9,0.0,14.5,1,308,18.7,4.2,6.4,2.9,80.5,19.7,4.1,1.9,0.194,LOW
PX-13041,Logistics & ASC,Medium,47.8,1.5,9.9,0,226,38.2,3.9,6.9,3.1,87.7,19.8,2.8,3.0,0.094,LOW
PX-10883,Armored,Extreme,60.1,10.3,14.7,5,365,18.9,0.4,3.5,10.0,65.9,8.9,4.0,4.9,0.819,ELEVATED
PX-13300,Medical Corps,Medium,54.0,5.5,11.9,1,262,26.5,2.7,6.3,2.4,78.3,15.6,3.7,1.9,0.32,LOW
PX-10885,Artillery,Low,48.2,2.0,10.4,0,241,48.6,4.0,6.5,1.2,83.8,18.8,3.9,1.5,0.02,LOW
PX-13920,Infantry,High,52.9,5.4,6.0,0,170,35.4,1.5,4.5,6.9,76.8,12.5,3.8,3.7,0.358,LOW
PX-10003,Signals,Low,41.6,0.0,2.4,1,129,60.0,4.2,7.5,1.6,82.4,24.6,4.4,1.4,0.02,LOW
PX-11387,Artillery,Low,38.0,0.0,3.2,0,108,60.0,5.1,8.5,0.0,100.0,26.6,4.0,1.4,0.02,LOW
PX-11763,Infantry,High,63.3,10.2,14.9,2,319,20.1,0.9,5.7,7.6,75.3,15.0,4.3,3.1,0.52,MODERATE
PX-14853,Infantry,Medium,45.0,0.0,5.5,2,152,45.4,3.1,6.1,0.8,68.2,19.6,2.4,2.6,0.02,LOW
PX-13643,Infantry,Medium,40.1,0.0,5.9,3,165,31.7,4.2,7.1,1.7,90.4,24.2,4.3,2.8,0.02,LOW
PX-14265,Armored,High,59.3,5.5,5.7,2,175,32.5,2.7,5.0,6.8,79.2,16.2,4.7,3.5,0.265,LOW
PX-13227,Infantry,Medium,46.4,0.0,3.5,4,209,49.6,4.9,7.5,0.8,87.4,27.6,4.3,2.8,0.02,LOW
PX-14372,Armored,High,58.5,8.4,8.1,1,198,34.1,1.9,4.2,7.2,73.4,9.7,3.3,4.0,0.584,MODERATE
PX-14359,Signals,Low,46.9,1.2,5.3,0,163,45.4,3.6,6.5,2.3,90.7,18.4,3.0,1.8,0.02,LOW
PX-10423,Infantry,Low,41.9,0.0,3.3,2,262,36.5,3.6,7.5,0.1,89.4,,3.8,2.0,0.02,LOW
PX-12239,Combat Engineers,Extreme,58.8,10.8,7.7,4,216,21.0,0.6,5.4,6.6,69.2,11.5,3.3,4.7,0.394,MODERATE
PX-14519,Infantry,Medium,43.5,0.0,6.8,1,182,44.1,4.1,6.0,3.8,72.5,18.0,3.7,2.8,0.15,LOW
PX-14822,Signals,Medium,53.6,5.6,16.4,1,365,11.1,2.1,6.7,2.3,,18.7,4.3,1.9,0.188,LOW
PX-10519,Air Defense,High,55.1,1.5,7.6,1,213,29.3,3.1,6.2,5.7,90.9,17.1,4.3,4.1,0.227,LOW
PX-10682,Infantry,Medium,45.3,1.5,5.4,1,149,35.5,2.8,6.0,3.9,79.8,23.6,4.0,3.0,0.039,LOW
PX-13601,Infantry,Low,39.8,0.0,2.5,2,110,45.4,4.0,5.9,0.4,88.1,25.1,4.0,1.9,0.02,LOW
PX-10411,Signals,Medium,46.9,1.1,3.7,2,197,39.7,2.8,5.2,5.8,89.7,14.3,3.0,2.4,0.207,LOW
PX-12351,Logistics & ASC,Low,46.0,0.0,2.4,3,92,49.7,3.5,6.4,1.7,68.1,20.1,5.0,1.7,0.02,LOW
PX-13328,Armored,High,50.9,3.6,10.1,3,229,21.3,1.1,5.4,5.4,74.1,18.7,4.6,3.3,0.303,LOW
PX-11203,Signals,Low,49.2,1.4,4.6,1,143,54.2,4.4,7.0,1.3,75.8,20.3,4.1,1.4,0.02,LOW
PX-13136,Logistics & ASC,Medium,50.1,2.3,15.9,1,345,22.4,2.4,7.7,0.1,86.5,17.5,3.0,2.5,0.141,LOW
PX-14668,Logistics & ASC,High,57.1,5.6,7.8,2,218,25.6,1.4,6.1,3.7,96.6,15.3,4.3,3.2,0.134,LOW
PX-12037,Infantry,High,57.7,10.0,18.0,4,365,11.3,2.6,4.9,6.6,79.4,13.7,4.2,3.1,0.512,MODERATE
PX-13280,Signals,Medium,53.3,2.0,8.7,0,254,30.4,4.0,6.2,3.6,81.6,22.0,4.9,2.8,0.112,LOW
PX-14038,Artillery,Medium,46.7,3.2,4.2,2,122,36.8,5.8,7.6,2.1,83.2,,3.1,2.5,0.02,LOW
PX-13844,Medical Corps,Medium,47.4,0.0,3.6,2,110,44.3,2.9,6.7,2.6,81.5,16.3,2.8,2.1,0.02,LOW
PX-14846,Infantry,Extreme,59.8,9.8,7.2,1,208,29.8,0.0,5.3,6.4,76.6,8.5,3.0,4.5,0.463,MODERATE
PX-12766,Armored,High,58.7,4.9,6.1,3,203,37.0,2.2,5.0,6.9,82.8,13.1,3.8,3.9,0.474,MODERATE
PX-10642,Infantry,Extreme,62.7,11.9,9.0,4,211,21.7,1.3,4.4,10.0,79.7,8.9,3.6,4.5,0.705,ELEVATED
PX-10252,Armored,Medium,51.5,2.2,8.9,0,213,47.2,2.8,5.7,4.9,65.3,16.7,4.5,2.8,0.232,LOW
PX-11878,Combat Engineers,High,50.5,4.3,6.1,1,204,23.0,4.0,5.6,7.5,66.6,15.4,3.1,3.9,0.316,LOW
PX-13678,Artillery,High,58.8,5.9,5.6,4,212,25.2,0.8,5.2,6.4,73.6,19.4,3.8,3.7,0.385,MODERATE
PX-11479,Armored,Medium,49.7,0.0,4.7,4,143,48.4,2.5,5.3,4.6,79.7,21.9,3.5,2.2,0.122,LOW
PX-11703,Combat Engineers,Medium,48.1,0.0,4.8,1,143,45.4,4.0,7.4,0.0,89.5,24.5,3.9,2.2,0.02,LOW
PX-12887,Medical Corps,Low,47.4,0.0,8.3,3,196,45.7,4.1,7.0,1.6,94.1,20.9,3.4,1.8,0.02,LOW
PX-12658,Infantry,Medium,51.1,4.0,3.6,1,128,40.5,3.2,5.6,4.0,86.8,23.5,4.2,2.9,0.065,LOW
PX-11428,Air Defense,Medium,46.4,0.0,5.3,0,183,33.3,2.4,6.8,2.6,73.0,23.1,4.0,2.9,0.02,LOW
PX-14383,Armored,Extreme,57.8,3.1,7.7,6,204,26.6,0.0,5.5,7.5,65.5,14.6,4.2,4.2,0.444,MODERATE
PX-10225,Logistics & ASC,Medium,46.3,0.0,15.2,1,342,31.8,2.9,6.9,3.7,80.9,19.3,4.2,2.8,0.216,LOW
PX-11692,Infantry,Extreme,67.8,10.7,8.7,4,218,19.2,1.3,4.2,9.9,72.9,8.6,3.7,4.4,0.661,ELEVATED
PX-10641,Air Defense,High,53.9,4.5,6.3,3,165,36.3,0.0,5.9,5.3,73.6,17.0,4.3,3.0,0.28,LOW
PX-12097,Armored,Medium,54.6,6.6,5.5,1,148,30.9,2.8,6.6,2.0,79.8,21.4,3.7,3.0,0.115,LOW
PX-10179,Signals,Medium,55.2,3.9,5.3,0,168,41.7,3.1,5.4,4.7,77.1,16.0,3.6,2.3,0.212,LOW
PX-13441,Infantry,Medium,52.9,3.4,3.5,1,144,41.7,5.5,5.9,2.2,75.5,19.7,4.2,2.3,0.02,LOW
PX-11737,Infantry,High,65.8,10.5,6.2,3,162,34.7,0.8,4.6,9.0,67.7,16.2,4.0,3.0,0.602,MODERATE
PX-11746,Signals,Medium,49.7,0.0,4.2,2,121,41.4,3.3,6.9,3.3,78.4,19.1,3.7,2.6,0.02,LOW
PX-14062,Infantry,High,55.5,5.5,6.1,2,195,31.5,1.3,5.3,5.7,57.9,11.9,3.7,3.3,0.334,LOW
PX-12215,Infantry,Low,42.0,0.0,4.9,0,195,48.4,4.5,6.8,1.8,78.9,23.5,4.7,1.7,0.02,LOW
PX-12121,Infantry,Low,42.2,0.0,3.1,2,116,51.4,4.1,7.2,1.4,87.9,23.3,3.2,1.8,0.02,LOW
PX-10828,Logistics & ASC,Medium,48.6,1.4,9.9,3,267,41.7,3.2,6.2,3.5,79.7,17.4,3.3,2.3,0.202,LOW
PX-11395,Infantry,Extreme,54.3,5.4,8.7,2,210,26.9,0.6,5.4,7.5,71.9,16.9,3.4,4.6,0.471,MODERATE
PX-13635,Infantry,High,55.3,4.6,13.0,0,289,21.9,2.1,5.1,6.5,61.2,,3.5,3.7,0.489,MODERATE
PX-12194,Combat Engineers,Extreme,60.2,7.3,14.9,2,351,16.6,0.0,5.8,7.7,63.1,15.1,3.2,3.8,0.618,MODERATE
PX-12864,Armored,High,67.2,13.9,18.0,4,365,15.1,0.0,5.1,8.5,80.0,11.4,3.8,3.9,0.765,ELEVATED
PX-12021,Infantry,Extreme,59.1,4.8,8.2,2,276,21.5,0.6,5.1,7.2,77.7,11.8,3.4,4.4,0.581,MODERATE
PX-14312,Artillery,Medium,44.5,0.0,9.8,3,230,29.3,3.6,6.9,1.8,70.5,20.8,4.0,1.8,0.081,LOW
PX-13610,Signals,Low,57.1,4.1,3.7,1,186,40.7,2.4,6.5,3.2,95.3,20.0,4.2,1.6,0.04,LOW
PX-14509,Artillery,Low,36.8,0.0,6.5,3,165,46.4,3.5,7.3,1.7,80.3,26.0,4.0,1.4,0.02,LOW
PX-13166,Infantry,High,55.8,3.9,5.6,3,166,20.8,0.8,6.0,5.5,67.1,15.3,3.5,3.1,0.319,LOW
PX-11159,Air Defense,Extreme,62.2,9.1,10.0,1,234,16.9,0.0,4.3,10.0,68.4,10.2,4.5,4.4,0.674,ELEVATED
PX-10399,Armored,Low,44.2,0.0,5.3,0,146,54.1,3.1,7.3,1.8,87.3,22.4,3.7,2.1,0.02,LOW
PX-14266,Armored,Medium,40.6,0.0,6.9,3,214,50.2,4.7,6.0,3.8,77.0,23.9,4.0,2.9,0.09,LOW
PX-14818,Combat Engineers,High,53.8,6.8,14.7,1,343,22.5,1.0,4.1,7.6,70.8,11.2,3.6,4.0,0.718,ELEVATED
PX-10104,Air Defense,High,54.2,2.4,9.2,3,222,30.7,0.1,6.6,4.6,67.0,15.8,3.4,4.2,0.301,LOW
PX-13194,Signals,High,48.9,0.0,8.9,1,212,31.0,1.0,4.3,7.5,69.4,15.9,4.2,3.9,0.506,MODERATE
PX-14070,Artillery,Medium,46.7,2.8,3.8,1,134,52.5,3.4,7.2,2.9,77.9,25.1,3.8,2.0,0.02,LOW
PX-10807,Infantry,Extreme,68.4,11.0,13.7,4,295,13.6,2.1,4.6,10.0,77.2,11.9,3.7,3.9,0.714,ELEVATED
PX-10296,Medical Corps,Extreme,65.4,14.5,14.1,2,344,6.2,1.1,3.8,10.0,74.4,5.9,4.4,4.3,0.797,ELEVATED
PX-14241,Air Defense,Medium,53.9,4.1,4.0,0,135,43.1,3.7,6.7,3.0,80.8,24.2,4.5,2.8,0.02,LOW
PX-12341,Infantry,Medium,55.8,5.2,4.3,1,126,40.7,4.6,6.4,4.7,75.5,17.4,4.3,2.8,0.02,LOW
PX-12612,Armored,High,53.4,4.6,18.0,6,365,11.7,3.5,5.9,5.6,82.8,11.3,3.3,3.6,0.465,MODERATE
PX-10666,Air Defense,Medium,46.0,0.0,3.7,3,139,40.0,3.3,6.0,5.2,83.1,18.0,2.8,2.5,0.064,LOW
PX-13460,Armored,Extreme,61.0,9.8,9.7,1,225,14.4,1.2,5.2,9.0,67.8,14.6,3.5,4.0,0.577,MODERATE
PX-13258,Combat Engineers,Extreme,67.7,12.1,10.4,0,297,22.8,0.0,5.6,9.1,66.1,16.5,4.8,4.5,0.551,MODERATE
PX-11889,Armored,High,57.5,7.3,6.4,0,179,29.5,3.0,4.9,7.0,60.4,15.6,3.7,3.1,0.453,MODERATE
PX-10536,Combat Engineers,Medium,53.4,4.6,10.6,2,243,29.9,3.5,6.8,2.4,91.8,20.2,4.1,2.7,0.02,LOW
PX-14301,Signals,Medium,59.8,9.1,4.6,0,154,36.2,3.2,6.4,3.7,85.1,19.0,3.9,2.5,0.032,LOW
PX-13108,Infantry,High,63.0,11.5,13.6,0,365,20.2,1.9,5.0,9.3,71.2,10.2,3.8,3.8,0.665,ELEVATED
PX-11101,Artillery,Medium,46.8,0.0,3.6,1,165,44.1,2.8,6.5,1.8,88.0,25.2,4.4,2.6,0.02,LOW
PX-12530,Combat Engineers,Medium,51.2,0.0,12.2,2,365,28.0,3.8,6.7,2.2,75.7,19.8,3.9,3.0,0.192,LOW
PX-11714,Artillery,High,52.6,3.4,7.8,4,193,33.6,2.6,5.9,4.8,,15.6,3.2,4.1,0.285,LOW
PX-14883,Artillery,Medium,48.5,0.1,5.1,3,177,47.1,1.2,6.4,3.9,77.3,19.6,4.1,2.7,0.094,LOW
PX-13564,Medical Corps,Medium,57.3,10.0,4.0,0,131,39.6,1.7,6.0,5.1,77.4,22.7,4.3,2.1,0.102,LOW
PX-11199,Signals,Extreme,58.7,5.4,10.9,2,261,14.8,0.0,3.5,10.0,70.9,9.3,3.4,4.1,0.771,ELEVATED
PX-12072,Artillery,Medium,54.8,6.7,8.4,1,219,48.9,2.9,5.5,3.2,74.5,19.0,5.0,2.4,0.203,LOW
PX-14228,Combat Engineers,Extreme,63.4,13.9,7.4,3,178,13.9,0.8,5.8,8.4,85.2,14.8,3.1,4.6,0.503,MODERATE
PX-10142,Logistics & ASC,Low,40.5,0.0,3.3,2,108,48.0,3.0,8.5,0.0,93.8,25.1,3.4,2.0,0.02,LOW
PX-11088,Armored,Medium,52.7,3.0,8.3,2,230,32.5,2.0,7.0,2.9,78.4,16.0,2.6,2.8,0.141,LOW
PX-13835,Armored,Low,43.5,0.0,3.4,1,119,60.0,4.8,7.5,1.8,93.2,27.6,4.3,1.6,0.02,LOW
PX-14163,Artillery,High,61.6,10.8,12.0,2,272,15.3,0.7,5.8,6.1,67.0,14.6,3.3,3.9,0.568,MODERATE
PX-14823,Signals,Medium,50.0,0.0,3.7,5,132,45.3,4.3,6.6,3.4,75.2,26.6,4.0,2.8,0.02,LOW
PX-12621,Medical Corps,Medium,40.2,0.0,3.7,4,204,44.2,3.4,7.4,2.6,79.6,22.2,4.2,2.2,0.02,LOW
PX-11983,Infantry,Extreme,62.9,10.2,10.1,0,239,12.5,1.5,4.4,9.3,71.9,11.6,3.7,4.3,0.683,ELEVATED
PX-13688,Combat Engineers,Low,46.9,0.0,3.0,4,104,52.6,5.2,6.9,1.8,86.6,20.8,3.8,1.0,0.02,LOW
PX-12074,Artillery,High,63.9,15.2,15.3,3,365,11.7,0.9,4.0,9.4,66.7,10.0,4.4,3.4,0.778,ELEVATED
PX-10606,Logistics & ASC,Low,47.2,0.6,8.1,1,197,37.7,4.7,6.6,2.0,88.1,19.4,3.9,1.4,0.02,LOW
PX-12672,Artillery,Extreme,64.4,10.2,9.0,1,312,17.0,1.2,4.5,8.7,75.0,12.7,3.6,4.1,0.651,ELEVATED
PX-14200,Infantry,Medium,36.6,0.0,7.0,0,217,45.9,3.5,7.3,1.7,82.8,20.1,3.0,2.8,0.02,LOW
PX-12735,Armored,Medium,49.1,0.0,4.5,1,148,36.7,3.2,6.0,3.8,82.5,18.8,3.9,2.8,0.091,LOW
PX-13178,Infantry,High,58.2,5.4,15.5,2,365,11.7,2.4,6.5,4.4,68.8,13.5,3.0,3.2,0.41,MODERATE
PX-14578,Armored,Low,45.6,0.0,8.0,1,201,51.2,4.0,7.0,2.1,79.1,20.3,3.6,1.2,0.02,LOW
PX-13360,Artillery,Medium,49.3,1.2,5.4,2,159,45.8,3.7,6.9,1.1,89.7,23.3,3.6,2.0,0.02,LOW
PX-11883,Signals,High,54.5,8.0,8.1,3,206,27.4,3.9,5.5,5.6,69.6,18.9,3.7,4.0,0.332,LOW
PX-12136,Artillery,Low,46.9,0.0,2.6,0,110,50.0,3.8,7.1,0.7,84.9,26.1,3.8,1.3,0.02,LOW
PX-12536,Air Defense,High,65.1,13.0,7.2,3,265,27.9,0.1,4.1,9.4,63.0,8.4,4.0,3.6,0.692,ELEVATED
PX-14232,Signals,Medium,54.8,3.0,10.9,1,271,25.6,3.7,6.3,3.2,85.0,13.4,2.5,1.9,0.243,LOW
PX-13953,Signals,Extreme,68.3,15.6,7.0,2,175,16.1,1.2,4.2,10.0,66.0,16.2,3.9,4.9,0.63,MODERATE
PX-14382,Infantry,High,40.5,0.0,7.2,1,192,34.6,1.8,5.4,6.2,70.3,16.7,3.9,3.8,0.271,LOW
PX-12521,Combat Engineers,High,53.3,0.0,7.8,0,191,34.1,0.9,5.8,5.9,82.8,16.0,3.4,3.9,0.331,LOW
PX-14828,Air Defense,Medium,41.4,0.0,4.1,2,153,38.1,2.7,7.1,2.8,74.3,20.7,3.5,1.9,0.02,LOW
PX-13453,Infantry,Extreme,65.7,11.5,10.2,1,237,15.8,2.1,5.8,9.1,76.6,12.2,3.3,4.2,0.52,MODERATE
PX-11773,Logistics & ASC,Extreme,68.6,13.8,7.4,1,195,20.3,0.0,4.7,9.3,77.7,16.7,5.0,4.1,0.478,MODERATE
PX-12715,Infantry,Low,38.0,0.0,9.8,2,279,35.7,3.2,8.5,0.4,90.4,24.8,3.7,1.4,0.02,LOW
PX-12572,Signals,Low,37.0,0.0,7.3,3,281,42.5,3.2,6.6,1.9,83.4,19.7,3.8,2.1,0.023,LOW
PX-14442,Logistics & ASC,Medium,44.0,0.0,9.6,0,224,35.2,3.1,6.1,3.9,88.0,18.2,3.2,1.9,0.168,LOW
PX-11651,Artillery,Extreme,64.8,11.9,8.5,3,248,17.1,0.0,4.4,9.4,63.2,,4.5,4.9,0.637,MODERATE
PX-11228,Logistics & ASC,Medium,59.6,9.5,12.2,1,280,32.9,2.2,6.0,4.0,80.8,16.0,3.4,1.8,0.263,LOW
PX-11782,Artillery,High,55.6,6.1,5.8,2,160,41.4,1.3,6.5,4.0,83.0,,3.3,3.9,0.205,LOW
PX-12776,Signals,Low,42.5,0.0,7.7,0,327,39.6,3.3,7.5,0.5,84.6,21.6,3.6,1.0,0.02,LOW
PX-11986,Artillery,High,56.2,3.6,6.1,2,222,20.7,1.5,6.3,5.6,72.7,15.5,3.8,3.9,0.3,LOW
PX-14313,Air Defense,High,59.3,10.2,11.4,1,272,17.2,0.9,5.1,5.9,70.3,11.4,4.4,3.8,0.53,MODERATE
PX-10507,Air Defense,Medium,58.3,2.5,7.6,0,210,38.8,2.7,6.5,3.3,81.5,13.7,3.7,2.1,0.134,LOW
PX-14210,Signals,High,47.7,0.1,13.2,5,335,17.0,0.2,4.9,8.6,73.8,14.0,4.5,3.7,0.575,MODERATE
PX-11678,Logistics & ASC,Low,40.4,0.0,5.1,0,140,42.2,5.7,7.1,0.6,75.7,21.5,3.1,1.3,0.02,LOW
PX-11786,Artillery,Medium,42.8,0.0,5.7,1,167,42.6,4.2,7.1,1.6,83.4,22.4,3.4,2.0,0.02,LOW
PX-13652,Artillery,Extreme,55.4,4.0,8.8,0,253,10.9,1.4,4.9,6.8,64.9,17.9,4.9,4.6,0.457,MODERATE
PX-14721,Combat Engineers,Extreme,54.7,3.8,12.0,2,287,16.3,0.6,4.6,7.6,73.4,10.6,2.9,4.4,0.672,ELEVATED
PX-13689,Artillery,High,57.1,8.4,7.8,1,218,33.2,2.5,6.0,4.1,74.6,16.1,4.8,3.1,0.261,LOW
PX-12623,Logistics & ASC,Low,40.1,0.0,6.0,0,194,45.2,2.6,7.9,,93.8,27.0,3.9,1.5,0.02,LOW
PX-14285,Infantry,Medium,51.8,3.9,4.8,3,179,43.9,3.3,5.5,4.7,76.5,17.9,4.6,2.0,0.125,LOW
PX-11419,Medical Corps,Medium,45.5,0.0,12.2,3,271,16.9,4.3,5.9,3.8,77.4,17.2,4.0,3.0,0.3,LOW
PX-14972,Artillery,Extreme,56.6,5.8,10.2,5,264,16.1,0.8,5.8,6.7,72.3,15.5,4.8,4.1,0.431,MODERATE
PX-13393,Infantry,High,55.5,2.2,6.4,1,173,27.3,1.6,5.5,5.2,69.1,15.4,3.8,3.7,0.312,LOW
PX-10687,Medical Corps,Low,48.6,1.3,4.9,0,210,43.4,2.8,6.7,2.6,90.0,27.9,4.2,2.0,0.02,LOW
PX-13697,Infantry,High,53.7,5.4,9.9,1,229,24.2,1.6,6.1,4.8,72.1,14.7,3.3,3.4,0.367,LOW
PX-12754,Logistics & ASC,Medium,53.4,4.8,5.9,2,215,32.2,3.1,6.7,3.3,86.3,22.4,3.7,2.7,0.073,LOW
PX-10304,Logistics & ASC,Low,36.0,0.0,7.4,1,178,56.8,4.9,8.5,0.0,89.1,24.6,4.6,1.3,0.02,LOW
PX-11789,Infantry,Extreme,62.1,8.0,10.1,4,232,19.6,0.4,3.9,10.0,64.1,13.7,4.0,4.3,0.74,ELEVATED
PX-13420,Logistics & ASC,Low,48.5,0.0,2.5,2,119,60.0,4.6,7.1,0.0,85.1,20.3,4.4,1.7,0.02,LOW
PX-13540,Logistics & ASC,Low,48.1,1.5,4.8,2,143,54.7,4.8,7.1,0.7,89.0,16.6,2.5,2.0,0.02,LOW
PX-10416,Infantry,Low,41.6,0.0,4.0,0,128,40.9,3.7,7.6,0.5,85.6,22.1,3.5,2.0,0.02,LOW
PX-12114,Infantry,Extreme,72.8,16.8,7.2,1,206,28.8,0.3,3.5,10.0,66.3,9.7,4.3,4.6,0.735,ELEVATED
PX-10544,Infantry,High,62.2,9.4,9.2,6,211,37.6,2.1,4.6,,67.9,14.2,3.5,4.0,0.573,MODERATE
PX-10895,Logistics & ASC,Medium,46.5,0.0,5.9,2,219,38.6,3.1,6.5,2.6,81.1,22.9,3.5,2.5,0.02,LOW
PX-14406,Logistics & ASC,Medium,49.6,1.1,5.4,3,144,43.8,1.0,6.6,3.6,86.1,21.8,3.7,2.7,0.047,LOW
PX-14011,Infantry,High,57.9,2.6,6.6,4,221,32.1,0.9,5.7,6.5,81.4,14.6,3.3,3.1,0.318,LOW
PX-12100,Signals,Low,42.4,0.0,13.9,2,329,38.1,3.9,7.0,2.0,74.8,15.9,3.3,1.1,0.113,LOW
PX-12127,Artillery,Medium,46.9,0.1,8.7,2,209,38.4,3.7,6.1,4.0,68.8,19.3,3.6,3.0,0.158,LOW
PX-11590,Infantry,Medium,39.5,0.0,4.6,1,142,32.3,4.4,7.0,4.1,88.9,23.8,3.4,1.9,0.02,LOW
PX-10849,Medical Corps,Medium,57.1,9.0,5.0,0,187,34.9,4.0,6.6,3.6,83.8,15.8,3.2,2.8,0.109,LOW
PX-10157,Signals,Medium,47.6,0.0,4.0,1,124,38.4,4.2,6.1,3.9,75.6,25.9,4.3,2.5,0.02,LOW
PX-12173,Infantry,High,66.0,11.1,8.9,2,240,29.9,1.3,5.7,8.5,75.8,13.3,3.4,3.3,0.542,MODERATE
PX-11464,Signals,Medium,47.9,0.0,3.9,2,120,46.8,6.0,6.3,3.2,66.0,18.2,3.7,2.4,0.02,LOW
PX-11582,Armored,High,66.1,12.1,10.9,1,264,22.3,1.5,5.1,8.0,64.7,16.5,4.8,3.7,0.581,MODERATE
PX-14369,Armored,High,53.5,3.3,5.8,5,152,32.0,2.2,6.2,5.4,72.9,21.9,4.8,3.3,0.083,LOW
PX-11860,Combat Engineers,Medium,40.1,0.0,4.2,0,133,48.5,2.9,6.9,2.3,72.7,27.7,4.7,2.5,0.02,LOW
PX-13410,Signals,Medium,44.4,0.0,4.4,3,168,41.7,3.0,6.5,3.9,88.3,23.6,4.7,1.9,0.02,LOW
PX-11914,Infantry,High,56.9,7.1,6.8,0,218,34.9,0.0,5.9,5.9,76.5,20.0,3.2,3.9,0.375,LOW
PX-12559,Infantry,Extreme,63.3,8.3,8.3,3,251,16.3,0.0,5.1,8.5,78.2,9.4,4.0,4.3,0.55,MODERATE
PX-13147,Signals,Low,42.1,0.0,2.2,1,90,50.7,5.5,6.4,2.3,72.0,21.1,3.8,1.0,0.02,LOW
PX-14395,Armored,High,55.9,4.2,7.8,1,204,31.4,2.1,5.0,5.5,78.3,14.8,3.5,3.5,0.352,LOW
PX-13395,Logistics & ASC,Medium,49.8,1.7,4.5,1,167,37.4,3.3,7.0,2.4,70.5,24.3,4.6,2.6,0.02,LOW
PX-14780,Artillery,Medium,59.2,4.9,6.2,6,167,33.0,4.7,6.2,4.6,79.2,19.1,4.1,2.3,0.116,LOW
PX-12742,Infantry,Extreme,64.6,14.0,13.0,4,286,8.6,1.4,5.0,9.6,74.8,8.8,3.2,4.2,0.671,ELEVATED
PX-12457,Infantry,Extreme,61.3,9.7,7.1,4,183,13.6,1.2,4.0,9.3,68.3,11.6,3.7,4.6,0.56,MODERATE
PX-11549,Artillery,Medium,47.8,0.0,3.9,1,149,41.9,4.3,6.0,4.1,82.8,19.7,3.6,2.2,0.029,LOW
PX-12413,Combat Engineers,High,59.6,6.5,6.8,1,365,26.9,1.8,5.7,6.4,72.1,17.5,4.9,4.0,0.308,LOW
PX-10649,Infantry,Medium,37.7,0.0,10.1,3,294,34.7,4.2,7.1,3.2,91.5,21.4,4.2,2.4,0.065,LOW
PX-10099,Medical Corps,High,58.7,6.3,5.6,2,148,28.4,2.2,5.5,6.8,71.0,16.1,4.0,3.8,0.31,LOW
PX-11354,Logistics & ASC,Low,40.4,0.0,5.3,2,159,48.7,4.8,7.1,0.8,84.2,24.8,3.5,1.7,0.02,LOW
PX-10837,Medical Corps,Medium,54.3,3.3,4.1,3,205,46.2,2.4,6.0,,77.8,16.3,4.1,2.9,0.159,LOW
PX-10524,Infantry,Medium,48.1,0.5,4.3,3,174,55.4,4.7,6.1,4.8,76.1,20.5,4.0,2.7,0.069,LOW
PX-14852,Air Defense,Medium,47.9,1.8,7.8,3,194,29.8,2.4,6.0,3.0,95.9,18.4,4.0,2.3,0.061,LOW
PX-13292,Combat Engineers,High,60.0,9.6,5.6,3,151,25.3,1.0,4.5,5.2,70.7,14.7,4.5,3.9,0.395,MODERATE
PX-11982,Logistics & ASC,Low,44.7,0.0,3.3,0,119,56.4,3.9,6.5,0.9,80.0,23.5,4.2,1.5,0.02,LOW
PX-11492,Signals,High,57.9,4.7,10.5,3,288,26.3,0.8,5.8,4.8,84.8,15.2,3.4,3.2,0.442,MODERATE
PX-12168,Artillery,High,61.0,12.2,10.0,1,284,14.6,0.4,5.4,7.9,93.6,15.0,4.5,3.6,0.436,MODERATE
PX-13726,Medical Corps,Extreme,51.9,3.2,11.8,3,297,23.1,0.0,4.6,6.5,79.5,17.0,4.5,4.7,0.524,MODERATE
PX-11281,Armored,Medium,42.4,0.0,7.8,3,200,30.9,4.0,7.7,1.1,76.0,19.7,3.3,2.2,0.02,LOW
PX-11530,Artillery,Medium,55.1,6.6,9.1,4,227,26.6,3.4,6.6,3.3,79.2,16.7,4.3,2.1,0.073,LOW
PX-14422,Combat Engineers,High,62.9,11.2,8.5,4,238,26.0,0.0,5.1,8.4,74.5,15.9,4.3,3.1,0.435,MODERATE
PX-11426,Infantry,Medium,46.6,0.0,4.2,0,127,30.6,2.1,7.0,2.3,95.3,14.8,3.4,2.9,0.02,LOW
PX-11220,Infantry,High,51.7,6.1,7.1,0,193,20.8,3.1,6.2,5.8,82.8,22.6,4.3,3.3,0.11,LOW
PX-12606,Combat Engineers,Extreme,66.5,9.2,13.8,1,297,22.4,0.0,4.2,10.0,71.3,4.9,2.8,4.7,0.853,ELEVATED
PX-13463,Artillery,High,60.8,6.2,5.8,1,225,29.8,2.1,5.7,8.9,74.9,17.1,4.1,3.0,0.375,LOW
PX-14569,Combat Engineers,High,57.6,7.0,7.9,4,201,26.7,3.1,5.0,5.7,87.3,10.0,3.6,4.1,0.418,MODERATE
PX-13514,Logistics & ASC,Medium,51.6,2.7,4.3,2,167,36.6,4.0,6.1,4.2,73.7,19.8,3.1,2.6,0.033,LOW
PX-11669,Logistics & ASC,High,60.5,7.6,7.1,2,200,24.5,1.9,4.9,7.7,84.1,12.9,4.2,3.4,0.432,MODERATE
PX-14268,Air Defense,Extreme,64.7,9.2,8.1,2,228,20.6,0.0,5.2,8.2,,12.6,3.9,4.1,0.601,MODERATE
PX-10671,Combat Engineers,Extreme,65.1,9.2,8.6,2,236,25.1,1.4,4.7,9.2,65.2,14.3,4.0,4.1,0.627,MODERATE
PX-11713,Logistics & ASC,Medium,51.3,0.5,13.9,3,363,32.0,2.9,7.2,1.2,84.2,19.1,4.4,1.9,0.031,LOW
PX-12183,Infantry,High,58.7,8.4,5.6,2,164,28.8,1.6,5.1,6.1,68.7,15.8,3.1,3.8,0.421,MODERATE
PX-10628,Combat Engineers,Low,45.9,0.0,10.5,1,263,27.9,3.3,7.5,0.5,96.7,18.4,2.7,1.4,0.073,LOW
PX-14667,Artillery,Extreme,67.5,8.3,8.6,3,288,20.7,0.0,4.6,8.5,74.4,6.7,3.8,4.2,0.663,ELEVATED
PX-11821,Armored,Extreme,68.0,11.8,7.6,2,186,16.6,0.9,5.2,8.4,65.2,10.1,2.5,4.5,0.623,MODERATE
PX-10932,Armored,Medium,44.6,0.0,5.5,3,151,30.9,3.4,6.3,3.8,79.8,17.2,3.6,2.3,0.051,LOW
PX-13309,Infantry,Extreme,69.0,19.4,15.0,5,333,18.3,1.7,5.1,8.9,72.4,11.3,3.5,4.8,0.683,ELEVATED
PX-12915,Infantry,Extreme,68.5,14.2,13.7,2,350,11.3,0.3,4.7,9.7,70.5,9.6,3.1,4.7,0.749,ELEVATED
PX-14009,Combat Engineers,Low,40.5,0.0,6.0,1,159,45.1,3.8,7.2,1.4,89.5,23.4,4.5,1.2,0.02,LOW
PX-12410,Signals,Medium,54.0,3.2,9.0,1,212,39.5,2.5,7.2,2.5,94.0,17.2,3.4,2.6,0.095,LOW
PX-10823,Signals,Low,50.4,0.0,2.3,0,94,50.7,5.6,6.4,1.2,91.4,20.0,4.0,2.0,0.02,LOW
PX-12587,Infantry,Extreme,62.8,10.1,10.0,4,280,15.5,1.1,6.1,8.3,70.5,15.7,3.7,4.4,0.527,MODERATE
PX-14737,Infantry,Medium,51.7,1.0,5.0,3,146,33.4,2.2,6.7,2.0,82.2,18.2,3.9,2.2,0.02,LOW
PX-12720,Armored,Medium,49.1,3.6,5.1,4,170,45.0,5.1,6.6,2.6,87.6,22.2,3.6,2.9,0.024,LOW
PX-11400,Armored,Medium,47.9,0.4,6.8,0,177,32.8,2.1,6.2,4.6,81.5,18.0,3.9,2.2,0.135,LOW
PX-11980,Logistics & ASC,Extreme,56.4,7.8,13.9,3,331,18.5,1.0,5.5,7.5,69.0,13.4,2.5,4.3,0.564,MODERATE
PX-10945,Infantry,Medium,52.3,3.1,5.2,2,144,38.3,2.2,6.9,2.2,81.1,20.7,3.8,3.0,0.097,LOW
PX-10775,Logistics & ASC,Low,42.9,0.0,2.8,2,105,45.2,4.7,7.5,0.0,96.4,27.4,4.2,2.2,0.02,LOW
PX-10633,Artillery,Low,42.6,0.0,7.8,1,212,52.8,4.0,6.0,0.9,84.5,20.8,5.0,2.2,0.02,LOW
PX-14340,Infantry,Low,41.4,0.0,12.5,1,272,41.4,3.9,5.6,2.2,75.8,17.1,3.2,1.9,0.237,LOW
PX-14415,Air Defense,High,53.2,1.4,9.0,2,249,20.5,1.1,6.1,5.5,65.7,,3.6,3.9,0.324,LOW
PX-11962,Combat Engineers,High,55.4,3.3,7.7,1,207,28.2,1.6,5.6,4.6,76.6,16.2,3.7,4.0,0.322,LOW
PX-14938,Combat Engineers,Extreme,63.0,7.8,8.9,2,265,14.9,0.8,5.5,9.8,75.3,11.2,3.7,4.1,0.515,MODERATE
PX-10115,Logistics & ASC,High,59.0,4.0,7.9,0,198,23.5,2.5,4.5,6.7,88.8,10.5,3.2,3.5,0.407,MODERATE
PX-13076,Artillery,Low,43.1,0.3,6.5,1,168,38.6,5.6,6.6,1.6,70.9,17.8,2.4,2.0,0.05,LOW
PX-12716,Armored,High,55.5,5.2,7.5,0,215,23.4,1.3,4.9,6.9,74.3,17.5,4.7,3.4,0.362,LOW
PX-12524,Logistics & ASC,Low,43.9,0.8,3.5,2,136,60.0,4.7,6.9,0.0,89.7,22.0,5.0,1.2,0.02,LOW
PX-10116,Signals,Medium,41.6,0.0,4.4,2,137,39.2,2.9,6.4,2.2,78.7,25.2,3.6,2.8,0.02,LOW
PX-10278,Logistics & ASC,Low,36.0,0.0,2.0,1,147,51.1,5.6,6.1,3.1,91.9,16.6,2.8,1.6,0.034,LOW
PX-11355,Infantry,High,56.9,5.1,7.9,3,282,28.6,1.6,5.0,7.3,77.9,13.3,3.0,3.1,0.522,MODERATE
PX-11059,Signals,High,63.3,11.8,6.4,3,181,33.8,0.0,5.5,8.0,75.3,15.5,3.6,3.4,0.364,LOW
PX-13484,Signals,Medium,51.8,3.0,4.9,2,181,50.7,3.3,5.9,5.7,75.7,21.3,4.4,2.5,0.173,LOW
PX-14205,Signals,High,58.6,7.0,6.3,2,212,25.6,2.6,6.1,5.9,79.6,17.5,3.2,3.2,0.274,LOW
PX-12517,Infantry,High,53.0,4.3,6.3,1,241,23.3,1.7,4.6,6.1,86.7,11.9,4.1,3.2,0.396,MODERATE
PX-11642,Armored,Medium,51.2,3.8,4.3,1,142,34.1,2.9,6.5,2.5,86.0,23.2,4.1,2.7,0.02,LOW
PX-14385,Logistics & ASC,Medium,48.2,0.0,4.4,5,153,55.8,5.6,7.2,1.9,68.4,15.1,2.9,3.0,0.02,LOW
PX-11140,Artillery,Medium,39.4,0.0,5.6,2,164,43.7,3.6,7.3,3.2,67.7,25.7,4.0,2.5,0.02,LOW
PX-10009,Armored,Medium,41.2,0.0,3.8,1,169,37.5,2.7,7.5,0.7,69.1,,3.5,1.9,0.02,LOW
PX-13132,Infantry,Extreme,59.8,9.6,7.9,2,194,23.4,0.9,5.0,6.8,70.4,13.2,3.8,4.0,0.437,MODERATE
PX-13238,Artillery,High,57.3,7.7,6.7,1,211,30.5,2.4,5.4,6.7,78.1,15.1,4.5,3.8,0.316,LOW
PX-13912,Logistics & ASC,Medium,53.1,2.4,4.5,2,182,46.2,3.6,5.7,2.6,71.7,23.3,3.3,2.3,0.074,LOW
PX-13587,Armored,Medium,48.2,2.3,6.6,2,176,43.6,4.6,6.4,1.6,83.4,22.9,3.8,2.6,0.02,LOW
PX-11064,Artillery,Medium,47.3,0.0,6.5,4,179,50.1,5.3,6.5,3.2,82.6,22.3,4.2,2.4,0.061,LOW
PX-13294,Armored,High,54.2,3.8,11.0,1,261,25.3,2.3,5.1,6.8,72.2,12.4,4.0,3.9,0.508,MODERATE
PX-14534,Armored,Extreme,53.0,4.6,7.6,4,184,29.7,1.3,6.2,7.4,69.2,20.6,4.1,4.1,0.275,LOW
PX-10483,Artillery,Medium,58.6,7.6,4.4,1,165,44.5,2.6,5.7,4.2,84.7,13.4,2.9,2.9,0.199,LOW
PX-12026,Air Defense,High,60.5,8.2,7.1,1,274,29.2,1.6,6.3,5.3,66.7,15.3,4.2,3.0,0.317,LOW
PX-10918,Artillery,Extreme,59.7,10.7,12.7,1,274,22.4,2.9,4.7,8.0,79.0,11.6,3.6,4.2,0.518,MODERATE
PX-12162,Artillery,High,53.2,3.9,12.5,1,281,20.4,2.4,5.9,5.2,79.8,15.5,3.5,4.0,0.338,LOW
PX-11322,Infantry,Extreme,60.1,4.7,8.5,1,214,27.1,0.3,3.8,10.0,72.0,,4.0,4.1,0.721,ELEVATED
PX-11839,Signals,High,59.5,9.9,5.5,0,158,37.7,2.1,4.8,5.0,71.0,17.7,4.6,3.0,0.316,LOW
PX-14773,Armored,High,59.2,9.3,6.5,3,177,27.0,2.1,6.3,4.7,72.5,16.7,3.6,4.0,0.194,LOW
PX-13362,Combat Engineers,High,59.7,6.7,6.2,0,186,26.4,1.3,5.5,5.3,65.8,14.3,4.3,3.6,0.303,LOW
PX-11211,Air Defense,High,59.7,8.9,10.8,0,267,25.1,1.9,5.4,5.2,92.6,9.9,2.3,3.0,0.523,MODERATE
PX-10132,Combat Engineers,Medium,50.7,0.0,4.2,0,127,40.1,1.2,6.0,3.2,84.7,14.6,1.9,2.3,0.159,LOW
PX-12925,Combat Engineers,Medium,46.5,0.0,3.5,2,135,46.8,3.3,5.9,3.4,77.2,24.3,4.0,2.5,0.02,LOW
PX-14809,Combat Engineers,Extreme,61.2,11.0,8.3,6,227,24.5,1.2,5.2,9.4,77.7,14.8,3.7,4.1,0.531,MODERATE
PX-11539,Armored,High,51.1,3.0,7.8,5,213,31.3,2.4,6.6,3.4,82.7,19.4,2.8,3.8,0.19,LOW
PX-14428,Infantry,High,58.6,8.5,5.8,2,156,34.4,1.8,5.3,7.0,71.1,20.0,3.8,3.5,0.34,LOW
PX-12626,Combat Engineers,Extreme,57.5,6.8,7.2,1,181,16.3,1.8,5.7,6.8,72.1,,3.8,4.1,0.394,MODERATE
PX-12067,Medical Corps,High,48.5,3.2,10.3,1,231,20.2,1.3,6.3,4.5,78.8,14.9,2.9,4.1,0.315,LOW
PX-11399,Artillery,High,56.9,5.4,5.9,3,158,40.5,0.8,4.8,7.4,76.2,13.2,3.9,3.3,0.421,MODERATE
PX-10853,Logistics & ASC,Low,49.4,2.3,3.3,0,111,45.7,3.5,7.0,2.6,88.7,22.2,4.1,2.1,0.02,LOW
PX-12124,Artillery,Medium,55.3,8.4,4.0,1,117,44.6,2.2,5.8,3.5,78.5,16.9,3.7,1.8,0.148,LOW
PX-14386,Artillery,Extreme,71.8,16.7,9.3,5,267,21.4,0.0,4.7,10.0,70.7,8.3,3.3,4.5,0.78,ELEVATED
PX-13715,Air Defense,Low,50.5,0.5,7.1,3,285,45.2,1.9,6.8,1.4,86.1,16.7,2.6,1.6,0.167,LOW
PX-13364,Artillery,High,57.0,4.1,8.1,2,212,34.1,1.0,4.5,7.7,70.1,13.9,5.0,3.9,0.494,MODERATE
PX-12695,Infantry,High,59.4,8.5,11.6,2,280,20.3,2.0,5.5,5.4,79.4,19.1,3.8,3.7,0.473,MODERATE
PX-11453,Medical Corps,Low,37.6,0.0,10.3,2,274,28.7,5.8,6.4,4.0,76.3,20.9,4.5,1.9,0.041,LOW
PX-11848,Armored,Medium,50.9,1.1,5.7,3,166,43.8,2.8,5.6,2.5,77.7,19.7,4.1,3.0,0.117,LOW
PX-13454,Medical Corps,Low,42.3,0.0,5.5,2,158,43.0,5.8,6.6,0.7,90.5,20.9,2.8,1.1,0.02,LOW
PX-14760,Armored,Extreme,64.9,12.1,11.6,2,271,23.4,1.6,4.9,9.8,88.1,10.7,3.6,4.6,0.634,MODERATE
PX-13792,Infantry,Medium,50.4,0.0,4.3,1,143,40.2,3.8,6.9,2.4,,,3.9,2.6,0.02,LOW
PX-10303,Armored,Medium,51.2,4.3,10.4,0,251,27.1,3.5,6.3,4.1,82.1,17.6,3.4,2.8,0.176,LOW
PX-14191,Signals,Low,48.0,0.1,2.1,1,90,56.4,3.3,7.0,1.7,89.5,22.8,4.5,1.3,0.02,LOW
PX-13290,Artillery,High,58.5,7.2,6.3,0,204,36.8,0.1,5.0,5.7,69.0,18.1,4.2,3.1,0.458,MODERATE
PX-12902,Infantry,Extreme,75.0,22.6,9.2,2,262,15.5,0.0,3.5,10.0,67.0,7.2,3.6,3.9,0.755,ELEVATED
PX-10118,Armored,Low,51.2,2.7,4.8,0,198,47.4,3.3,6.9,1.4,84.5,18.8,2.8,1.3,0.043,LOW
PX-11619,Infantry,Medium,54.3,0.0,5.8,1,192,37.9,2.6,5.1,4.7,75.5,13.7,3.3,3.0,0.328,LOW
PX-12210,Medical Corps,Medium,40.5,0.0,4.8,2,216,45.8,4.9,6.7,1.5,78.6,,3.2,3.0,0.02,LOW
PX-11235,Infantry,Low,45.1,0.0,6.6,2,203,44.3,4.8,7.7,1.0,84.2,20.6,3.6,1.7,0.02,LOW
PX-10863,Combat Engineers,High,55.4,8.2,6.8,1,195,27.9,1.3,6.4,3.1,74.7,19.0,4.9,3.3,0.112,LOW
PX-11055,Signals,Low,46.6,0.0,5.2,0,150,36.8,4.2,6.5,2.9,70.8,21.9,5.0,1.0,0.02,LOW
PX-13268,Medical Corps,Medium,45.3,0.0,7.9,3,201,38.5,4.6,6.0,3.2,85.0,18.5,3.5,2.0,0.135,LOW
PX-14742,Air Defense,High,52.8,3.9,6.8,3,175,25.6,2.7,5.0,7.1,76.0,18.9,3.9,3.8,0.293,LOW
PX-14294,Air Defense,Medium,44.9,0.0,3.7,2,190,43.1,5.2,5.8,4.6,89.6,20.0,3.7,2.3,0.02,LOW
PX-13163,Signals,Low,43.9,0.0,2.8,0,95,53.8,4.9,7.3,1.8,90.5,21.4,4.2,2.0,0.02,LOW
PX-10952,Infantry,High,62.4,11.1,6.8,3,175,33.6,1.0,4.8,6.9,72.6,12.6,4.4,3.7,0.485,MODERATE
PX-13344,Armored,High,48.9,2.1,10.3,0,332,22.2,1.6,5.6,6.2,80.1,19.4,4.1,3.8,0.281,LOW
PX-14805,Signals,High,61.9,9.0,6.0,2,158,19.5,2.0,5.3,7.8,81.4,10.5,2.9,3.1,0.417,MODERATE
PX-11414,Infantry,High,55.1,7.9,8.6,2,211,29.4,2.9,6.1,4.1,76.2,12.4,3.6,3.6,0.3,LOW
PX-12792,Signals,Low,48.3,1.6,2.2,1,126,46.5,3.9,6.1,2.5,83.3,20.6,5.0,2.1,0.02,LOW
PX-10845,Logistics & ASC,High,59.1,6.4,6.9,1,234,37.3,2.0,5.1,8.4,77.4,12.2,3.0,3.8,0.521,MODERATE
PX-11640,Signals,Low,44.4,0.0,5.2,2,146,49.8,6.7,6.9,0.6,73.4,21.8,3.5,1.4,0.02,LOW
PX-10485,Armored,Extreme,64.9,11.9,8.1,2,225,18.7,1.5,5.0,8.5,63.8,14.4,4.1,4.0,0.607,MODERATE
PX-12717,Medical Corps,High,61.3,8.9,9.0,2,276,17.6,3.3,5.7,8.2,78.7,17.8,5.0,3.2,0.325,LOW
PX-14258,Medical Corps,Medium,53.2,1.9,14.8,4,326,20.8,2.1,7.3,2.7,82.9,20.0,5.0,1.9,0.165,LOW
PX-13254,Infantry,High,68.0,15.4,7.7,1,219,37.3,2.7,4.7,9.4,61.1,8.3,2.8,3.4,0.674,ELEVATED
PX-11457,Armored,High,58.9,7.8,9.2,2,220,27.3,0.9,5.2,5.2,66.1,13.7,3.3,3.9,0.482,MODERATE
PX-13127,Infantry,High,58.7,7.9,6.3,3,179,40.2,2.4,5.6,5.5,69.8,10.9,3.1,3.7,0.401,MODERATE
PX-14873,Combat Engineers,Medium,43.3,0.0,12.5,0,298,29.0,3.0,6.1,2.3,66.7,12.7,3.4,2.1,0.258,LOW
PX-12008,Infantry,Low,43.3,0.0,2.8,1,97,45.0,5.8,6.8,1.1,79.7,18.6,2.9,1.9,0.02,LOW
PX-10010,Artillery,Medium,40.3,0.0,5.5,2,192,36.4,3.4,6.7,2.3,86.0,22.7,4.1,2.1,0.02,LOW
PX-13318,Infantry,Medium,53.5,7.6,7.6,1,197,35.2,4.7,5.9,3.6,79.7,13.4,3.2,2.6,0.245,LOW
PX-13746,Artillery,High,45.4,0.0,5.9,3,173,38.8,0.9,7.4,3.4,86.8,20.3,3.8,3.6,0.113,LOW
PX-14843,Armored,High,51.1,0.7,14.0,5,324,20.5,1.7,5.4,5.8,65.7,17.5,3.4,3.3,0.419,MODERATE
PX-13378,Armored,Medium,60.7,8.2,7.3,1,178,32.8,1.2,5.4,6.1,75.3,15.1,3.5,2.2,0.267,LOW
PX-13987,Armored,Extreme,64.2,12.6,7.4,2,180,9.8,1.3,4.0,10.0,68.3,7.2,2.9,4.6,0.685,ELEVATED
PX-10123,Armored,High,53.5,2.9,12.7,1,275,20.7,2.1,6.0,6.4,71.6,14.3,3.0,3.9,0.415,MODERATE
PX-11891,Signals,Low,38.8,0.0,15.5,1,324,32.9,4.1,6.5,1.4,92.6,,3.0,1.3,0.135,LOW
PX-11433,Infantry,Extreme,56.9,4.3,10.5,6,280,19.0,1.9,5.5,6.3,67.6,13.8,4.4,4.1,0.397,MODERATE
PX-12608,Signals,Low,47.6,3.4,6.6,1,164,51.5,4.2,7.6,0.0,79.0,22.2,4.8,2.0,0.02,LOW
PX-11985,Logistics & ASC,Medium,53.9,6.3,5.7,1,175,44.3,3.3,6.4,4.0,81.5,17.3,4.7,2.6,0.052,LOW
PX-12190,Infantry,High,57.4,10.3,6.1,4,158,25.5,1.2,5.5,5.5,76.3,14.8,3.5,3.6,0.332,LOW
PX-13906,Air Defense,Medium,57.1,8.7,4.9,1,133,41.6,3.2,6.0,4.2,76.2,14.9,3.1,2.6,0.11,LOW
PX-13198,Infantry,High,59.3,6.7,9.7,1,219,18.4,1.1,5.4,4.2,86.2,9.9,2.6,3.9,0.44,MODERATE
PX-10971,Infantry,Low,42.9,0.0,3.1,1,191,53.9,5.0,6.6,1.9,82.8,26.0,3.3,1.5,0.02,LOW
PX-12760,Signals,Medium,54.7,4.7,5.1,1,177,35.2,4.1,5.6,3.2,81.1,19.9,4.4,2.1,0.05,LOW
PX-12573,Air Defense,Medium,53.4,2.6,4.1,2,167,45.3,2.5,6.4,2.9,84.6,21.1,3.7,1.9,0.02,LOW
PX-13832,Armored,Low,49.5,3.4,2.0,1,101,47.3,2.4,6.6,3.0,79.6,22.5,4.0,1.6,0.02,LOW
PX-11405,Artillery,High,49.2,1.5,8.4,0,200,30.6,2.6,6.8,,81.3,18.4,4.1,4.1,0.139,LOW
PX-10083,Infantry,Low,41.2,0.0,4.4,3,196,52.1,2.9,6.4,2.3,77.5,19.1,3.7,1.4,0.026,LOW
PX-11436,Infantry,High,58.1,10.3,10.2,1,240,28.6,1.2,5.2,6.6,77.4,16.4,3.7,3.4,0.381,MODERATE
PX-11792,Infantry,High,60.9,4.0,8.7,1,208,20.0,1.3,5.5,6.1,76.4,,4.2,3.0,0.436,MODERATE
PX-13622,Armored,Medium,52.0,5.2,4.6,1,132,42.9,3.6,6.0,3.5,75.9,22.8,4.3,2.3,0.129,LOW
PX-13550,Logistics & ASC,Medium,47.7,0.0,3.9,0,131,49.7,2.0,6.3,1.8,75.9,21.5,3.7,2.9,0.067,LOW
PX-12988,Infantry,High,50.9,1.7,5.9,0,159,19.1,4.2,6.9,4.4,80.7,23.3,4.4,3.8,0.02,LOW
PX-14636,Artillery,High,55.8,4.8,5.9,2,201,32.7,1.8,6.0,3.6,69.0,16.4,3.4,3.4,0.229,LOW
PX-12319,Logistics & ASC,Low,37.7,0.0,13.5,0,300,29.7,4.1,8.5,0.0,81.5,25.9,3.8,1.2,0.02,LOW
PX-13494,Infantry,High,57.4,8.3,6.1,5,171,40.6,0.8,4.8,6.9,72.7,15.2,4.3,3.2,0.43,MODERATE
PX-10707,Air Defense,High,50.0,0.0,6.5,2,176,27.0,2.2,5.9,3.7,72.1,18.5,4.5,3.1,0.206,LOW
PX-13894,Logistics & ASC,Medium,49.9,0.0,3.8,1,142,44.8,4.1,5.9,3.3,71.1,20.9,4.0,2.3,0.084,LOW
PX-11435,Medical Corps,Medium,49.7,1.1,5.2,4,184,34.9,4.8,7.0,2.2,83.9,22.5,4.1,2.1,0.02,LOW
PX-12470,Armored,Medium,52.1,5.0,5.5,3,151,36.4,2.6,6.2,2.3,85.3,20.3,3.9,2.1,0.02,LOW
PX-12662,Artillery,High,55.7,6.8,9.3,1,241,23.6,1.9,6.0,5.5,76.3,19.1,3.5,3.7,0.354,LOW
PX-14959,Signals,Low,43.5,0.0,4.8,1,149,41.8,4.6,7.2,0.1,81.9,,4.1,1.6,0.02,LOW
PX-11709,Artillery,Medium,50.0,6.7,5.1,3,161,42.8,2.3,6.4,2.5,78.3,21.1,3.8,2.7,0.024,LOW
PX-10360,Logistics & ASC,Medium,56.3,4.9,18.0,0,365,29.5,1.3,7.4,3.0,86.9,11.9,3.8,2.2,0.28,LOW
PX-14689,Signals,Low,37.2,0.0,2.6,2,100,41.9,2.7,6.8,2.5,78.1,23.8,3.4,2.2,0.02,LOW
PX-12396,Artillery,Medium,46.3,0.0,4.9,0,143,42.3,5.5,6.1,2.9,85.1,19.4,4.0,2.5,0.02,LOW
PX-12589,Armored,Medium,51.9,2.1,13.8,2,321,31.4,4.5,6.4,2.8,82.6,20.5,4.5,2.7,0.225,LOW
PX-13542,Logistics & ASC,Low,43.9,0.0,3.5,5,121,46.4,2.1,6.1,1.4,82.7,21.0,3.6,1.6,0.02,LOW
PX-14160,Combat Engineers,Medium,43.5,0.0,4.4,1,124,37.5,1.3,6.1,3.1,74.0,20.8,3.6,2.4,0.084,LOW
PX-12651,Armored,Medium,38.7,0.0,12.1,3,320,35.8,3.7,7.9,1.3,77.8,20.3,2.4,2.1,0.085,LOW
PX-12282,Artillery,Medium,49.9,0.0,7.6,1,246,38.0,3.8,7.1,,79.8,18.1,3.4,1.9,0.024,LOW
PX-13376,Infantry,High,62.0,11.2,9.0,4,231,20.1,2.5,5.6,7.3,73.5,20.7,4.3,3.9,0.493,MODERATE
PX-14040,Armored,Low,48.2,1.9,2.5,5,93,52.1,3.7,6.8,1.2,86.9,22.0,3.8,1.6,0.02,LOW
PX-12861,Combat Engineers,Low,47.0,0.0,3.9,4,135,44.9,3.4,6.9,2.4,80.5,19.0,3.6,1.1,0.02,LOW
PX-11024,Signals,High,56.9,7.1,7.8,2,185,36.9,1.8,6.0,6.7,61.9,14.7,3.7,3.1,0.313,LOW
PX-11014,Artillery,Low,36.0,0.0,7.6,1,199,48.4,5.3,8.0,0.2,80.4,25.7,3.9,1.6,0.02,LOW
PX-13557,Logistics & ASC,Medium,52.8,4.5,8.7,1,250,32.9,4.6,6.1,4.6,91.1,17.1,3.7,2.7,0.202,LOW
PX-14220,Infantry,Extreme,59.7,8.0,9.9,5,263,19.9,3.7,4.4,9.1,75.6,14.7,3.7,4.1,0.591,MODERATE
PX-10219,Artillery,Low,47.6,0.0,8.1,2,197,32.4,5.6,6.7,0.9,76.5,19.7,4.1,1.1,0.02,LOW
PX-14076,Signals,High,61.3,12.5,6.3,2,182,26.3,1.2,5.8,7.0,78.8,14.4,4.1,3.5,0.349,LOW
PX-10609,Armored,High,61.2,11.3,5.6,3,160,33.7,3.4,4.9,7.3,77.2,12.8,2.8,4.0,0.462,MODERATE
PX-11048,Logistics & ASC,Low,38.7,0.0,3.1,1,121,53.7,5.8,7.3,2.3,78.7,27.7,3.4,1.2,0.02,LOW
PX-12753,Infantry,Extreme,56.4,6.7,8.5,3,254,30.3,1.1,4.0,8.5,62.9,14.2,4.2,4.6,0.615,MODERATE
PX-13541,Combat Engineers,Low,47.0,0.0,5.4,0,144,53.0,3.3,6.1,1.0,76.5,21.9,3.9,1.1,0.02,LOW
PX-11381,Infantry,Extreme,57.5,4.5,7.5,2,202,15.0,0.1,5.3,7.3,69.8,20.2,4.4,4.6,0.464,MODERATE
PX-13848,Infantry,Extreme,59.5,10.9,9.5,2,216,20.8,0.7,5.4,7.2,73.6,13.7,3.5,4.4,0.463,MODERATE
PX-11416,Combat Engineers,High,56.1,6.9,5.6,2,212,39.8,2.4,5.6,5.3,79.8,14.4,4.1,3.2,0.203,LOW
PX-14744,Infantry,Extreme,58.9,8.4,10.7,0,280,12.2,0.4,4.7,7.2,68.2,11.2,3.5,4.3,0.593,MODERATE
PX-12877,Armored,High,58.4,6.8,6.7,2,173,24.1,1.1,4.3,8.3,78.2,13.7,3.6,4.1,0.501,MODERATE
PX-12950,Infantry,High,54.2,7.6,8.5,2,203,29.0,1.0,5.3,5.5,68.5,15.0,3.5,3.5,0.383,MODERATE
PX-12255,Combat Engineers,Low,46.3,0.0,5.3,2,157,47.6,2.7,6.2,1.8,85.1,18.3,3.5,1.7,0.027,LOW
PX-14026,Signals,Medium,57.3,6.2,7.7,1,186,35.0,3.2,6.3,3.6,79.5,16.0,4.0,2.4,0.117,LOW
PX-11621,Armored,Medium,50.1,2.9,3.8,6,152,47.1,3.1,6.4,2.6,85.2,25.5,4.1,2.1,0.02,LOW
PX-12142,Air Defense,High,56.2,7.4,5.8,1,223,27.4,1.0,5.6,6.5,78.6,19.9,5.0,3.6,0.323,LOW
PX-10422,Infantry,Extreme,75.5,19.2,12.8,3,337,10.2,0.8,3.6,10.0,64.2,3.7,3.4,4.6,0.868,ELEVATED
PX-10029,Signals,Low,46.9,0.0,5.1,1,144,51.3,3.3,8.0,0.2,78.9,30.0,4.6,1.1,0.02,LOW
PX-10443,Infantry,High,55.8,4.2,6.2,1,170,30.3,1.7,5.3,4.5,90.9,14.3,4.0,3.9,0.25,LOW
PX-14477,Infantry,Extreme,56.8,8.5,8.7,2,281,15.8,0.3,5.9,7.3,66.9,20.3,4.0,3.9,0.404,MODERATE
PX-11421,Armored,High,41.5,0.0,9.5,1,216,32.7,0.6,5.5,5.1,75.7,14.6,3.7,3.5,0.261,LOW
PX-12409,Logistics & ASC,Low,50.6,1.8,4.7,0,188,58.7,3.0,7.1,1.0,94.3,20.0,3.7,2.0,0.02,LOW
PX-10973,Logistics & ASC,Extreme,63.3,12.0,9.8,4,229,19.5,1.5,4.9,8.9,78.4,16.5,4.4,4.5,0.566,MODERATE
PX-10813,Combat Engineers,High,53.8,3.4,7.0,5,227,24.3,3.5,4.8,6.4,71.8,15.5,3.8,4.0,0.394,MODERATE
PX-10073,Infantry,High,48.0,0.0,12.3,5,269,32.6,2.1,6.0,5.8,87.8,16.3,3.4,3.2,0.336,LOW
PX-10281,Infantry,Medium,48.9,0.5,3.6,3,158,45.2,2.6,6.7,3.4,83.8,22.2,4.5,2.6,0.02,LOW
PX-11191,Artillery,Low,36.0,0.0,6.3,3,165,48.2,4.5,8.1,0.2,89.9,30.0,3.1,1.4,0.02,LOW
PX-12690,Medical Corps,Low,39.5,0.0,5.3,0,175,53.9,4.0,7.0,2.3,82.3,22.5,3.8,1.9,0.02,LOW
PX-14051,Signals,Medium,56.1,9.4,3.7,2,183,42.6,3.6,6.2,2.9,80.5,19.2,4.2,3.0,0.091,LOW
PX-11675,Logistics & ASC,Low,37.7,0.0,2.6,1,107,49.1,4.5,6.9,1.9,90.4,25.5,3.5,1.1,0.02,LOW
PX-11244,Artillery,Medium,46.5,0.0,6.6,3,185,32.9,3.2,7.6,1.1,87.2,19.2,2.6,2.9,0.02,LOW
PX-13233,Infantry,High,61.0,7.8,7.5,1,231,34.3,1.0,4.8,,72.3,9.5,3.7,3.2,0.526,MODERATE
PX-11624,Artillery,Low,39.6,0.0,3.5,1,172,45.9,3.5,8.3,0.0,80.3,30.0,3.8,1.4,0.02,LOW
PX-10184,Air Defense,Low,49.1,0.0,5.0,2,227,46.9,3.2,6.6,0.2,75.4,23.9,4.0,1.5,0.02,LOW
PX-12834,Signals,Medium,53.4,5.8,10.3,2,235,31.9,2.3,5.9,4.5,78.8,17.2,4.0,2.3,0.205,LOW
PX-11410,Air Defense,Low,42.9,0.0,4.7,3,135,54.5,2.8,7.3,0.6,92.6,26.4,3.3,2.2,0.02,LOW
PX-11135,Artillery,Medium,52.9,3.2,4.1,3,129,41.6,4.1,6.2,2.6,85.4,20.0,4.2,2.5,0.02,LOW
PX-14183,Armored,Extreme,64.3,10.1,7.8,3,194,18.2,1.5,5.1,8.4,74.5,10.8,2.6,3.9,0.519,MODERATE
PX-11313,Infantry,Medium,47.3,2.1,5.9,2,167,44.5,2.2,6.9,3.2,91.5,23.5,4.2,2.3,0.02,LOW
PX-13104,Signals,Medium,50.8,4.5,4.6,3,148,44.3,3.5,6.5,2.3,75.1,19.8,4.4,2.1,0.02,LOW
PX-14083,Artillery,Medium,51.3,1.2,7.2,1,192,37.8,2.0,6.4,2.8,81.3,23.6,4.3,2.8,0.097,LOW
PX-11532,Combat Engineers,High,63.4,12.8,5.8,5,194,22.7,1.5,4.7,8.6,69.1,14.1,4.2,3.5,0.43,MODERATE
PX-13317,Infantry,Extreme,58.0,10.0,12.9,0,288,9.7,1.7,5.0,6.7,70.0,14.9,4.2,4.2,0.468,MODERATE
PX-14842,Artillery,Medium,54.5,7.3,3.6,0,144,40.2,2.0,6.0,3.8,86.5,16.5,2.7,2.0,0.123,LOW
PX-13058,Infantry,High,55.2,4.4,8.0,2,190,21.4,2.1,5.7,6.2,71.8,13.3,2.4,3.9,0.453,MODERATE
PX-10397,Artillery,Medium,47.0,0.0,6.5,1,224,41.8,2.5,6.6,3.5,84.1,17.8,3.1,2.5,0.064,LOW
PX-12984,Infantry,Extreme,60.4,10.6,13.6,1,293,5.0,2.3,5.3,10.0,67.2,10.8,3.2,4.5,0.632,MODERATE
PX-14552,Infantry,High,60.1,8.9,7.3,3,224,39.4,2.5,6.1,5.9,78.0,19.2,4.2,3.6,0.266,LOW
PX-10094,Artillery,Extreme,64.6,11.5,7.3,3,181,23.2,0.3,5.0,10.0,72.8,7.0,3.9,4.1,0.629,MODERATE
PX-14048,Artillery,Extreme,63.5,10.9,7.3,4,189,16.1,1.6,4.9,9.1,66.7,14.1,3.1,4.7,0.629,MODERATE
PX-10375,Infantry,High,57.1,5.4,5.8,4,202,54.1,0.0,6.0,5.5,70.7,12.9,3.7,3.5,0.35,LOW
PX-13414,Artillery,Low,50.6,3.5,3.0,4,99,43.6,5.9,7.3,0.7,72.6,21.5,3.1,1.5,0.02,LOW
PX-12379,Signals,Medium,50.3,1.3,9.6,1,251,35.1,1.7,5.7,3.0,77.2,16.3,5.0,2.3,0.25,LOW
PX-10120,Combat Engineers,High,52.9,4.2,5.8,0,156,23.4,0.5,5.1,5.2,78.4,8.7,3.7,3.9,0.298,LOW
PX-14729,Armored,Extreme,54.2,3.0,10.9,0,295,13.3,1.1,5.5,6.6,71.1,18.2,4.1,4.7,0.455,MODERATE
PX-13526,Infantry,Extreme,61.2,8.0,7.6,2,185,31.4,0.6,4.7,10.0,66.7,13.0,3.6,4.5,0.545,MODERATE
PX-14114,Air Defense,Medium,42.3,0.0,9.3,1,229,26.2,2.9,6.6,0.4,87.0,17.2,3.0,2.5,0.089,LOW
PX-10287,Artillery,High,52.4,5.1,12.0,2,298,20.9,1.2,4.8,6.9,73.0,10.9,3.9,4.0,0.572,MODERATE
PX-12223,Infantry,Medium,53.3,5.6,5.1,1,173,38.2,2.4,5.5,4.1,78.9,17.1,4.3,2.8,0.26,LOW
PX-11730,Medical Corps,High,56.5,3.1,7.4,0,192,31.5,3.0,5.6,6.5,71.4,13.5,4.0,3.8,0.314,LOW
PX-10433,Air Defense,Medium,46.6,0.0,7.0,3,171,41.5,3.2,6.2,3.5,83.6,22.7,3.4,3.0,0.11,LOW
PX-12454,Combat Engineers,Extreme,59.0,3.7,7.1,0,217,22.9,0.9,5.0,7.9,69.3,14.8,3.7,4.1,0.542,MODERATE
PX-11740,Infantry,High,60.2,8.0,11.9,1,281,16.4,1.6,5.4,7.7,76.9,13.2,2.9,3.1,0.634,MODERATE
PX-14257,Armored,Extreme,74.4,19.1,7.6,3,205,17.1,1.7,4.0,10.0,71.1,9.0,4.3,4.9,0.73,ELEVATED
PX-10872,Medical Corps,Low,50.3,0.2,3.2,3,110,45.1,4.9,6.0,2.0,85.3,22.5,4.3,1.4,0.02,LOW
PX-14530,Air Defense,High,58.2,7.1,8.7,2,220,33.5,0.2,6.1,6.3,80.1,12.8,4.2,4.1,0.331,LOW
PX-12277,Infantry,High,55.7,5.1,6.1,2,157,36.3,2.1,6.1,3.4,79.5,11.7,2.4,3.8,0.273,LOW
PX-11206,Combat Engineers,High,61.8,10.3,7.6,0,182,31.7,2.2,4.9,8.0,76.0,12.6,3.6,3.3,0.475,MODERATE
PX-12426,Infantry,Extreme,60.9,12.7,8.0,1,203,20.2,1.2,4.5,9.6,66.8,10.4,3.9,3.8,0.618,MODERATE
PX-12542,Artillery,High,58.5,8.0,5.9,2,151,32.4,1.9,6.1,4.9,81.4,17.9,4.3,3.3,0.132,LOW
PX-10839,Armored,Medium,51.5,1.5,6.5,1,194,45.0,3.9,6.2,4.1,86.0,15.3,3.2,3.0,0.138,LOW
PX-11335,Logistics & ASC,Medium,52.3,3.1,12.6,1,293,17.3,2.5,6.3,3.8,79.2,15.9,3.5,2.9,0.27,LOW
PX-13434,Infantry,Extreme,60.3,5.6,10.9,2,267,8.4,0.0,4.3,10.0,62.4,9.4,3.8,3.9,0.776,ELEVATED
PX-14586,Armored,Medium,55.2,8.0,3.6,2,140,34.0,2.2,6.3,2.7,82.5,16.6,4.0,2.4,0.058,LOW
PX-11924,Infantry,Medium,58.7,8.6,7.0,1,182,31.4,3.6,6.0,3.8,85.6,18.3,3.1,2.5,0.171,LOW
PX-12412,Armored,Low,36.6,0.0,5.6,2,149,39.1,5.1,8.1,0.0,88.3,25.4,4.1,1.7,0.02,LOW
PX-10305,Armored,High,51.0,5.1,7.3,2,180,37.7,0.9,5.7,4.7,87.1,14.6,3.5,3.6,0.215,LOW
PX-14238,Combat Engineers,Extreme,65.8,14.1,9.4,1,268,14.4,0.6,5.2,9.4,71.4,10.6,4.0,4.7,0.683,ELEVATED
PX-13517,Infantry,Medium,49.8,0.0,5.0,1,138,39.2,3.3,6.3,,77.1,18.8,3.1,2.9,0.037,LOW
PX-14439,Artillery,Medium,48.2,1.3,4.4,1,127,40.5,4.2,6.6,3.8,75.1,16.4,3.5,3.0,0.02,LOW
PX-10789,Combat Engineers,High,57.5,6.7,10.2,1,256,24.8,2.2,4.9,6.9,68.3,17.7,4.1,3.0,0.459,MODERATE
PX-11287,Artillery,Extreme,62.7,6.1,10.4,2,263,22.6,1.9,5.3,7.1,68.2,14.9,3.8,3.9,0.534,MODERATE
PX-13137,Infantry,Low,47.1,0.0,2.9,1,108,45.9,3.7,7.9,0.0,84.3,30.0,4.4,1.2,0.02,LOW
PX-12231,Signals,Low,42.5,0.0,4.6,0,146,48.9,4.7,7.6,2.0,99.9,28.0,4.7,2.1,0.02,LOW
PX-11911,Infantry,High,57.6,7.4,9.0,2,268,17.9,1.0,4.9,7.3,85.0,16.2,4.2,3.5,0.429,MODERATE
PX-13057,Infantry,Medium,40.2,0.0,5.9,1,173,45.2,2.7,7.0,2.3,96.0,21.5,3.8,2.6,0.02,LOW
PX-14881,Combat Engineers,Medium,52.0,3.2,3.8,0,117,43.7,1.9,6.6,3.5,76.1,17.4,3.6,2.4,0.05,LOW
PX-14980,Logistics & ASC,Low,36.0,0.0,2.2,3,88,48.5,4.0,6.7,1.3,96.1,25.2,3.8,1.5,0.02,LOW
PX-10889,Signals,Low,46.5,0.0,2.8,0,108,41.7,2.4,7.6,0.0,92.4,25.0,3.0,1.4,0.02,LOW
PX-12108,Artillery,Medium,42.3,0.0,6.6,2,197,34.8,1.4,7.2,2.7,83.4,21.6,3.2,2.1,0.07,LOW
PX-14625,Combat Engineers,High,59.6,7.9,5.9,3,154,27.3,2.4,6.0,6.0,76.3,14.2,3.1,3.0,0.254,LOW
PX-12423,Infantry,High,52.5,2.2,12.4,1,284,30.8,2.1,4.9,6.0,59.0,14.4,4.2,3.1,0.438,MODERATE
PX-14690,Armored,Medium,50.0,3.8,7.8,1,198,44.9,3.0,5.3,4.6,78.1,16.5,3.2,2.4,0.34,LOW
PX-14304,Infantry,Low,45.7,0.0,2.2,3,182,50.2,4.5,7.2,1.7,83.7,26.9,4.6,1.1,0.02,LOW
PX-11427,Infantry,High,56.4,6.1,5.6,2,149,27.3,2.6,4.8,7.5,82.5,14.7,3.4,3.6,0.361,LOW
PX-13088,Combat Engineers,High,54.4,0.8,5.9,5,192,27.7,2.8,6.3,5.3,60.7,19.9,4.0,4.0,0.188,LOW
PX-12825,Signals,Low,43.2,0.0,3.2,1,110,60.0,4.2,7.3,0.0,91.4,21.6,2.9,2.1,0.02,LOW
PX-13998,Artillery,Extreme,67.8,11.8,8.0,3,221,27.6,0.0,5.7,10.0,87.9,14.3,5.0,4.9,0.489,MODERATE
PX-12973,Logistics & ASC,Low,51.0,3.5,5.7,2,184,43.6,3.4,6.7,0.3,87.2,15.6,3.0,1.3,0.05,LOW
PX-13204,Logistics & ASC,Low,36.0,0.0,5.1,1,139,41.3,4.1,7.3,1.2,77.6,25.3,3.8,2.0,0.02,LOW
PX-11787,Signals,Medium,55.1,4.1,4.2,2,209,46.9,2.2,6.1,3.8,65.2,17.0,3.6,2.0,0.134,LOW
PX-11694,Signals,Medium,41.7,0.0,5.4,0,152,43.6,2.9,7.4,2.9,79.0,24.2,3.6,2.7,0.02,LOW
PX-14609,Medical Corps,Medium,62.7,11.9,3.7,2,117,37.9,2.3,5.6,5.9,82.7,18.9,4.3,1.9,0.22,LOW
PX-14017,Armored,Medium,45.6,0.0,17.7,2,365,27.1,2.8,7.7,0.9,,24.8,4.0,3.0,0.068,LOW
PX-14648,Artillery,Medium,46.5,0.0,5.1,1,146,37.4,3.4,6.1,3.1,89.2,23.3,4.5,2.1,0.02,LOW
PX-12262,Armored,High,60.4,8.4,5.6,2,182,26.7,1.3,5.5,6.6,74.7,11.4,2.8,4.1,0.362,LOW
PX-11780,Infantry,High,60.3,9.3,9.4,2,323,13.7,0.8,5.6,7.6,75.3,12.7,3.6,3.3,0.449,MODERATE
PX-12897,Infantry,Low,41.4,0.0,3.9,1,119,47.7,5.5,8.3,0.0,66.5,22.3,3.9,1.9,0.02,LOW
PX-14264,Signals,Low,38.8,0.0,3.5,3,109,60.0,2.9,8.1,1.2,87.9,30.0,4.3,1.7,0.02,LOW
PX-14443,Logistics & ASC,Low,37.2,0.0,2.1,0,92,55.6,5.5,6.5,1.1,74.6,25.1,3.8,1.7,0.02,LOW
PX-13447,Signals,Medium,54.7,4.0,5.5,2,173,44.3,3.5,5.5,3.4,78.7,14.5,3.3,2.0,0.156,LOW
PX-12773,Infantry,Extreme,61.9,10.7,7.6,1,221,24.9,1.0,4.6,9.7,73.6,13.7,4.0,4.2,0.551,MODERATE
PX-10766,Infantry,High,63.7,11.7,6.2,3,176,38.0,0.7,5.8,6.8,83.9,12.1,3.4,3.0,0.365,LOW
PX-11910,Infantry,High,61.3,9.9,8.3,2,264,29.4,0.0,5.3,7.3,65.8,17.7,4.5,3.6,0.518,MODERATE
PX-13319,Artillery,Medium,41.4,0.0,4.4,3,168,34.0,3.4,6.3,2.0,90.6,23.8,4.2,2.7,0.02,LOW
PX-11500,Signals,High,60.5,7.9,13.3,2,334,15.8,0.8,6.3,6.6,71.2,11.2,4.1,3.5,0.557,MODERATE
PX-11307,Signals,High,68.7,13.6,7.7,5,232,28.2,0.7,5.0,6.1,68.9,9.5,3.3,3.1,0.546,MODERATE
PX-10862,Air Defense,High,49.3,0.0,9.0,2,247,33.2,1.0,6.0,5.2,65.3,14.2,2.3,4.0,0.339,LOW
PX-13398,Signals,Extreme,62.7,9.9,9.3,2,242,21.5,0.6,4.8,7.7,73.4,14.2,4.1,4.0,0.502,MODERATE
PX-11998,Logistics & ASC,High,59.8,9.5,16.5,3,345,21.3,2.7,4.9,5.3,83.7,13.1,3.9,3.8,0.548,MODERATE
PX-10886,Artillery,Medium,56.4,6.2,4.2,3,149,45.1,2.6,6.8,3.7,80.6,19.9,4.6,3.0,0.079,LOW
PX-13925,Combat Engineers,High,65.8,14.0,8.1,3,231,25.3,0.5,4.4,7.7,85.6,9.8,4.2,4.0,0.594,MODERATE
PX-10137,Armored,Low,43.7,0.5,8.6,4,213,42.7,2.8,6.7,0.8,76.4,18.9,4.1,2.1,0.03,LOW
PX-10294,Logistics & ASC,Medium,51.5,5.0,4.2,0,157,30.8,4.0,6.9,2.5,75.7,23.4,4.8,2.5,0.02,LOW
PX-10286,Infantry,Extreme,62.1,11.2,9.3,0,226,18.0,1.7,4.8,9.8,69.2,9.3,3.1,5.0,0.614,MODERATE
PX-14787,Signals,Medium,46.6,0.0,3.5,2,123,42.4,2.4,7.3,2.6,73.4,20.6,4.5,2.4,0.02,LOW
PX-11673,Infantry,High,51.7,2.5,6.9,3,242,36.9,1.0,5.3,7.1,74.7,18.3,4.9,3.1,0.286,LOW
PX-10196,Combat Engineers,High,55.4,2.6,11.2,1,312,19.7,0.9,5.3,5.1,67.9,15.5,4.1,3.3,0.417,MODERATE
PX-13837,Infantry,High,61.3,9.7,9.2,1,213,23.8,2.1,4.7,8.1,84.5,12.6,3.9,3.5,0.548,MODERATE
PX-14867,Infantry,Extreme,57.2,12.0,7.1,3,248,28.6,1.7,4.7,8.7,73.1,14.6,3.9,3.9,0.548,MODERATE
PX-11026,Medical Corps,Low,37.8,0.0,3.9,2,124,48.9,2.5,5.5,2.3,77.8,24.7,4.8,1.2,0.02,LOW
PX-14963,Infantry,Extreme,74.0,19.6,7.3,1,182,11.0,1.2,5.2,7.8,75.8,11.6,4.1,4.7,0.549,MODERATE
PX-10880,Armored,Medium,41.0,0.0,15.5,5,351,32.5,2.4,7.7,2.1,68.8,21.5,3.7,2.6,0.179,LOW
PX-13416,Combat Engineers,Extreme,59.4,7.2,7.7,0,218,22.2,0.0,5.4,8.7,61.7,13.0,3.5,4.7,0.567,MODERATE
PX-10068,Infantry,Medium,47.5,0.0,5.9,2,195,34.9,3.4,7.0,2.0,73.2,17.9,3.7,1.8,0.02,LOW
PX-11201,Combat Engineers,High,53.1,1.4,14.0,3,341,18.6,1.4,5.7,5.5,74.7,11.6,4.1,3.1,0.411,MODERATE
PX-14447,Armored,High,55.0,5.0,9.4,0,281,37.7,0.5,5.5,5.7,66.9,16.0,4.0,4.1,0.365,LOW
PX-13898,Infantry,Medium,39.8,0.0,4.6,2,171,41.7,3.4,6.3,2.8,75.1,23.0,3.5,1.9,0.02,LOW
PX-13388,Armored,Medium,47.0,0.0,7.3,3,192,21.0,4.0,6.5,3.7,81.4,20.8,4.1,3.0,0.049,LOW
PX-13704,Infantry,High,58.4,5.4,7.8,3,197,32.8,3.1,5.1,6.8,78.9,8.3,2.3,3.5,0.381,MODERATE
PX-11688,Combat Engineers,High,63.7,11.3,12.4,0,334,26.4,1.4,5.6,7.3,74.4,13.9,4.1,3.8,0.602,MODERATE
PX-11085,Signals,High,50.1,3.0,6.1,3,191,33.4,3.0,5.2,7.2,74.6,14.2,3.9,3.1,0.312,LOW
PX-10000,Air Defense,Medium,40.0,0.0,6.7,2,192,39.7,3.2,6.0,3.5,85.9,24.8,3.2,2.8,0.103,LOW
PX-11501,Medical Corps,Low,47.4,3.6,8.2,1,287,46.0,5.7,7.5,0.7,90.5,,3.8,1.7,0.02,LOW
PX-10825,Infantry,Medium,46.0,0.0,8.8,1,216,34.6,4.2,6.3,3.7,55.7,21.6,4.3,2.6,0.15,LOW
PX-10331,Infantry,High,52.1,4.0,10.6,1,259,30.8,0.3,5.2,5.6,76.5,10.0,3.3,3.8,0.48,MODERATE
PX-14235,Infantry,Medium,49.4,1.6,13.4,3,332,28.6,3.3,5.1,3.9,72.1,11.6,3.7,2.4,0.389,MODERATE
PX-11686,Armored,Extreme,60.8,6.9,7.5,3,183,24.1,2.5,4.2,10.0,61.3,7.9,3.1,5.0,0.538,MODERATE
PX-14650,Logistics & ASC,High,51.8,0.0,5.6,6,247,33.0,0.4,5.6,4.9,73.7,18.7,4.3,3.5,0.205,LOW
PX-13654,Artillery,Medium,53.8,3.9,5.5,2,168,29.3,3.1,6.0,2.0,79.1,23.2,4.9,2.9,0.02,LOW
PX-13538,Infantry,Medium,48.3,2.0,4.6,1,180,47.1,2.4,5.8,2.4,83.2,22.1,4.1,2.4,0.148,LOW
PX-13612,Combat Engineers,High,45.6,0.0,6.6,2,165,29.7,2.3,7.1,4.5,85.7,22.4,3.9,3.2,0.02,LOW
PX-14492,Medical Corps,High,62.9,8.9,18.0,1,365,15.5,0.0,5.2,8.7,72.5,8.8,4.1,4.1,0.677,ELEVATED
PX-13701,Infantry,High,57.2,4.5,5.8,3,157,39.1,2.8,5.6,5.0,93.4,17.8,4.3,3.3,0.283,LOW
PX-14373,Infantry,Extreme,49.5,0.1,7.8,2,187,29.7,0.0,5.7,8.1,61.8,,3.5,4.1,0.374,LOW
PX-14844,Artillery,Medium,44.7,0.0,3.7,2,132,49.8,2.6,6.4,3.3,74.4,20.1,4.7,2.2,0.02,LOW
PX-11852,Armored,High,56.1,8.4,16.4,1,343,5.0,0.0,5.5,5.7,77.4,13.6,4.0,4.0,0.478,MODERATE
PX-14540,Infantry,Extreme,62.1,10.1,7.4,5,206,22.3,2.3,5.1,10.0,76.9,12.8,3.7,4.2,0.586,MODERATE
PX-10127,Infantry,Medium,48.8,1.2,4.3,2,139,44.0,2.8,6.1,3.4,79.1,19.5,5.0,2.8,0.02,LOW
PX-11517,Medical Corps,Medium,54.5,6.3,4.0,3,208,41.6,2.4,7.1,2.0,80.0,19.2,3.5,2.6,0.061,LOW
PX-13273,Signals,Medium,45.4,0.0,14.1,5,314,25.7,3.6,5.9,4.1,79.7,23.8,4.5,2.7,0.2,LOW
PX-10510,Infantry,Medium,54.6,4.1,6.1,5,201,33.1,3.2,6.6,2.5,81.8,14.4,3.6,2.0,0.051,LOW
PX-11917,Signals,Medium,46.6,0.0,4.0,1,127,43.1,2.7,7.2,0.7,93.9,,3.0,2.2,0.02,LOW
PX-10941,Logistics & ASC,Medium,50.3,0.3,4.7,0,160,49.2,3.4,5.9,3.1,85.5,18.8,4.6,2.9,0.045,LOW
PX-10571,Logistics & ASC,Low,48.2,5.3,7.2,1,180,45.9,1.5,6.8,2.2,87.4,19.5,3.0,1.9,0.096,LOW
PX-11684,Infantry,Medium,44.4,0.0,6.8,1,294,38.9,2.9,6.0,4.9,84.8,17.8,3.5,2.4,0.221,LOW
PX-14413,Infantry,Extreme,63.4,10.9,7.0,2,182,31.5,0.0,3.5,10.0,64.3,12.6,3.4,4.6,0.733,ELEVATED
PX-14528,Infantry,Extreme,53.7,5.9,11.7,0,260,13.9,1.2,4.6,7.3,61.8,16.0,3.3,4.2,0.537,MODERATE
PX-10546,Artillery,Extreme,57.8,6.7,8.4,4,234,19.9,0.4,5.0,8.6,67.8,13.1,3.6,4.1,0.524,MODERATE
PX-14994,Combat Engineers,High,60.2,6.6,8.1,1,224,33.3,1.2,4.8,8.1,81.6,10.1,3.7,3.5,0.583,MODERATE
PX-10938,Logistics & ASC,Medium,46.0,0.0,3.8,3,121,56.8,3.5,6.6,1.8,84.3,20.9,3.7,2.4,0.02,LOW
PX-12182,Air Defense,High,59.3,11.0,8.4,1,260,33.1,1.2,5.0,5.6,78.6,14.4,3.8,3.7,0.487,MODERATE
PX-13916,Armored,High,56.8,4.2,9.0,1,212,30.3,2.1,4.9,7.8,81.3,,4.4,3.5,0.419,MODERATE
PX-13904,Artillery,Extreme,63.6,11.8,16.6,1,361,9.4,0.4,4.5,10.0,63.1,9.2,4.2,3.9,0.729,ELEVATED
PX-10954,Medical Corps,Medium,44.6,0.0,7.2,1,208,37.0,4.4,6.7,2.2,79.3,22.4,4.3,2.9,0.02,LOW
PX-13614,Combat Engineers,Medium,45.8,0.0,5.0,2,183,38.9,3.5,7.6,1.4,79.3,26.5,3.8,2.6,0.02,LOW
PX-10959,Combat Engineers,Medium,43.8,0.0,11.3,2,270,39.5,2.7,6.5,3.7,83.8,20.1,3.9,2.8,0.146,LOW
PX-11377,Logistics & ASC,High,49.7,0.0,5.7,2,174,37.5,2.2,5.6,6.3,85.6,18.5,4.2,3.3,0.164,LOW
PX-12071,Armored,Medium,50.2,0.0,4.1,0,124,50.1,1.6,7.3,1.1,84.8,22.5,3.3,2.1,0.02,LOW
PX-14244,Signals,Medium,51.2,3.3,3.6,2,167,30.3,2.9,5.5,4.4,78.5,21.3,4.3,2.6,0.144,LOW
PX-12425,Signals,Low,55.2,6.1,3.9,1,130,50.4,2.4,6.5,1.2,85.9,12.4,3.4,2.0,0.02,LOW
PX-12850,Artillery,High,54.8,6.1,6.2,0,210,45.5,0.0,5.6,4.9,90.7,19.3,4.6,3.6,0.268,LOW
PX-13693,Combat Engineers,Low,51.9,0.1,3.9,2,131,54.4,2.3,7.1,1.7,83.0,22.5,3.8,1.6,0.02,LOW
PX-13572,Artillery,High,55.5,2.7,6.2,3,167,28.8,2.2,5.1,6.3,72.9,15.3,3.9,3.1,0.35,LOW
PX-12678,Signals,High,57.4,8.6,6.2,1,169,27.0,0.0,5.4,6.5,65.7,16.6,3.7,4.0,0.286,LOW
PX-14651,Air Defense,High,61.9,10.9,7.3,1,189,30.8,0.1,6.4,6.6,78.8,16.0,3.9,3.9,0.299,LOW
PX-13187,Logistics & ASC,Medium,55.1,9.7,7.5,2,199,41.0,3.5,5.8,4.6,70.2,18.9,3.7,2.6,0.259,LOW
PX-12080,Artillery,High,52.9,6.4,7.5,3,207,29.5,1.2,5.8,6.0,82.9,20.8,3.5,3.8,0.335,LOW
PX-14628,Infantry,Extreme,62.7,7.9,10.0,3,281,31.9,0.0,5.1,9.2,67.8,15.0,4.1,4.5,0.679,ELEVATED
PX-11366,Infantry,High,64.9,10.5,6.7,6,178,24.2,1.7,4.6,9.0,63.3,11.0,3.1,4.0,0.593,MODERATE
PX-11759,Logistics & ASC,Low,41.6,0.0,7.5,3,197,52.7,4.9,7.3,0.6,84.6,26.6,4.4,1.1,0.02,LOW
PX-13357,Armored,Low,44.7,0.0,2.1,1,86,60.0,4.1,6.7,2.7,86.0,27.9,4.1,2.0,0.02,LOW
PX-14371,Infantry,Low,47.9,0.5,2.6,0,104,47.4,3.0,7.4,0.0,94.8,23.1,3.6,1.9,0.02,LOW
PX-11838,Air Defense,Extreme,56.6,8.2,7.3,1,232,22.8,0.3,5.0,7.7,85.4,18.3,4.8,4.2,0.37,LOW
PX-13188,Infantry,High,55.7,6.0,16.1,2,363,6.6,3.2,5.7,5.9,79.8,13.1,4.8,3.8,0.354,LOW
PX-11887,Infantry,Medium,49.6,1.0,11.4,1,253,21.6,2.6,7.6,1.8,79.8,18.2,3.0,2.6,0.179,LOW
PX-12101,Infantry,Medium,51.7,0.4,18.0,2,365,19.5,2.6,6.7,3.9,86.2,18.6,4.2,2.2,0.164,LOW
PX-12830,Infantry,Extreme,76.6,19.6,8.6,4,283,34.1,0.0,4.2,9.8,74.1,8.5,4.4,4.0,0.743,ELEVATED
PX-13096,Infantry,Low,40.7,0.0,5.9,5,156,46.4,5.3,6.9,0.7,89.7,21.8,3.6,2.1,0.02,LOW
PX-10842,Combat Engineers,Medium,40.7,0.0,4.7,2,181,34.3,3.7,6.8,2.2,76.4,26.1,4.0,2.4,0.02,LOW
PX-12156,Infantry,Extreme,74.1,22.2,10.3,0,263,15.7,2.0,3.7,10.0,69.2,7.1,3.6,4.0,0.834,ELEVATED
PX-13509,Artillery,Extreme,67.3,13.5,14.1,3,336,14.3,1.3,4.4,8.6,84.1,6.0,3.6,4.7,0.775,ELEVATED
PX-14602,Medical Corps,Medium,60.0,8.2,4.9,3,213,40.8,2.8,5.7,2.9,82.9,11.8,3.8,2.2,0.185,LOW
PX-11811,Armored,Medium,44.8,0.0,4.4,1,144,48.8,4.9,6.5,3.1,74.4,21.9,4.2,1.9,0.02,LOW
PX-13401,Air Defense,Medium,54.4,7.4,7.6,3,201,34.5,2.4,6.4,2.4,82.6,16.7,4.1,2.2,0.074,LOW
PX-14043,Logistics & ASC,Medium,52.3,2.5,3.9,0,162,53.1,2.7,7.3,1.4,85.8,22.1,3.4,2.4,0.111,LOW
PX-13123,Armored,Medium,46.4,0.0,4.1,1,122,48.3,3.1,6.9,3.9,96.0,22.9,5.0,2.4,0.02,LOW
PX-14539,Artillery,Low,52.1,4.6,2.8,0,175,39.1,4.3,6.8,1.0,83.1,18.4,4.0,1.1,0.02,LOW
PX-11296,Infantry,Extreme,64.0,11.4,12.9,1,278,12.6,0.0,5.0,8.5,68.8,13.8,3.3,4.7,0.67,ELEVATED
PX-11639,Signals,Medium,54.7,2.9,6.5,3,165,34.2,2.4,5.6,5.6,81.9,18.0,3.5,1.9,0.152,LOW
PX-11512,Combat Engineers,Medium,47.4,0.0,5.3,2,231,31.5,2.3,6.9,3.7,77.7,,3.9,2.9,0.02,LOW
PX-11921,Artillery,High,63.8,8.2,9.1,1,227,20.1,1.7,5.6,7.0,86.1,12.7,4.2,3.6,0.437,MODERATE
PX-14485,Artillery,Medium,50.5,0.8,4.2,1,127,44.3,2.1,5.7,4.3,79.1,20.7,4.8,2.0,0.09,LOW
PX-11886,Infantry,High,57.9,4.5,8.1,2,213,31.1,1.6,5.5,6.2,88.7,15.2,4.0,3.6,0.311,LOW
PX-10933,Air Defense,Medium,44.3,0.0,5.1,2,162,34.0,3.8,6.4,3.0,83.7,19.7,3.1,2.2,0.02,LOW
PX-14179,Logistics & ASC,Low,44.7,0.0,2.7,1,213,50.7,3.8,7.5,0.0,84.7,27.2,3.8,1.9,0.02,LOW
PX-12941,Infantry,High,50.3,4.8,5.8,0,163,36.1,3.0,5.6,,71.6,13.0,2.1,3.6,0.301,LOW
PX-12359,Infantry,High,56.8,7.6,6.7,1,201,25.6,1.6,5.7,5.5,,13.0,4.0,3.1,0.371,LOW
PX-14440,Infantry,High,55.7,5.6,7.7,1,271,31.3,1.7,6.4,4.4,88.0,13.2,3.9,3.8,0.285,LOW
PX-12943,Infantry,High,55.5,6.9,6.0,1,185,17.4,2.7,6.3,,80.4,15.8,2.3,3.3,0.207,LOW
PX-14177,Medical Corps,Medium,47.7,0.0,14.1,2,351,25.6,1.8,6.5,2.7,85.2,12.7,3.3,2.2,0.253,LOW
PX-11933,Air Defense,High,51.1,1.3,7.6,1,207,24.3,1.7,5.9,5.8,74.2,18.2,3.4,4.0,0.299,LOW
PX-12624,Combat Engineers,High,55.2,5.7,11.1,2,255,24.9,1.9,5.4,5.4,79.8,20.2,4.5,3.1,0.39,MODERATE
PX-14568,Combat Engineers,Low,49.6,6.9,3.7,1,122,45.2,6.3,7.4,1.5,89.8,19.6,3.4,1.4,0.02,LOW
PX-14590,Infantry,High,67.5,13.4,8.0,3,192,19.0,2.4,6.3,7.6,75.9,16.1,4.5,3.1,0.326,LOW
PX-11742,Infantry,Low,50.5,0.1,4.7,1,155,38.5,2.9,6.9,1.5,75.5,22.5,4.0,1.9,0.02,LOW
PX-14290,Infantry,High,60.3,7.3,17.3,2,361,14.4,1.1,5.3,9.0,61.5,10.1,3.9,3.6,0.677,ELEVATED
PX-12323,Infantry,Extreme,59.2,11.4,8.1,2,200,17.4,3.7,4.7,9.2,66.2,19.5,4.7,4.0,0.365,LOW
PX-11525,Infantry,Extreme,68.5,9.1,12.9,1,347,17.7,0.0,4.8,9.1,73.0,7.5,3.9,4.7,0.783,ELEVATED
PX-11515,Artillery,Medium,48.5,0.0,10.8,3,340,34.6,2.4,6.1,4.1,82.7,18.5,4.7,2.3,0.098,LOW
PX-11616,Infantry,High,51.9,0.0,9.3,1,219,30.2,2.0,5.4,6.5,66.0,15.8,3.6,4.0,0.413,MODERATE
PX-11634,Medical Corps,Medium,47.8,0.1,4.3,1,126,44.3,3.9,6.7,3.3,85.9,22.1,4.0,3.0,0.02,LOW
PX-10875,Logistics & ASC,Medium,50.8,1.8,4.9,5,142,39.9,2.9,6.4,3.6,78.5,25.4,4.0,2.7,0.02,LOW
PX-14775,Infantry,Medium,51.8,6.5,13.3,3,291,32.5,3.1,7.6,1.7,85.4,16.4,3.2,3.0,0.107,LOW
PX-11147,Air Defense,Medium,48.8,2.0,6.7,1,198,45.5,2.8,7.0,2.3,78.4,19.3,3.8,3.0,0.02,LOW
PX-14724,Infantry,High,46.2,0.0,10.7,3,255,25.1,1.6,6.4,4.1,71.3,18.2,4.2,3.5,0.256,LOW
PX-13751,Armored,Medium,48.6,0.9,3.7,4,118,43.0,3.0,6.9,1.4,78.0,18.6,3.0,2.1,0.02,LOW
PX-10998,Medical Corps,High,61.2,8.7,11.3,4,254,21.3,0.0,4.5,9.4,81.2,13.0,3.5,3.0,0.75,ELEVATED
PX-10128,Infantry,Extreme,61.8,7.6,10.3,2,325,19.8,0.2,5.0,9.2,63.8,11.6,3.9,4.8,0.596,MODERATE
PX-14190,Infantry,High,55.7,6.6,8.3,1,198,34.1,0.3,5.0,6.6,68.9,21.1,4.5,3.4,0.338,LOW
PX-13330,Medical Corps,Low,43.8,0.0,3.2,1,102,42.4,3.4,6.4,0.9,81.7,24.2,4.8,1.1,0.02,LOW
PX-10840,Infantry,High,56.0,8.2,8.1,4,195,20.8,1.3,5.0,7.2,62.1,15.5,5.0,3.9,0.352,LOW
PX-11422,Armored,High,53.6,4.1,6.5,3,173,33.0,1.4,5.7,5.7,70.5,19.0,4.2,3.4,0.213,LOW
PX-13339,Combat Engineers,High,47.5,0.0,14.1,3,365,18.2,2.8,6.7,3.5,72.7,15.0,2.6,3.7,0.291,LOW
PX-14458,Infantry,High,63.1,13.5,10.1,4,228,24.9,3.1,5.1,7.7,73.3,9.6,3.9,3.0,0.482,MODERATE
PX-13836,Signals,Medium,48.5,0.6,4.7,0,150,52.3,2.3,4.8,5.8,79.0,16.3,4.4,2.2,0.174,LOW
PX-14202,Infantry,High,64.6,14.7,6.0,2,214,33.4,0.5,4.7,8.8,73.9,17.3,4.5,3.3,0.52,MODERATE
PX-11978,Signals,Medium,41.3,0.0,4.4,0,186,36.9,3.0,6.7,2.3,87.7,19.5,2.9,2.4,0.02,LOW
PX-10981,Air Defense,High,54.9,6.5,11.3,6,277,25.2,1.1,5.6,6.2,84.6,15.3,3.3,3.1,0.429,MODERATE
PX-13056,Combat Engineers,High,60.5,11.8,6.0,4,211,40.8,0.6,5.2,7.8,70.7,13.7,3.8,3.6,0.461,MODERATE
PX-11251,Infantry,Medium,55.0,5.5,4.9,3,133,40.7,2.9,6.7,3.2,89.4,16.4,3.8,2.2,0.032,LOW
PX-11645,Armored,Low,38.3,0.0,11.2,3,258,33.1,3.2,7.1,0.6,97.7,24.5,4.2,1.8,0.02,LOW
PX-14060,Medical Corps,High,56.3,5.3,7.7,2,196,33.9,3.2,4.8,6.7,71.4,14.9,3.2,3.0,0.409,MODERATE
PX-13155,Artillery,Extreme,59.1,6.9,8.4,2,198,14.9,0.1,5.7,,76.8,18.2,4.1,4.3,0.417,MODERATE
PX-11175,Signals,Extreme,54.9,4.3,10.1,4,259,15.8,0.0,4.6,7.7,69.6,11.4,4.2,4.8,0.589,MODERATE
PX-11954,Logistics & ASC,Medium,44.5,0.0,3.9,3,115,44.4,3.7,7.2,2.9,87.3,26.6,4.5,2.0,0.02,LOW
PX-13446,Signals,Medium,54.6,6.3,4.7,1,184,42.7,3.2,7.0,1.0,86.7,20.5,4.0,3.0,0.02,LOW
PX-14138,Signals,Low,41.5,0.0,8.1,1,202,37.3,5.7,6.9,0.3,,21.4,3.3,2.1,0.02,LOW
PX-11145,Artillery,High,62.2,9.5,10.9,1,246,25.9,1.7,3.9,9.7,69.0,9.0,3.8,3.9,0.694,ELEVATED
PX-12474,Artillery,Medium,45.1,0.0,5.3,2,147,43.0,2.7,6.1,2.2,92.6,21.2,3.8,2.5,0.046,LOW
PX-11274,Infantry,Low,45.2,0.0,2.2,0,119,46.2,3.5,6.9,1.4,88.5,21.2,2.6,1.8,0.02,LOW
PX-14757,Medical Corps,Medium,55.2,1.5,3.8,0,137,46.2,3.7,5.7,4.1,80.4,13.8,2.8,2.6,0.182,LOW
PX-12046,Armored,Medium,49.1,0.0,4.0,1,147,42.9,3.4,5.5,5.3,85.4,19.0,3.6,1.9,0.118,LOW
PX-12447,Armored,Medium,47.1,0.0,5.9,2,154,38.6,4.5,6.3,2.6,86.4,23.0,4.3,2.3,0.02,LOW
PX-12611,Air Defense,High,55.6,2.6,14.7,3,340,20.3,0.0,4.7,7.2,69.1,12.4,2.8,3.7,0.695,ELEVATED
PX-14021,Infantry,Extreme,53.7,4.0,13.3,3,289,10.1,0.0,5.9,7.0,73.7,16.7,3.6,4.8,0.499,MODERATE
PX-11459,Artillery,High,58.9,7.0,9.8,0,242,34.5,1.1,5.0,6.2,76.2,9.3,3.3,3.3,0.484,MODERATE
PX-14515,Artillery,Extreme,59.4,10.2,7.1,1,173,22.8,0.8,5.4,6.5,67.0,12.7,3.7,4.0,0.369,LOW
PX-10914,Medical Corps,Low,47.6,3.6,3.2,0,106,43.0,5.7,6.7,1.8,89.0,20.6,3.6,1.9,0.02,LOW
PX-10323,Combat Engineers,Low,45.0,0.0,9.8,2,264,36.4,3.7,7.8,0.0,87.3,22.3,3.6,1.4,0.02,LOW
PX-10621,Armored,Medium,54.0,6.2,5.5,0,253,37.0,3.5,5.5,4.1,69.0,19.8,4.5,2.2,0.203,LOW
PX-13890,Infantry,Extreme,55.7,7.0,8.4,4,307,24.2,0.0,4.7,8.9,76.6,19.2,5.0,4.1,0.512,MODERATE
PX-10896,Artillery,Low,44.1,0.0,7.5,2,201,36.2,3.4,7.5,0.0,70.9,22.3,4.8,2.2,0.02,LOW
PX-12495,Combat Engineers,High,52.3,2.6,9.0,3,213,31.4,3.5,4.5,6.8,76.7,13.3,3.9,3.8,0.456,MODERATE
PX-11784,Infantry,High,59.0,11.4,6.0,0,154,32.0,2.8,6.5,4.1,84.2,14.7,2.6,3.7,0.176,LOW
PX-11213,Artillery,High,55.7,6.7,8.0,1,310,25.5,1.5,5.3,6.5,78.4,18.0,4.1,4.1,0.445,MODERATE
PX-13608,Infantry,Medium,54.7,2.7,10.9,2,261,46.0,0.7,5.1,4.4,74.8,16.1,2.9,2.5,0.382,MODERATE
PX-14954,Infantry,High,57.6,8.5,6.8,0,175,27.3,1.8,4.6,6.9,71.3,14.8,3.2,4.1,0.432,MODERATE
PX-14157,Infantry,Medium,50.9,2.2,3.6,2,137,40.7,1.8,6.9,3.7,83.6,17.5,3.7,2.6,0.026,LOW
PX-13738,Air Defense,High,55.0,4.8,6.3,1,170,31.0,2.3,5.1,6.0,63.0,15.3,3.6,3.8,0.33,LOW
PX-12131,Signals,Medium,54.8,7.0,4.5,1,130,48.7,1.9,6.4,1.4,73.2,14.2,2.8,2.2,0.02,LOW
PX-12966,Artillery,High,48.8,0.4,8.0,4,196,16.6,3.4,6.1,4.3,86.2,16.9,3.1,3.1,0.092,LOW
PX-14658,Combat Engineers,Extreme,58.3,5.0,8.0,3,226,22.6,2.0,5.2,6.6,69.4,15.9,4.0,4.4,0.489,MODERATE
PX-10704,Artillery,High,58.1,5.0,11.7,3,271,14.0,1.1,5.4,6.5,73.9,14.7,3.9,3.9,0.491,MODERATE
PX-10338,Infantry,Extreme,55.2,6.8,9.6,1,262,16.8,1.3,4.4,8.2,81.4,13.4,3.7,3.8,0.54,MODERATE
PX-14814,Armored,Extreme,67.0,15.0,8.2,1,227,24.5,0.8,4.9,8.6,65.1,13.7,4.3,4.0,0.613,MODERATE
PX-12343,Artillery,Low,46.3,0.0,6.2,2,167,47.9,5.6,7.2,0.8,83.7,18.7,3.4,1.7,0.02,LOW
PX-13621,Artillery,High,55.8,6.2,6.2,1,214,27.3,0.1,5.7,6.8,79.2,17.6,4.0,3.8,0.357,LOW
PX-13512,Medical Corps,Medium,42.2,0.0,6.3,2,187,39.3,2.8,5.6,3.1,66.3,17.5,3.4,3.0,0.186,LOW
PX-12095,Artillery,Medium,52.4,4.6,3.9,3,181,41.5,3.2,5.7,3.8,75.3,17.5,3.3,2.9,0.186,LOW
PX-12360,Air Defense,Medium,49.9,1.2,4.1,1,149,39.5,2.6,6.9,2.5,65.8,27.6,4.8,3.0,0.058,LOW
PX-10489,Combat Engineers,High,60.6,7.3,8.3,2,243,23.7,1.2,5.2,10.0,75.8,15.8,4.2,3.5,0.526,MODERATE
PX-12970,Armored,High,54.8,7.8,9.6,0,255,31.3,1.4,5.6,4.2,70.6,17.5,4.3,3.7,0.353,LOW
PX-13440,Artillery,High,52.3,0.9,7.2,2,198,27.9,1.5,7.0,3.8,68.3,21.7,4.2,4.0,0.063,LOW
PX-10491,Signals,Medium,42.4,0.0,3.8,2,134,50.1,1.6,6.6,2.3,79.8,22.9,3.3,2.3,0.02,LOW
PX-13829,Combat Engineers,Extreme,68.2,12.2,7.0,4,211,24.0,0.5,6.0,9.0,81.9,19.1,4.0,4.6,0.494,MODERATE
PX-13858,Signals,Low,42.8,0.0,3.1,2,180,42.7,3.9,7.4,0.3,90.7,24.8,4.6,1.4,0.02,LOW
PX-10919,Combat Engineers,Medium,43.4,0.0,4.1,1,119,36.5,2.8,5.9,4.7,78.6,23.5,4.2,1.9,0.02,LOW
PX-14565,Signals,Medium,39.2,0.0,10.8,0,279,32.5,2.0,6.0,3.0,71.0,16.7,2.6,2.9,0.232,LOW
PX-11701,Medical Corps,Medium,47.1,1.4,3.8,1,172,47.8,1.3,6.8,2.0,73.0,21.9,4.0,2.6,0.02,LOW
PX-14981,Infantry,Low,45.0,0.0,4.0,2,118,53.2,3.7,7.0,2.7,83.9,17.7,2.5,1.9,0.02,LOW
PX-13091,Logistics & ASC,Low,40.2,0.0,6.3,1,193,39.8,4.3,7.7,1.5,81.2,22.4,2.7,1.4,0.02,LOW
PX-11378,Combat Engineers,Medium,49.9,2.1,15.4,0,365,29.2,1.8,6.7,2.9,66.5,20.9,4.7,2.8,0.211,LOW
PX-10302,Combat Engineers,High,57.3,3.8,13.7,5,331,16.0,1.9,5.3,5.0,70.9,13.7,4.3,4.1,0.481,MODERATE
PX-14367,Combat Engineers,Extreme,57.3,4.1,7.1,3,178,19.2,0.0,5.9,6.6,71.2,17.4,4.2,4.0,0.348,LOW
PX-11046,Infantry,High,51.3,0.5,8.0,0,322,37.5,2.6,5.6,5.0,76.5,18.0,4.1,3.3,0.245,LOW
PX-13520,Combat Engineers,High,60.7,8.2,7.8,0,215,33.9,2.5,4.0,8.5,63.2,9.4,2.9,3.4,0.617,MODERATE
PX-14710,Air Defense,High,62.3,11.8,7.1,0,182,32.7,0.4,5.9,5.6,80.8,17.1,4.7,3.9,0.28,LOW
PX-12387,Infantry,Medium,48.2,0.0,18.0,0,365,21.1,2.6,5.5,5.2,78.7,14.0,3.1,2.0,0.319,LOW
PX-11294,Artillery,Low,45.5,0.0,2.2,5,134,53.0,3.8,7.5,0.7,80.4,24.7,4.3,2.0,0.02,LOW
PX-11652,Artillery,High,52.4,1.4,6.6,4,171,28.0,2.7,5.8,6.1,78.1,16.7,3.8,3.2,0.25,LOW
PX-10744,Armored,High,52.5,5.5,5.8,1,164,39.8,0.8,6.2,5.7,75.0,23.1,3.9,3.7,0.162,LOW
PX-13785,Logistics & ASC,Low,54.2,2.7,6.0,3,169,48.2,4.0,6.9,1.2,92.8,17.9,3.2,1.2,0.02,LOW
PX-10339,Logistics & ASC,Low,42.1,0.0,5.8,3,160,38.6,3.9,7.3,0.5,83.8,18.7,2.2,1.8,0.02,LOW
PX-14996,Infantry,Medium,45.1,0.0,5.2,1,195,39.9,3.3,7.7,1.8,81.4,24.7,4.2,2.8,0.02,LOW
PX-12228,Infantry,Medium,53.6,7.2,4.5,1,173,46.3,0.7,6.6,2.5,81.7,16.0,3.4,2.8,0.142,LOW
PX-14894,Signals,Medium,44.7,0.0,7.9,0,240,37.6,1.9,6.1,3.3,77.7,19.9,4.0,2.3,0.182,LOW
PX-14869,Combat Engineers,Extreme,65.3,13.0,10.5,2,246,17.5,0.1,5.3,7.5,81.2,13.6,4.6,3.9,0.583,MODERATE
PX-10395,Armored,Medium,53.5,2.8,4.5,1,174,44.2,2.9,7.2,2.4,83.8,22.1,4.2,2.8,0.02,LOW
PX-12561,Signals,Low,47.5,0.0,2.5,1,124,52.4,4.7,5.9,2.3,87.5,20.7,3.7,1.1,0.02,LOW
PX-12848,Air Defense,Medium,45.9,1.8,4.3,2,127,42.9,1.6,6.1,2.8,69.8,19.4,4.0,2.1,0.05,LOW
PX-13151,Combat Engineers,High,53.3,5.8,5.5,2,144,25.2,1.5,4.7,7.0,72.6,15.0,2.9,3.9,0.398,MODERATE
PX-13759,Infantry,Medium,52.1,2.7,13.3,0,291,19.0,2.8,6.1,3.9,82.1,16.7,4.2,2.6,0.213,LOW
PX-10096,Artillery,High,57.2,8.0,8.5,2,214,38.2,1.9,5.9,5.6,68.0,17.0,3.1,3.7,0.352,LOW
PX-13425,Combat Engineers,High,53.1,2.9,18.0,0,365,13.2,2.6,6.8,4.7,88.7,17.1,4.2,3.8,0.205,LOW
PX-11955,Medical Corps,Medium,49.6,0.0,5.3,2,187,40.0,3.4,6.2,2.8,76.5,19.7,3.8,2.2,0.039,LOW
PX-10595,Artillery,High,50.5,0.2,11.3,1,249,19.7,2.9,5.6,5.4,79.4,17.8,3.6,3.7,0.401,MODERATE
PX-10079,Air Defense,High,51.5,1.7,5.9,2,162,31.6,2.3,5.9,5.5,79.2,24.4,4.0,3.4,0.139,LOW
PX-11336,Infantry,High,60.7,12.1,7.4,2,227,39.1,1.7,5.3,8.7,71.0,15.6,3.4,3.2,0.458,MODERATE
PX-11292,Combat Engineers,Extreme,61.7,11.3,9.8,2,251,19.8,0.4,5.7,8.0,72.5,15.8,3.9,5.0,0.481,MODERATE
PX-14820,Signals,High,65.6,10.7,6.5,3,208,36.0,1.3,5.2,8.5,79.7,10.1,2.8,4.1,0.578,MODERATE
PX-14511,Armored,Medium,58.1,5.7,6.1,4,213,41.1,3.0,7.2,2.5,85.6,18.5,3.4,2.2,0.142,LOW
PX-10122,Infantry,High,58.0,7.3,13.4,3,365,20.5,1.8,4.9,6.0,79.0,12.9,4.4,3.9,0.48,MODERATE
PX-14430,Artillery,Medium,51.8,0.0,5.0,3,168,35.3,2.4,6.4,4.2,84.3,20.9,3.4,2.8,0.105,LOW
PX-12980,Combat Engineers,High,47.5,0.0,7.7,3,224,27.7,2.5,4.8,6.2,,15.4,3.5,3.9,0.413,MODERATE
PX-11006,Logistics & ASC,Medium,54.1,0.0,8.0,0,250,38.3,2.4,5.8,3.8,75.2,18.5,3.9,3.0,0.26,LOW
PX-13824,Signals,High,66.5,13.3,15.8,1,352,18.3,2.3,5.3,9.4,72.9,,2.3,3.6,0.716,ELEVATED
PX-13346,Air Defense,High,63.1,10.8,5.7,4,149,27.1,0.4,5.5,6.2,73.2,12.9,3.7,3.5,0.359,LOW
PX-11363,Infantry,Medium,47.3,0.0,4.1,1,173,37.4,3.5,6.4,2.6,79.4,20.5,3.4,2.8,0.102,LOW
PX-11711,Artillery,Extreme,66.6,12.4,10.1,0,272,10.1,1.1,4.4,8.8,63.0,12.1,3.2,4.3,0.804,ELEVATED
PX-13218,Artillery,Medium,50.3,0.2,5.9,1,173,43.3,2.3,6.3,3.1,91.8,18.9,4.5,2.9,0.052,LOW
PX-11633,Signals,Medium,48.8,0.0,5.9,2,172,46.7,4.1,7.3,1.5,72.3,17.1,3.7,2.9,0.024,LOW
PX-12987,Combat Engineers,Extreme,69.0,15.8,7.9,4,205,13.9,0.0,4.0,10.0,66.9,12.9,3.4,4.7,0.799,ELEVATED
PX-13905,Signals,Low,54.7,8.6,2.6,1,119,52.8,4.2,6.1,2.7,89.2,18.0,3.4,1.1,0.039,LOW
PX-11356,Combat Engineers,Medium,51.4,4.1,8.2,2,223,47.1,3.0,7.1,1.5,78.4,19.7,3.6,1.9,0.02,LOW
PX-11325,Logistics & ASC,Low,41.3,0.0,6.1,2,171,43.8,4.5,8.5,0.0,81.6,21.0,3.5,1.3,0.02,LOW
PX-11733,Artillery,High,56.1,7.8,9.2,2,221,22.8,1.0,5.4,4.8,79.1,19.4,4.0,3.9,0.386,MODERATE
PX-10665,Signals,Medium,40.3,0.0,4.2,2,121,45.1,4.3,5.7,4.0,81.1,18.3,3.4,2.8,0.045,LOW
PX-12479,Medical Corps,High,53.5,5.5,11.9,1,321,27.2,2.2,5.4,7.1,70.8,14.5,3.9,3.3,0.445,MODERATE
PX-12200,Infantry,High,57.4,3.8,5.6,0,155,37.1,1.7,5.7,4.6,63.7,15.3,3.1,3.8,0.35,LOW
PX-14333,Armored,High,52.5,2.1,11.9,2,279,17.0,0.6,5.6,5.6,78.9,22.8,4.9,3.3,0.383,MODERATE
PX-13131,Logistics & ASC,High,55.0,3.7,9.8,3,234,31.4,1.4,5.5,6.1,80.2,18.1,4.2,3.5,0.382,MODERATE
PX-12837,Artillery,High,58.0,6.2,7.4,1,183,15.7,1.6,5.3,7.3,70.5,11.2,4.1,3.4,0.396,MODERATE
PX-14714,Combat Engineers,Low,39.5,0.0,4.9,2,166,46.2,3.9,7.6,1.0,88.0,27.5,4.9,1.2,0.02,LOW
PX-13381,Logistics & ASC,Medium,48.5,0.0,4.9,5,161,46.4,3.5,6.4,3.2,89.0,19.1,4.0,1.9,0.02,LOW
PX-10627,Infantry,Extreme,64.3,11.1,7.0,0,184,19.4,0.0,5.1,8.8,80.9,17.3,4.0,4.1,0.468,MODERATE
PX-13657,Armored,Medium,47.3,0.0,3.8,1,152,38.9,2.1,6.9,2.8,82.1,25.0,4.9,2.3,0.02,LOW
PX-14826,Infantry,Extreme,58.0,3.2,7.7,1,194,17.5,0.8,5.2,8.1,70.6,17.9,4.3,4.4,0.437,MODERATE
PX-13359,Signals,Low,38.7,0.0,6.6,2,172,44.6,5.0,7.8,0.1,76.3,24.8,3.4,2.1,0.02,LOW
PX-11470,Logistics & ASC,Medium,50.1,3.6,3.7,0,152,44.7,4.5,6.9,4.0,92.9,22.2,3.6,2.6,0.02,LOW
PX-11109,Infantry,High,58.8,11.1,9.5,2,252,20.1,0.4,5.2,6.2,73.2,11.8,3.2,3.3,0.429,MODERATE
PX-14860,Armored,Medium,41.5,0.0,4.7,0,141,39.6,3.3,6.0,4.3,71.6,20.8,3.5,2.8,0.031,LOW
PX-14225,Logistics & ASC,High,59.0,3.9,6.2,1,224,33.3,2.3,5.6,6.2,66.9,15.8,4.2,3.5,0.294,LOW
PX-11641,Infantry,Extreme,53.6,8.4,9.9,1,255,9.6,0.3,4.1,7.9,58.0,12.0,4.6,4.2,0.582,MODERATE
PX-14423,Infantry,Medium,54.3,3.0,4.7,0,221,39.3,1.7,6.3,4.1,65.1,18.4,3.0,2.1,0.092,LOW
PX-13555,Air Defense,Low,43.4,0.0,4.8,1,155,44.4,3.8,7.6,1.6,84.6,24.6,4.2,1.8,0.02,LOW
PX-13518,Combat Engineers,High,61.4,8.3,14.4,2,364,19.8,0.0,4.1,8.4,78.0,7.9,3.3,3.6,0.702,ELEVATED
PX-14132,Armored,Medium,55.6,7.3,8.5,0,202,27.7,3.3,6.2,3.4,87.5,15.8,3.3,2.4,0.178,LOW
PX-12522,Artillery,Medium,53.4,2.1,4.7,1,211,53.4,3.3,5.7,4.6,67.9,16.9,3.7,2.9,0.238,LOW
PX-14738,Infantry,High,54.7,4.3,7.4,1,256,40.0,1.6,5.3,5.9,76.9,14.0,3.7,3.4,0.431,MODERATE
PX-13764,Infantry,High,69.7,16.3,6.7,2,193,30.5,0.0,5.0,7.4,78.9,10.9,4.5,3.7,0.479,MODERATE
PX-12297,Infantry,Low,36.3,0.0,5.1,5,141,46.6,4.3,8.1,0.1,91.5,20.5,3.3,1.4,0.02,LOW
PX-10148,Armored,Extreme,63.3,11.3,11.3,0,310,20.8,1.8,5.5,10.0,75.2,10.2,3.2,5.0,0.584,MODERATE
PX-11161,Signals,Medium,51.4,7.5,4.4,2,127,35.6,1.9,7.5,0.0,85.2,22.9,5.0,2.2,0.02,LOW
PX-13806,Signals,Low,43.5,0.0,2.8,1,108,54.3,6.2,8.5,0.0,85.1,24.4,3.9,1.6,0.02,LOW
PX-13306,Infantry,High,63.6,12.8,5.5,3,242,22.1,2.4,5.8,7.6,69.0,16.6,4.2,3.4,0.388,MODERATE
PX-10979,Infantry,High,49.1,1.9,9.5,3,257,23.2,2.3,5.9,5.4,81.5,14.6,4.1,3.8,0.206,LOW
PX-14279,Signals,High,46.7,0.0,6.6,1,205,23.3,2.4,6.7,5.5,81.4,22.1,3.5,3.5,0.089,LOW
PX-11472,Infantry,Extreme,55.1,5.7,7.8,1,185,23.2,0.9,5.2,7.8,71.3,14.3,3.8,4.5,0.516,MODERATE
PX-11455,Infantry,High,67.4,12.5,6.1,2,166,29.4,0.5,4.3,9.4,62.5,14.4,3.9,3.3,0.596,MODERATE
PX-11948,Infantry,High,66.2,14.1,9.5,0,218,26.2,1.8,4.8,8.9,79.0,15.2,4.5,3.0,0.499,MODERATE
PX-10325,Signals,Low,47.9,0.3,2.3,5,127,60.0,4.5,7.1,0.9,83.8,23.2,3.7,2.0,0.02,LOW
PX-11409,Signals,Low,51.1,0.9,2.5,1,137,51.4,4.3,7.3,1.6,77.7,21.7,3.3,1.3,0.02,LOW
PX-12515,Air Defense,High,46.0,1.2,7.1,3,179,33.9,2.0,6.5,4.8,73.3,18.7,4.4,3.7,0.092,LOW
PX-14057,Medical Corps,Extreme,57.7,11.2,11.1,0,285,23.9,0.9,4.7,7.0,71.5,17.0,4.0,4.4,0.565,MODERATE
PX-10684,Combat Engineers,High,55.4,5.1,11.4,2,344,25.4,1.0,5.8,5.4,75.1,14.2,4.1,4.1,0.375,LOW
PX-14081,Artillery,Medium,43.8,0.0,6.2,1,187,34.6,2.9,7.5,1.3,72.8,25.0,3.6,2.5,0.02,LOW
PX-11993,Infantry,High,53.9,7.8,6.3,1,191,32.0,2.1,4.9,6.3,81.6,13.9,4.3,3.2,0.326,LOW
PX-12653,Signals,Low,44.5,0.0,2.0,3,120,53.2,2.5,7.1,1.9,90.6,22.6,3.3,1.4,0.02,LOW
PX-14037,Logistics & ASC,Medium,45.9,0.0,10.1,0,233,38.9,2.5,7.1,1.9,89.5,21.9,3.7,3.0,0.037,LOW
PX-13763,Infantry,High,56.2,1.2,6.2,1,162,31.8,2.0,6.0,5.0,80.9,17.9,4.8,3.4,0.215,LOW
PX-11174,Armored,Medium,51.1,4.8,5.3,2,158,53.7,4.6,6.1,,74.3,17.6,3.4,2.3,0.134,LOW
PX-10465,Signals,High,57.9,7.2,7.1,1,198,25.6,0.7,5.9,5.7,,13.0,3.2,3.5,0.306,LOW
PX-11648,Logistics & ASC,High,52.4,2.5,9.9,4,223,28.5,1.1,5.0,5.4,64.4,14.8,3.6,3.3,0.39,MODERATE
PX-10431,Air Defense,Medium,43.7,0.0,5.8,0,166,46.1,2.4,6.3,3.9,78.3,20.2,2.9,2.6,0.061,LOW
PX-11991,Signals,Low,48.9,0.0,9.0,1,214,35.3,3.1,7.0,1.3,85.2,21.0,4.5,1.3,0.02,LOW
PX-11343,Combat Engineers,High,52.4,4.5,14.7,4,310,17.5,1.2,5.5,7.6,78.3,17.4,2.9,3.8,0.575,MODERATE
PX-10706,Air Defense,Extreme,60.4,6.2,9.3,2,215,18.1,3.1,3.9,9.6,71.4,13.3,4.6,4.4,0.62,MODERATE
PX-14627,Artillery,Medium,44.8,0.0,5.2,0,161,32.9,3.8,7.4,2.6,77.0,21.6,3.8,2.4,0.02,LOW
PX-12347,Air Defense,Medium,40.8,0.0,8.2,1,231,35.8,3.2,7.1,1.4,72.2,24.1,4.0,2.8,0.02,LOW
PX-12155,Logistics & ASC,Medium,48.6,0.4,4.2,1,156,47.9,2.8,6.0,3.8,76.3,20.5,4.1,2.3,0.02,LOW
PX-14632,Artillery,Medium,49.1,1.1,3.6,3,113,34.4,2.8,6.3,2.6,71.7,21.2,3.9,2.6,0.02,LOW
PX-12871,Armored,Low,42.7,0.0,4.7,1,159,45.8,3.3,7.1,0.8,83.4,22.9,3.3,2.0,0.02,LOW
PX-12498,Air Defense,High,52.1,2.3,11.1,1,245,34.9,3.5,5.4,6.8,77.5,11.4,3.6,3.7,0.408,MODERATE
PX-11465,Signals,High,54.8,4.2,5.5,6,241,33.4,1.6,6.1,4.9,68.1,17.4,3.5,3.4,0.197,LOW
PX-14150,Infantry,Medium,46.7,0.0,4.7,3,185,46.8,3.0,7.6,2.2,84.9,,3.8,2.3,0.02,LOW
PX-14783,Combat Engineers,Medium,49.9,0.6,6.7,2,170,33.2,1.6,5.4,5.4,71.9,16.9,3.6,2.4,0.238,LOW
PX-10250,Signals,Medium,48.4,0.7,3.7,3,134,41.7,4.6,5.5,5.5,67.0,22.2,3.8,2.1,0.083,LOW
PX-14243,Armored,Medium,44.5,0.3,5.7,2,152,41.8,3.3,6.2,4.9,85.6,23.0,3.6,2.9,0.11,LOW
PX-10926,Infantry,Extreme,67.0,11.9,10.0,2,245,11.6,0.0,4.8,9.3,73.4,13.5,4.0,3.9,0.676,ELEVATED
PX-10948,Logistics & ASC,Medium,51.7,5.1,5.3,1,151,39.2,3.4,6.8,4.3,91.2,23.3,3.9,2.1,0.02,LOW
PX-12022,Infantry,Medium,40.9,0.0,7.7,2,251,41.8,3.1,5.8,4.3,88.2,19.1,4.3,1.9,0.142,LOW
PX-12050,Medical Corps,Extreme,64.1,8.2,8.2,4,255,21.1,0.6,4.9,9.2,79.3,14.7,3.7,4.1,0.59,MODERATE
PX-11044,Infantry,High,67.4,10.7,9.4,2,283,23.6,0.8,5.4,8.9,68.0,11.3,3.8,4.1,0.59,MODERATE
PX-13012,Air Defense,High,57.0,5.4,6.9,1,183,25.4,1.9,5.3,4.8,71.6,16.1,3.9,3.3,0.343,LOW
PX-11361,Artillery,High,48.3,0.0,6.9,3,172,26.8,2.3,5.2,7.9,76.6,14.3,4.1,3.3,0.363,LOW
PX-14862,Artillery,Low,46.4,0.0,12.2,2,266,44.9,4.6,7.6,0.7,81.8,27.9,4.5,2.1,0.049,LOW
PX-10657,Artillery,High,52.8,3.8,14.1,4,346,21.2,1.6,6.0,4.1,64.1,15.1,4.1,3.6,0.359,LOW
PX-13291,Signals,High,52.3,3.3,7.7,0,189,25.6,1.4,5.2,5.4,69.3,18.4,3.2,3.8,0.391,MODERATE
PX-12833,Air Defense,High,59.4,8.8,7.3,3,195,22.9,0.7,5.1,7.0,73.6,14.1,3.8,3.9,0.436,MODERATE
PX-12610,Logistics & ASC,Medium,48.2,1.1,11.8,1,262,29.4,3.4,6.6,3.4,85.0,16.8,3.3,2.0,0.157,LOW
PX-12296,Signals,Medium,55.0,5.7,11.6,1,277,25.5,4.7,5.1,6.0,80.4,14.5,4.5,2.9,0.343,LOW
PX-10978,Combat Engineers,Medium,42.7,0.0,3.8,0,114,48.4,1.2,6.3,3.3,81.7,21.7,4.6,2.7,0.036,LOW
PX-14014,Combat Engineers,Extreme,58.4,3.4,7.2,1,194,19.7,0.0,4.4,8.2,62.7,14.3,4.7,4.3,0.488,MODERATE
PX-14039,Air Defense,Low,43.0,0.0,4.6,2,244,55.8,4.3,7.5,0.8,87.6,21.4,4.0,1.3,0.02,LOW
PX-10949,Artillery,High,52.0,3.4,18.0,3,365,23.3,0.2,5.9,6.3,61.6,13.4,3.8,4.0,0.45,MODERATE
PX-14481,Combat Engineers,High,65.6,8.5,13.4,2,286,28.5,1.6,5.2,9.0,76.0,11.9,4.6,3.7,0.505,MODERATE
PX-10020,Signals,High,59.5,11.2,8.3,3,209,24.6,0.3,4.1,7.5,70.9,11.5,4.4,3.3,0.561,MODERATE
PX-14302,Medical Corps,Low,45.5,0.0,3.0,1,115,46.9,5.2,6.2,2.9,71.7,22.8,3.3,2.0,0.02,LOW
PX-11657,Logistics & ASC,Extreme,57.6,6.9,7.8,4,201,21.3,0.2,5.2,6.2,57.5,20.6,3.9,4.6,0.426,MODERATE
PX-12373,Artillery,High,51.6,0.0,11.8,1,283,22.8,1.6,6.8,4.5,89.6,18.5,3.4,4.0,0.18,LOW
PX-14827,Armored,Medium,57.6,3.2,6.8,1,171,43.6,1.8,5.6,3.1,82.6,18.4,4.0,1.9,0.182,LOW
PX-14054,Air Defense,High,64.0,12.0,7.3,1,190,22.7,1.7,4.9,7.1,72.3,19.6,4.4,3.0,0.486,MODERATE
PX-10386,Signals,Low,49.2,2.6,3.7,1,187,54.9,3.4,6.9,1.5,92.0,17.9,3.3,1.9,0.02,LOW
PX-10145,Artillery,High,58.8,8.2,5.8,2,226,34.5,1.9,5.0,6.1,83.4,18.3,4.7,3.1,0.317,LOW
PX-11951,Infantry,Extreme,55.9,5.7,9.2,2,246,23.3,1.3,4.6,8.3,66.8,11.6,3.8,4.2,0.585,MODERATE
PX-14988,Logistics & ASC,Low,44.6,0.2,8.5,1,213,47.2,3.5,7.2,0.4,81.4,22.7,3.5,1.7,0.02,LOW
PX-12935,Armored,Medium,45.3,0.0,11.1,4,252,30.3,2.5,6.6,2.7,88.7,18.1,3.5,2.5,0.127,LOW
PX-12962,Infantry,High,49.2,3.0,7.4,3,184,22.2,1.2,6.0,6.8,75.8,15.8,2.8,3.5,0.249,LOW
PX-13769,Combat Engineers,Low,41.9,0.0,2.8,3,113,51.5,3.0,6.8,1.3,75.3,24.4,3.7,2.0,0.02,LOW
PX-14680,Medical Corps,Medium,48.8,4.0,4.0,3,210,53.8,3.6,7.1,2.6,84.2,20.3,4.3,2.1,0.02,LOW
PX-10653,Infantry,High,51.1,0.7,7.6,3,198,26.3,1.7,6.5,4.0,72.1,21.0,4.1,3.7,0.165,LOW
PX-13773,Air Defense,High,48.4,3.0,5.6,2,175,32.8,1.3,6.0,4.6,79.1,19.5,3.7,3.8,0.088,LOW
PX-11727,Logistics & ASC,Low,43.7,0.0,2.1,0,105,46.0,5.0,6.5,1.0,77.1,25.9,4.2,2.0,0.02,LOW
PX-13960,Artillery,Medium,49.5,3.7,4.3,1,152,51.3,3.5,6.3,2.9,83.7,18.3,3.7,2.9,0.02,LOW
PX-13560,Signals,Low,38.7,0.0,9.2,1,214,39.7,4.3,7.3,0.2,97.0,21.3,4.7,2.1,0.02,LOW
PX-14895,Armored,High,66.3,16.4,10.0,3,309,23.3,2.1,5.2,7.8,74.3,11.2,3.0,3.8,0.642,MODERATE
PX-14460,Armored,Extreme,59.8,5.2,7.7,3,192,30.4,0.0,4.8,8.5,72.9,12.3,3.6,4.0,0.436,MODERATE
PX-12921,Infantry,High,56.7,7.6,13.8,2,315,11.9,0.8,5.3,5.9,78.9,11.4,3.2,3.4,0.511,MODERATE
PX-14410,Artillery,Medium,52.0,3.5,5.6,4,159,34.3,4.5,6.1,3.3,77.0,21.5,3.0,2.9,0.107,LOW
PX-12428,Combat Engineers,High,54.4,5.1,6.4,0,177,33.2,1.5,4.8,6.0,65.5,15.5,3.6,3.7,0.42,MODERATE
PX-12884,Combat Engineers,Low,46.9,0.0,3.2,1,126,57.5,4.3,6.9,1.4,100.0,21.0,3.4,2.0,0.02,LOW
PX-11110,Infantry,Low,38.1,0.0,3.6,1,146,56.0,2.9,7.8,0.3,92.1,25.5,4.2,1.8,0.02,LOW
PX-14030,Armored,Medium,40.6,0.0,6.4,1,194,45.7,2.5,6.7,2.3,74.5,19.8,3.3,2.1,0.02,LOW
PX-14798,Logistics & ASC,Low,46.9,2.3,13.5,2,295,46.8,2.3,7.0,1.7,91.5,18.7,3.6,1.8,0.069,LOW
PX-14966,Artillery,Medium,45.4,1.1,4.8,4,141,36.6,3.2,5.8,4.0,88.1,21.1,3.2,2.4,0.031,LOW
PX-14331,Logistics & ASC,Low,38.5,0.0,9.8,4,299,38.2,2.4,6.9,2.3,93.7,18.5,4.0,1.4,0.062,LOW
PX-12054,Artillery,Low,50.7,0.0,4.6,3,133,52.2,3.4,7.2,1.2,79.1,20.0,4.6,2.1,0.02,LOW
PX-11707,Armored,High,58.6,9.6,14.1,2,328,16.1,2.0,4.9,6.9,67.7,8.4,3.2,3.7,0.638,MODERATE
PX-13284,Infantry,Medium,47.9,0.0,12.3,2,303,29.2,2.4,7.3,2.8,82.3,24.9,5.0,2.4,0.06,LOW
PX-10247,Armored,Medium,50.3,3.6,7.5,3,222,44.7,3.2,6.9,3.5,90.6,18.1,4.1,2.5,0.02,LOW
PX-14704,Infantry,Medium,51.1,2.4,6.1,1,157,30.9,4.7,5.7,3.7,73.1,17.2,4.1,2.4,0.026,LOW
PX-11182,Infantry,Extreme,60.8,12.4,7.8,1,190,17.2,0.0,4.9,10.0,67.8,13.5,2.6,4.2,0.681,ELEVATED
PX-13168,Infantry,Medium,52.4,6.5,5.8,1,192,39.6,2.8,6.1,2.2,77.6,20.8,5.0,2.0,0.02,LOW
PX-12468,Combat Engineers,Extreme,62.7,9.2,9.6,2,248,12.0,0.2,4.0,8.8,70.8,7.6,3.7,4.3,0.79,ELEVATED
PX-14118,Artillery,High,39.4,0.0,8.7,2,222,30.0,2.2,5.8,6.4,66.2,17.5,2.8,3.6,0.312,LOW
PX-10222,Signals,Low,36.0,0.0,2.1,3,101,44.0,2.8,8.2,0.4,83.5,28.5,3.7,1.5,0.02,LOW
PX-12327,Infantry,High,52.7,2.5,9.4,5,252,23.7,2.4,6.1,,74.2,,3.6,4.0,0.329,LOW
PX-10373,Artillery,High,57.6,8.4,6.8,6,199,33.5,1.6,5.3,4.9,90.2,19.2,4.4,3.6,0.358,LOW
PX-13429,Air Defense,High,59.5,6.4,5.7,1,159,32.0,1.2,5.8,3.5,67.0,12.6,2.3,3.6,0.364,LOW
PX-10359,Combat Engineers,Extreme,68.2,15.0,7.5,6,221,27.5,0.3,4.3,10.0,60.2,5.4,3.1,3.9,0.76,ELEVATED
PX-12107,Medical Corps,Medium,41.7,0.0,6.3,1,243,39.8,2.8,6.1,4.2,81.6,21.1,4.0,3.0,0.128,LOW
PX-11166,Air Defense,High,47.9,0.0,9.2,3,232,30.9,1.3,6.6,4.8,85.5,18.3,4.1,4.1,0.084,LOW
PX-11923,Artillery,High,62.2,8.6,8.0,2,239,27.1,2.5,4.7,8.6,68.5,8.9,3.1,3.7,0.53,MODERATE
PX-14678,Infantry,High,66.1,14.1,7.0,3,222,21.8,3.2,4.6,8.5,73.4,14.8,4.8,3.0,0.487,MODERATE
PX-14252,Infantry,High,59.0,7.4,6.9,2,175,45.4,1.4,5.2,6.4,86.3,17.9,4.0,3.8,0.403,MODERATE
PX-14159,Infantry,High,55.9,7.1,12.5,1,289,13.3,1.3,5.8,5.7,75.4,15.4,3.6,4.0,0.363,LOW
PX-11988,Medical Corps,Low,38.0,0.0,2.6,1,115,53.1,4.1,6.9,0.0,83.3,25.6,4.3,1.6,0.02,LOW
PX-12828,Air Defense,High,52.5,5.0,7.4,3,203,24.2,2.1,6.0,5.1,78.7,18.0,3.5,3.8,0.263,LOW
PX-11491,Air Defense,High,54.1,4.2,9.1,3,221,26.1,0.7,5.3,,74.0,15.5,3.3,3.2,0.483,MODERATE
PX-12714,Logistics & ASC,Low,45.6,0.0,2.3,0,141,55.5,3.8,6.2,2.1,78.2,21.1,3.7,1.9,0.02,LOW
PX-12904,Artillery,Extreme,64.3,9.9,12.8,3,275,16.7,0.8,3.5,10.0,76.1,11.5,4.4,4.6,0.8,ELEVATED
PX-13185,Infantry,Extreme,58.0,13.0,17.3,2,365,11.1,0.6,4.1,8.5,54.7,6.6,3.2,3.9,0.846,ELEVATED
PX-14144,Armored,Low,57.0,6.8,6.1,4,254,41.9,3.2,6.6,1.6,76.0,18.4,4.0,2.1,0.072,LOW
PX-12846,Infantry,High,56.2,2.9,7.6,2,256,41.6,0.4,6.3,4.1,71.8,18.8,3.8,3.9,0.25,LOW
PX-14889,Medical Corps,High,46.0,2.7,13.6,5,313,20.8,2.1,5.4,5.7,81.2,16.7,4.4,3.1,0.336,LOW
PX-11950,Medical Corps,Medium,50.8,3.4,4.5,3,137,38.3,2.6,5.9,2.2,80.9,17.9,2.7,2.6,0.058,LOW
PX-10024,Air Defense,High,47.7,0.0,5.9,2,210,25.9,4.8,4.8,5.7,67.5,18.2,3.8,4.0,0.318,LOW
PX-11558,Signals,High,54.0,6.3,6.1,2,165,32.9,1.0,4.7,6.4,76.4,14.5,3.7,3.6,0.348,LOW
PX-10533,Signals,Low,37.2,0.0,3.3,2,119,60.0,2.4,8.5,0.0,88.3,24.5,3.5,1.1,0.02,LOW
PX-13010,Artillery,Extreme,67.6,13.5,8.3,3,209,15.2,0.0,4.7,9.3,68.4,14.3,3.3,4.9,0.695,ELEVATED
PX-11043,Signals,Extreme,61.3,13.0,8.1,0,225,24.3,0.0,4.4,8.1,50.1,13.6,4.3,5.0,0.621,MODERATE
PX-11550,Infantry,Extreme,73.9,22.2,9.4,5,276,17.9,0.3,3.7,10.0,78.8,6.7,4.0,4.2,0.803,ELEVATED
PX-13551,Combat Engineers,High,55.0,4.2,8.2,1,211,31.3,2.9,6.3,5.4,60.0,20.5,4.9,3.6,0.227,LOW
PX-12120,Artillery,Medium,59.9,5.5,6.4,1,179,43.1,3.8,6.1,2.7,88.8,20.2,4.1,2.3,0.102,LOW
PX-14310,Combat Engineers,Medium,41.4,0.0,12.4,1,286,19.9,3.2,7.4,2.2,73.3,22.2,3.6,1.9,0.144,LOW
PX-10796,Infantry,High,53.8,4.2,6.4,3,194,27.6,1.9,7.0,5.2,71.0,16.1,3.8,3.1,0.201,LOW
PX-13421,Artillery,High,50.2,2.0,6.7,3,292,30.3,2.8,5.7,6.3,69.1,12.3,2.9,3.3,0.352,LOW
PX-12321,Infantry,Low,45.0,0.4,2.2,0,126,47.3,5.0,6.6,1.8,75.8,22.2,2.9,1.7,0.02,LOW
PX-13902,Signals,Medium,52.1,2.5,12.3,0,300,36.2,2.8,7.6,2.1,71.6,17.3,3.7,1.9,0.127,LOW
PX-14751,Combat Engineers,Extreme,72.8,16.8,7.4,2,295,17.7,1.1,4.3,10.0,66.9,13.6,3.3,4.6,0.739,ELEVATED
PX-12310,Medical Corps,Medium,57.5,5.1,5.7,1,189,36.0,2.9,6.7,1.8,72.0,18.9,3.8,2.9,0.025,LOW
PX-14927,Armored,Low,50.4,0.4,3.0,4,104,44.2,3.1,6.9,0.0,89.8,24.7,4.2,1.2,0.02,LOW
PX-12746,Infantry,High,60.7,12.4,8.4,2,261,26.2,1.1,6.2,6.2,,16.8,3.9,3.0,0.37,LOW
PX-10762,Infantry,High,54.6,5.4,6.4,5,179,28.7,4.4,5.2,6.7,77.7,14.1,3.7,3.6,0.304,LOW
PX-11037,Armored,Medium,48.1,0.0,9.2,1,219,43.2,1.7,5.6,3.9,74.6,17.2,4.6,2.3,0.192,LOW
PX-13782,Logistics & ASC,Extreme,72.9,18.5,8.1,1,191,9.5,0.0,4.1,10.0,68.3,6.0,2.8,4.9,0.785,ELEVATED
PX-10050,Infantry,Medium,44.0,0.0,3.7,1,122,40.1,3.5,6.1,3.7,78.8,26.3,4.9,2.7,0.02,LOW
PX-11103,Air Defense,High,55.5,4.3,7.6,2,208,24.3,1.6,4.6,5.9,80.8,20.7,5.0,3.6,0.331,LOW
PX-11357,Armored,Extreme,57.8,6.3,7.5,3,316,16.0,0.6,5.5,6.8,74.4,16.0,3.9,4.1,0.432,MODERATE
PX-13445,Artillery,Low,51.9,3.3,3.7,2,115,52.3,3.4,7.0,0.9,90.2,16.5,3.3,1.8,0.02,LOW
PX-14839,Infantry,Extreme,63.7,12.1,10.5,1,260,32.3,1.8,5.1,8.4,64.8,13.2,3.1,4.7,0.701,ELEVATED
PX-12710,Medical Corps,Medium,46.9,1.2,4.8,2,148,50.8,2.8,5.8,5.4,86.9,23.1,4.8,2.9,0.03,LOW
PX-10394,Infantry,High,47.9,0.0,6.5,2,209,37.5,1.9,5.3,5.3,69.8,17.9,3.4,3.4,0.274,LOW
PX-12523,Combat Engineers,Medium,55.4,8.8,3.8,2,186,40.7,2.2,5.2,4.8,81.5,15.4,4.4,2.2,0.252,LOW
PX-11702,Artillery,Extreme,70.5,13.0,7.5,4,197,18.5,0.0,5.2,9.1,81.1,11.8,4.0,4.6,0.549,MODERATE
PX-13594,Infantry,Low,44.9,0.0,2.4,1,126,56.6,5.1,6.0,,82.8,20.8,4.7,2.0,0.02,LOW
PX-12045,Infantry,Extreme,63.0,12.0,11.5,4,256,9.8,0.0,4.6,9.1,70.4,3.3,3.5,4.8,0.768,ELEVATED
PX-11311,Logistics & ASC,High,58.9,7.4,6.2,2,160,36.2,2.2,5.0,7.4,71.4,13.2,3.9,3.2,0.379,LOW
PX-10413,Logistics & ASC,Low,49.4,3.8,7.4,1,222,43.6,3.6,6.5,1.6,78.5,21.2,4.2,1.7,0.02,LOW
PX-10876,Artillery,High,63.5,15.0,7.1,1,178,33.9,2.5,5.1,7.9,68.4,14.8,4.0,3.6,0.443,MODERATE
PX-10826,Combat Engineers,High,52.6,5.3,5.6,1,165,35.6,2.6,6.4,5.0,85.8,18.0,3.0,4.0,0.117,LOW
PX-14782,Logistics & ASC,Medium,51.1,0.7,4.7,3,138,48.5,4.2,7.2,1.3,81.0,18.0,3.4,2.9,0.02,LOW
PX-14896,Infantry,High,56.9,6.0,6.0,2,156,33.9,0.0,6.0,6.2,83.0,15.6,3.7,3.3,0.277,LOW
PX-13981,Armored,High,58.1,6.0,8.1,2,212,20.4,1.2,5.5,6.2,70.3,13.5,3.4,3.0,0.399,MODERATE
PX-10246,Combat Engineers,High,53.1,3.7,5.7,1,158,27.8,2.0,5.6,6.5,79.3,15.9,3.0,3.6,0.301,LOW
PX-13122,Artillery,High,55.3,7.9,10.1,1,240,23.0,2.1,5.1,6.1,65.5,17.5,4.0,3.2,0.433,MODERATE
PX-14403,Artillery,Medium,44.6,0.0,4.5,3,144,42.9,3.1,6.2,1.8,80.8,26.3,3.3,2.6,0.02,LOW
PX-14976,Armored,High,59.4,6.6,6.2,4,179,30.1,3.5,5.5,,75.8,13.2,2.6,4.2,0.462,MODERATE
PX-13849,Artillery,Extreme,59.7,6.7,8.0,4,241,26.3,0.7,5.6,6.2,72.3,19.2,4.3,4.7,0.381,MODERATE
PX-14544,Artillery,High,55.6,6.1,5.7,1,154,26.1,0.5,5.7,4.9,78.4,12.8,3.1,3.9,0.338,LOW
PX-10272,Infantry,Extreme,69.7,12.5,8.2,1,227,23.4,1.4,3.5,10.0,64.3,6.8,3.6,4.6,0.811,ELEVATED
PX-14221,Infantry,Medium,52.6,2.8,11.1,2,334,32.6,4.9,6.9,2.5,78.5,18.0,3.8,2.0,0.122,LOW
PX-10183,Artillery,High,60.6,8.1,7.0,2,198,27.7,0.7,5.8,7.2,,10.3,3.4,4.1,0.445,MODERATE
PX-12558,Armored,Extreme,71.6,16.2,7.3,5,177,14.0,0.7,4.8,9.9,71.2,8.5,3.1,3.9,0.69,ELEVATED
PX-12798,Signals,Medium,49.8,3.1,4.4,2,166,47.0,2.7,6.1,3.8,87.6,18.2,4.5,1.9,0.045,LOW
PX-10615,Signals,Low,41.7,0.0,3.1,2,142,59.7,2.3,7.5,0.0,87.2,24.0,3.8,1.6,0.02,LOW
PX-10795,Artillery,High,44.9,0.0,7.2,1,230,37.9,3.5,5.6,5.0,80.8,14.9,2.7,4.0,0.26,LOW
PX-11288,Armored,Medium,53.2,1.2,3.8,2,114,44.2,2.6,7.8,0.4,88.1,26.3,4.3,2.4,0.02,LOW
PX-14969,Combat Engineers,High,55.5,4.8,7.7,2,206,27.3,3.4,6.2,4.4,93.6,16.5,3.3,3.5,0.129,LOW
PX-11984,Combat Engineers,Medium,44.9,0.0,12.6,0,273,33.9,2.9,6.4,3.0,73.1,17.1,2.9,1.9,0.194,LOW
PX-10694,Logistics & ASC,Medium,51.7,3.5,7.7,2,188,31.7,1.0,6.4,3.2,82.6,18.5,4.5,2.5,0.184,LOW
PX-12565,Artillery,Extreme,65.8,14.1,11.2,5,311,24.4,0.1,6.7,7.8,65.6,17.7,4.8,4.6,0.394,MODERATE
PX-14390,Infantry,High,56.7,10.4,7.9,2,197,32.3,2.0,4.8,5.7,78.8,,3.5,3.8,0.44,MODERATE
PX-11270,Medical Corps,Medium,49.4,3.0,5.1,3,206,38.0,2.7,5.8,3.5,81.9,20.6,4.4,2.6,0.165,LOW
PX-13675,Logistics & ASC,Medium,60.6,11.5,3.7,1,237,42.3,0.7,5.6,4.7,86.9,14.4,3.0,2.3,0.363,LOW
PX-14630,Artillery,High,57.5,10.6,6.2,1,210,35.9,1.7,4.9,6.6,71.9,16.3,3.3,3.3,0.418,MODERATE
PX-11938,Infantry,Low,40.7,0.0,2.4,0,140,48.4,7.0,7.9,0.0,79.4,27.5,4.3,2.1,0.02,LOW
PX-11596,Infantry,Medium,48.2,0.1,4.2,3,123,42.2,1.8,6.5,4.2,78.7,26.6,4.8,2.2,0.02,LOW
PX-14875,Combat Engineers,High,51.5,5.8,11.7,1,293,20.3,2.5,5.4,6.1,74.8,14.5,3.8,3.4,0.391,MODERATE
PX-12630,Infantry,High,57.0,4.3,11.6,1,255,17.1,1.8,5.2,6.1,86.6,15.5,4.1,4.2,0.501,MODERATE
PX-10054,Signals,High,57.0,9.2,7.2,2,178,43.6,2.3,4.6,7.0,62.6,13.5,2.7,3.2,0.527,MODERATE
PX-14269,Signals,High,55.5,6.0,8.1,3,229,33.9,1.7,6.5,4.6,75.5,18.0,2.5,3.3,0.253,LOW
PX-13931,Combat Engineers,Medium,42.3,0.0,4.2,4,176,42.5,2.3,7.5,0.0,85.2,23.0,3.3,2.8,0.02,LOW
PX-11102,Air Defense,High,50.0,0.0,10.4,2,283,24.5,1.8,4.8,7.8,,,4.2,3.0,0.433,MODERATE
PX-14560,Medical Corps,Medium,48.8,0.0,9.7,2,227,27.4,2.0,6.4,2.3,93.2,18.8,4.1,2.6,0.125,LOW
PX-11406,Medical Corps,Extreme,58.3,7.9,11.0,1,246,25.5,0.3,5.3,6.7,70.7,12.1,2.9,4.7,0.606,MODERATE
PX-13910,Armored,Medium,48.6,1.5,6.0,3,202,32.4,2.6,6.5,4.3,71.7,26.3,3.9,2.1,0.053,LOW
PX-13915,Artillery,Medium,48.5,2.0,4.4,3,129,50.3,2.2,6.9,1.7,83.9,21.7,4.1,1.9,0.02,LOW
PX-11743,Medical Corps,Low,41.4,0.0,9.6,3,237,45.5,1.7,7.8,0.6,88.2,21.5,3.9,1.1,0.02,LOW
PX-10256,Air Defense,High,53.9,4.0,5.7,2,225,27.5,1.8,5.3,6.3,76.7,15.4,3.5,3.0,0.321,LOW
PX-12437,Signals,Medium,48.2,2.0,4.0,1,192,40.9,2.7,6.0,3.2,66.0,17.9,3.4,2.3,0.168,LOW
PX-12563,Armored,Medium,50.3,3.0,6.0,2,155,36.0,2.9,6.2,3.4,88.3,16.1,3.4,2.2,0.138,LOW
PX-10058,Infantry,High,56.0,4.5,7.5,1,209,38.0,1.9,6.0,5.3,54.0,14.2,3.7,3.7,0.376,LOW
PX-14204,Signals,Low,42.1,0.0,4.6,1,160,32.9,3.6,8.2,0.0,94.8,29.2,3.7,1.6,0.02,LOW
PX-13334,Artillery,Medium,49.5,0.0,14.2,0,341,23.7,3.7,5.7,4.6,78.6,14.5,4.1,2.3,0.307,LOW
PX-13433,Infantry,High,54.7,7.4,5.5,0,148,32.8,1.3,5.6,6.3,71.0,17.1,3.3,4.0,0.34,LOW
PX-13180,Logistics & ASC,Low,46.4,0.0,4.3,1,125,45.3,3.5,7.0,0.8,93.1,20.7,4.0,1.3,0.02,LOW
PX-10598,Medical Corps,Medium,48.8,1.7,6.6,1,250,36.5,2.8,6.2,3.2,,18.5,3.1,2.3,0.22,LOW
PX-11272,Artillery,High,58.2,8.2,9.7,1,220,16.6,1.6,5.5,5.5,74.8,11.3,3.3,3.2,0.43,MODERATE
PX-12682,Infantry,High,52.5,2.1,6.3,2,203,37.5,1.6,7.3,2.6,69.8,16.7,2.9,3.4,0.176,LOW
PX-12492,Infantry,Extreme,62.1,10.6,11.2,3,257,15.9,0.1,4.6,9.0,62.1,12.5,4.0,4.0,0.777,ELEVATED
PX-12600,Armored,Extreme,65.7,9.8,8.8,3,208,9.4,0.0,4.0,10.0,77.3,10.1,3.0,4.7,0.682,ELEVATED
PX-13165,Signals,Medium,39.4,0.0,4.7,1,145,56.0,2.9,7.2,1.7,88.9,24.1,4.5,2.8,0.02,LOW
PX-13489,Armored,High,63.1,9.2,9.3,1,213,26.6,2.2,4.7,8.6,67.9,10.0,3.3,3.0,0.58,MODERATE
PX-14212,Armored,Low,50.4,3.5,4.3,0,130,53.0,2.6,7.1,1.4,74.8,20.8,3.6,1.5,0.02,LOW
PX-13978,Armored,High,58.5,4.4,14.8,2,330,14.7,3.2,4.8,7.2,69.0,10.1,3.8,3.8,0.578,MODERATE
PX-14712,Combat Engineers,Extreme,59.0,5.2,9.4,3,235,31.1,1.3,5.0,8.2,68.3,18.9,4.4,4.8,0.527,MODERATE
PX-12632,Logistics & ASC,High,60.0,10.6,13.9,0,335,15.9,0.7,5.4,4.7,64.3,11.3,2.9,3.0,0.485,MODERATE
PX-12674,Combat Engineers,High,60.0,8.2,8.6,1,206,33.6,2.0,5.5,4.2,79.4,16.8,3.9,3.3,0.363,LOW
PX-14655,Logistics & ASC,High,53.2,6.0,8.2,4,221,30.7,2.7,5.6,4.8,70.3,18.0,4.3,3.8,0.239,LOW
PX-13245,Combat Engineers,Medium,43.2,0.0,8.7,0,220,42.8,4.6,6.0,3.4,100.0,21.3,3.9,2.1,0.02,LOW
PX-13465,Air Defense,High,59.3,6.1,6.9,1,202,19.9,3.3,4.6,7.4,65.1,13.6,3.8,3.5,0.511,MODERATE
PX-11447,Combat Engineers,High,65.4,10.3,5.6,3,197,39.9,3.1,5.3,8.5,81.4,12.8,3.5,3.3,0.362,LOW
PX-12249,Artillery,High,56.3,6.7,18.0,2,365,8.0,2.1,5.3,5.7,89.0,13.7,4.1,3.8,0.46,MODERATE
PX-10855,Armored,High,49.3,0.0,5.6,1,154,29.9,0.9,6.3,4.3,69.1,21.2,3.4,3.9,0.193,LOW
PX-14924,Armored,Low,53.4,5.7,3.7,3,113,55.8,3.0,7.4,0.2,80.1,23.3,4.1,2.0,0.02,LOW
PX-13490,Combat Engineers,Medium,52.0,5.5,6.2,4,217,36.3,2.8,6.5,3.6,79.9,,3.6,2.9,0.095,LOW
PX-12946,Artillery,Extreme,57.7,8.4,11.4,3,262,17.1,1.2,4.7,7.6,61.7,17.3,4.7,4.1,0.596,MODERATE
PX-11195,Infantry,High,64.5,9.3,10.1,3,230,25.3,1.2,5.3,8.4,83.8,10.6,4.4,3.2,0.605,MODERATE
PX-12918,Infantry,Extreme,61.0,11.7,8.1,1,225,26.4,0.9,4.6,8.6,66.4,14.8,3.7,4.4,0.548,MODERATE
PX-14069,Infantry,Medium,48.0,0.0,8.9,2,211,27.7,4.8,6.2,2.5,80.7,20.2,4.2,1.9,0.103,LOW
PX-13507,Air Defense,Medium,46.8,0.0,5.0,3,142,47.0,2.1,6.3,3.6,78.9,21.9,4.3,2.4,0.02,LOW
PX-11028,Signals,High,52.0,0.8,7.3,2,217,38.4,1.9,5.3,5.0,61.7,12.4,2.8,3.9,0.372,LOW
PX-10208,Infantry,Low,40.6,0.0,2.3,2,88,52.1,5.1,7.3,0.6,83.5,21.8,3.1,2.0,0.02,LOW
PX-10591,Armored,High,47.1,1.2,10.0,1,230,22.4,2.3,5.9,5.4,69.1,21.6,4.3,3.8,0.316,LOW
PX-11132,Infantry,High,61.0,8.9,10.9,3,338,26.9,1.7,6.0,5.3,65.7,15.1,3.9,3.0,0.383,MODERATE
PX-11002,Infantry,High,60.0,3.3,6.3,1,228,23.9,2.6,5.3,6.3,72.1,15.1,4.5,3.7,0.401,MODERATE
PX-11129,Medical Corps,Low,44.1,0.0,12.0,0,270,37.0,2.3,6.6,3.0,84.8,20.5,3.5,1.6,0.098,LOW
PX-11523,Air Defense,Medium,43.4,0.0,4.4,2,180,37.8,3.6,6.8,2.4,76.2,21.0,4.3,2.5,0.02,LOW
PX-14647,Infantry,High,57.3,7.5,18.0,3,365,13.2,1.7,5.9,6.2,79.0,13.0,4.3,3.2,0.397,MODERATE
PX-10432,Signals,Medium,54.6,7.4,9.7,1,321,30.5,3.8,6.1,4.5,80.0,16.8,3.3,2.6,0.271,LOW
PX-14785,Logistics & ASC,Medium,60.5,8.7,4.5,3,205,34.4,2.5,6.4,4.9,86.9,15.2,3.4,2.0,0.159,LOW
PX-14772,Infantry,High,53.2,6.0,7.6,0,221,21.1,2.6,5.1,6.0,70.0,12.8,3.7,3.3,0.301,LOW
PX-10906,Armored,High,46.8,0.7,5.9,2,178,25.3,1.3,5.1,6.1,84.2,14.5,2.9,3.0,0.304,LOW
PX-13052,Signals,High,56.0,3.9,7.2,3,273,23.9,3.1,6.3,4.6,65.9,18.2,3.1,3.5,0.215,LOW
PX-12718,Infantry,Extreme,55.7,4.0,14.6,2,327,20.0,0.9,5.1,7.2,72.7,13.2,3.6,4.5,0.605,MODERATE
PX-12499,Armored,Low,49.1,0.0,3.5,4,120,55.5,4.8,7.9,1.1,85.8,28.0,3.7,2.0,0.02,LOW
PX-13692,Infantry,Low,49.5,1.9,2.9,2,108,42.7,3.6,7.5,1.1,76.9,19.7,2.8,2.0,0.02,LOW
PX-10703,Logistics & ASC,Medium,55.2,5.5,4.3,1,126,41.4,4.7,6.7,2.6,87.0,,2.9,2.7,0.068,LOW
PX-14287,Infantry,High,64.8,13.0,9.6,1,322,27.5,1.7,5.3,8.0,80.3,7.9,4.1,4.1,0.562,MODERATE
PX-13923,Logistics & ASC,Low,36.0,0.0,9.3,0,238,44.4,3.6,8.5,1.1,76.1,27.3,4.3,1.7,0.02,LOW
PX-10905,Signals,High,55.4,3.2,14.0,1,327,24.5,2.0,4.1,8.0,72.3,11.0,4.2,3.6,0.598,MODERATE
PX-12204,Artillery,High,62.1,11.2,6.8,3,277,31.5,0.7,5.1,8.1,77.4,11.5,3.7,3.0,0.575,MODERATE
PX-11928,Infantry,Medium,49.4,1.1,6.1,5,177,49.2,2.7,6.8,3.8,78.1,22.4,3.9,2.5,0.02,LOW
PX-12390,Combat Engineers,Medium,53.3,6.0,6.0,1,179,37.3,3.3,6.2,4.8,84.2,19.2,3.9,2.7,0.138,LOW
PX-13833,Armored,High,59.3,7.9,11.0,2,279,17.7,0.4,5.5,4.3,78.3,,4.1,3.6,0.425,MODERATE
PX-12979,Logistics & ASC,Medium,47.6,0.0,3.7,0,141,52.2,3.6,7.3,1.7,79.5,20.9,2.6,2.9,0.02,LOW
PX-13983,Infantry,Extreme,68.9,15.5,8.1,1,207,17.0,0.0,3.5,10.0,53.4,4.9,4.2,3.9,0.777,ELEVATED
PX-14730,Artillery,Medium,61.5,11.1,3.7,0,135,39.2,2.4,5.3,6.9,82.3,17.5,3.8,2.6,0.314,LOW
PX-12601,Signals,Extreme,55.0,5.6,9.3,3,226,18.5,2.4,4.7,8.1,75.9,8.8,3.6,4.9,0.474,MODERATE
PX-14486,Air Defense,High,49.5,0.0,8.0,1,216,24.7,3.9,6.4,4.5,83.8,19.2,3.5,3.8,0.143,LOW
PX-13074,Logistics & ASC,Extreme,53.9,3.6,7.6,2,234,16.5,0.0,5.5,6.1,71.8,18.7,4.5,4.9,0.414,MODERATE
PX-10877,Artillery,Medium,51.0,3.4,3.6,3,199,56.9,3.3,5.3,5.4,82.6,17.6,4.0,2.3,0.122,LOW
PX-11735,Signals,Extreme,63.9,14.3,10.8,4,254,25.0,0.0,4.4,9.9,68.5,13.9,3.8,3.8,0.662,ELEVATED
PX-14308,Logistics & ASC,Low,36.9,0.0,3.0,1,111,54.7,6.2,6.6,2.1,90.4,22.5,2.8,1.3,0.02,LOW
PX-10101,Signals,Low,40.1,0.0,3.6,2,140,48.4,2.0,7.0,0.7,87.4,25.1,4.0,1.1,0.02,LOW
PX-14378,Logistics & ASC,Low,36.0,0.0,6.9,0,173,42.1,4.8,7.6,0.3,85.7,22.1,2.6,1.9,0.02,LOW
PX-10736,Infantry,High,60.2,13.9,11.4,2,304,30.3,0.7,6.3,6.4,76.2,14.4,3.9,3.8,0.394,MODERATE
PX-12144,Artillery,Extreme,60.3,8.6,7.8,2,222,24.7,1.3,4.5,10.0,71.3,11.6,3.7,3.9,0.666,ELEVATED
PX-14870,Armored,Low,51.1,4.8,7.6,1,205,36.4,2.2,7.7,0.0,84.2,24.7,3.6,1.4,0.02,LOW
PX-11858,Artillery,Medium,48.3,0.1,17.7,2,365,14.6,2.9,6.1,3.8,77.1,17.6,4.0,2.9,0.238,LOW
PX-10362,Infantry,Medium,49.0,2.8,3.8,2,123,48.4,0.3,6.9,3.3,93.4,21.4,4.0,2.9,0.02,LOW
PX-10611,Signals,Medium,41.6,0.0,4.2,1,162,46.4,2.8,6.3,2.5,72.7,22.9,4.3,2.6,0.02,LOW
PX-11113,Logistics & ASC,Extreme,65.6,13.5,11.1,1,296,20.2,0.9,4.4,,71.7,10.6,4.4,4.2,0.721,ELEVATED
PX-11372,Armored,Extreme,61.2,10.4,11.7,5,262,9.2,0.9,4.6,9.5,50.5,15.8,4.5,4.9,0.759,ELEVATED
PX-11610,Artillery,High,64.1,14.0,6.9,1,179,30.7,1.8,5.8,8.0,78.9,17.2,4.8,4.1,0.367,LOW
PX-12098,Infantry,Medium,47.9,0.0,5.7,2,165,43.7,3.1,6.5,4.2,91.9,19.7,4.4,1.9,0.02,LOW
PX-10939,Infantry,Extreme,64.7,14.1,7.1,1,256,19.4,0.2,4.3,10.0,79.9,9.9,3.1,3.8,0.64,MODERATE
PX-14306,Combat Engineers,Extreme,60.3,11.0,8.7,1,212,15.8,0.2,5.0,10.0,89.0,13.0,4.1,4.4,0.476,MODERATE
PX-12622,Infantry,Medium,53.0,0.9,5.5,3,158,45.2,3.4,6.9,1.5,75.9,19.8,4.5,2.9,0.02,LOW
PX-12336,Logistics & ASC,Medium,52.2,4.9,6.0,2,163,34.3,1.7,7.0,2.9,73.9,24.7,4.1,1.9,0.049,LOW
PX-14175,Combat Engineers,Extreme,55.5,7.2,9.4,3,244,20.3,0.0,6.5,5.4,77.6,16.2,4.3,4.4,0.398,MODERATE
PX-11177,Artillery,Medium,49.6,0.0,6.8,2,181,37.5,4.9,6.3,4.7,70.4,17.5,3.3,2.4,0.089,LOW
PX-14500,Infantry,High,58.5,4.7,13.5,2,326,20.3,0.7,5.4,5.7,85.4,14.6,3.5,4.1,0.542,MODERATE
PX-10680,Infantry,Extreme,66.8,10.6,7.5,3,251,27.8,0.2,3.7,10.0,,8.6,3.8,4.0,0.702,ELEVATED
PX-10560,Infantry,Extreme,61.2,9.3,8.1,3,216,27.8,1.1,4.7,9.2,70.9,13.0,3.8,4.2,0.657,ELEVATED
PX-12304,Armored,High,58.9,6.9,5.7,2,172,34.9,1.4,5.3,6.5,75.6,,3.2,3.8,0.363,LOW
PX-13828,Logistics & ASC,Low,46.2,0.0,9.5,2,234,41.1,4.3,6.9,0.2,84.8,23.3,4.0,1.8,0.02,LOW
PX-11521,Combat Engineers,High,66.1,11.9,13.0,0,294,17.5,0.9,5.1,8.2,68.3,9.1,2.1,3.4,0.689,ELEVATED
PX-13487,Signals,Low,47.7,0.9,3.7,2,122,54.5,3.4,7.2,1.1,78.1,20.7,3.1,1.4,0.02,LOW
PX-14522,Air Defense,Low,37.6,0.0,8.0,1,213,32.8,5.4,7.1,0.2,80.3,21.8,3.8,1.6,0.02,LOW
PX-10612,Medical Corps,Low,41.2,0.0,4.1,0,154,51.8,4.7,6.4,1.8,88.9,20.0,3.5,1.7,0.02,LOW
PX-14073,Infantry,High,46.2,0.4,5.9,5,167,40.9,2.9,5.3,6.4,77.6,22.0,4.5,3.1,0.147,LOW
PX-12364,Signals,Low,41.5,0.0,3.8,1,123,45.4,3.2,6.5,1.8,87.2,23.4,4.0,1.1,0.02,LOW
PX-14113,Armored,Medium,47.9,1.7,3.9,2,165,47.0,4.3,6.9,2.0,72.6,21.0,4.9,2.6,0.02,LOW
PX-11126,Armored,Medium,54.9,2.6,4.7,0,198,43.5,3.2,6.5,2.3,73.6,20.3,4.4,1.9,0.077,LOW
PX-10529,Artillery,High,52.6,0.0,6.0,5,156,32.7,3.9,5.6,5.8,74.2,15.3,3.8,3.9,0.267,LOW
PX-10751,Artillery,Medium,50.2,0.0,8.3,2,253,32.7,4.7,7.5,2.1,90.9,19.0,4.2,3.0,0.02,LOW
PX-11141,Air Defense,Medium,47.5,2.2,4.8,0,133,43.6,4.0,6.6,4.1,68.7,24.5,4.1,2.1,0.02,LOW
PX-14459,Air Defense,Extreme,67.4,11.3,13.8,3,341,11.0,0.6,4.5,9.4,61.0,12.0,3.2,4.7,0.825,ELEVATED
PX-10555,Infantry,Extreme,67.4,13.5,13.8,0,329,7.5,0.9,4.1,10.0,66.7,3.8,3.0,4.1,0.864,ELEVATED
PX-10478,Combat Engineers,High,56.2,7.5,8.2,2,203,33.5,2.9,5.5,6.7,67.8,21.3,4.8,3.8,0.292,LOW
PX-14126,Armored,Medium,43.1,0.0,4.7,1,174,43.6,2.4,5.8,3.0,75.3,23.1,4.9,2.0,0.02,LOW
PX-11990,Infantry,Medium,54.9,6.2,4.4,0,135,40.0,2.1,6.5,4.0,84.4,20.6,3.6,2.9,0.106,LOW
PX-14857,Combat Engineers,High,53.6,5.3,7.9,3,215,27.6,2.6,5.3,7.3,77.4,15.8,4.0,3.5,0.336,LOW
PX-12609,Artillery,Extreme,66.2,18.3,18.0,2,365,8.4,0.3,4.9,9.9,69.4,,3.4,4.3,0.761,ELEVATED
PX-10283,Infantry,High,50.7,2.4,9.4,1,236,20.4,2.4,5.7,6.5,65.6,18.9,3.9,3.4,0.212,LOW
PX-13513,Medical Corps,Extreme,56.2,7.5,7.6,2,185,31.9,0.0,5.7,6.2,78.5,15.9,3.3,4.6,0.429,MODERATE
PX-12989,Combat Engineers,Extreme,65.6,10.1,9.3,2,232,16.0,0.0,3.5,10.0,53.0,8.9,3.9,4.2,0.796,ELEVATED
PX-12843,Infantry,High,52.6,5.2,9.2,1,232,15.6,1.5,5.2,4.7,70.9,17.3,3.8,3.5,0.399,MODERATE
PX-10767,Infantry,High,52.1,2.8,9.2,1,219,31.1,2.7,6.6,3.3,77.4,14.5,3.2,3.3,0.237,LOW
PX-12284,Infantry,Extreme,70.2,20.5,7.1,2,196,29.7,0.0,4.5,8.8,65.4,8.3,3.5,4.5,0.766,ELEVATED
PX-11243,Infantry,Extreme,57.7,8.1,17.0,6,364,5.0,0.9,4.4,8.4,75.7,14.4,4.1,4.6,0.753,ELEVATED
PX-10372,Artillery,Low,48.2,0.2,5.5,1,199,57.5,4.5,7.5,0.5,92.6,24.1,3.7,1.2,0.02,LOW
PX-11832,Armored,Medium,49.3,0.0,5.8,1,162,39.4,2.3,6.2,4.0,66.7,22.0,4.9,2.5,0.074,LOW
PX-12687,Signals,Medium,43.7,0.0,6.3,0,216,40.9,3.3,5.8,3.8,89.1,24.0,3.5,2.9,0.04,LOW
PX-14886,Infantry,High,56.0,5.9,14.1,1,312,20.6,1.0,5.0,5.1,77.5,12.9,4.2,4.1,0.502,MODERATE
PX-11183,Infantry,High,62.5,9.4,12.3,5,355,24.0,0.1,5.0,7.5,78.7,16.5,4.8,4.1,0.55,MODERATE
PX-10987,Infantry,High,60.0,6.6,5.9,2,151,37.0,1.8,4.8,6.7,72.8,15.0,3.4,4.1,0.443,MODERATE
PX-14890,Infantry,High,63.6,10.5,11.5,2,252,28.8,0.8,5.9,7.1,64.3,15.4,4.2,3.1,0.492,MODERATE
PX-11403,Artillery,High,58.2,7.6,7.4,2,219,35.7,1.4,5.1,6.7,72.7,18.6,4.3,3.5,0.363,LOW
PX-13386,Combat Engineers,Extreme,65.3,10.9,11.7,2,302,6.6,0.4,4.7,8.2,83.3,14.7,3.8,4.4,0.634,MODERATE
PX-13473,Armored,Low,40.3,0.0,5.6,1,157,37.9,3.4,7.9,0.0,82.0,24.8,4.2,1.3,0.02,LOW
PX-10288,Combat Engineers,Medium,43.2,0.0,3.9,2,192,48.4,3.1,6.5,2.9,74.4,24.0,4.3,2.9,0.02,LOW
PX-13031,Infantry,High,64.0,12.1,9.0,1,227,36.0,0.0,5.2,8.1,74.4,15.8,3.0,3.4,0.577,MODERATE
PX-10940,Artillery,High,56.3,2.3,9.4,1,290,33.8,1.3,5.2,5.9,74.3,17.7,4.3,3.0,0.385,MODERATE
PX-14717,Combat Engineers,Low,48.1,4.2,2.9,2,99,59.4,5.4,5.8,1.8,80.8,25.1,4.2,1.4,0.02,LOW
PX-13459,Air Defense,High,50.2,1.9,13.5,5,319,16.4,2.0,5.6,5.6,70.7,11.1,3.3,3.6,0.422,MODERATE
PX-10140,Armored,High,55.4,7.1,10.2,5,230,20.2,2.2,4.8,6.6,73.0,12.3,4.0,4.2,0.535,MODERATE
PX-11208,Artillery,Low,44.3,0.0,5.5,0,173,43.7,3.4,6.4,1.9,77.2,16.8,4.0,1.0,0.02,LOW
PX-10691,Logistics & ASC,Low,46.3,0.0,2.2,0,107,52.0,3.1,6.1,1.6,77.3,22.7,4.6,2.0,0.02,LOW
PX-13060,Combat Engineers,High,59.4,10.0,12.0,2,276,26.1,2.3,5.2,4.2,83.2,12.6,3.5,3.0,0.509,MODERATE
PX-11562,Logistics & ASC,Low,36.0,0.0,2.6,2,136,52.3,4.4,8.3,1.0,100.0,28.6,3.8,2.0,0.02,LOW
PX-10617,Artillery,High,48.4,1.3,6.5,1,180,22.0,2.2,7.4,2.9,90.8,24.8,4.2,3.3,0.02,LOW
PX-14987,Infantry,Extreme,59.8,9.1,8.1,2,197,5.0,0.0,5.5,8.0,69.1,14.5,4.1,4.8,0.53,MODERATE
PX-14209,Infantry,High,56.0,4.2,6.1,2,184,34.9,1.8,6.5,4.9,73.4,22.3,3.7,3.3,0.193,LOW
PX-11959,Combat Engineers,Extreme,55.2,5.6,10.2,3,231,19.5,0.7,4.6,8.7,79.9,13.5,4.0,4.0,0.543,MODERATE
PX-13335,Artillery,High,59.3,7.9,6.4,4,203,20.2,1.9,5.6,5.8,74.1,17.7,3.2,3.2,0.332,LOW
PX-11613,Artillery,Low,49.2,0.0,4.5,1,175,50.5,4.2,6.0,2.6,89.1,22.2,3.8,1.4,0.03,LOW
PX-14214,Combat Engineers,Low,36.9,0.0,3.9,1,131,55.3,4.1,7.6,0.0,83.5,26.6,3.5,1.0,0.02,LOW
PX-11104,Infantry,High,60.8,11.0,7.7,4,237,34.5,1.7,5.6,6.5,83.6,14.0,2.8,3.3,0.374,LOW
PX-14766,Signals,Low,40.7,0.0,4.0,1,154,46.4,3.1,6.3,1.4,82.5,24.6,4.7,1.1,0.02,LOW
PX-12557,Artillery,Medium,51.2,3.2,7.1,2,175,36.8,3.5,6.8,2.4,84.0,10.9,2.7,2.5,0.052,LOW
PX-14776,Armored,Low,36.9,0.0,2.1,0,104,50.8,5.6,6.3,1.5,86.6,20.8,2.7,2.1,0.02,LOW
PX-12952,Infantry,Extreme,56.4,4.3,9.8,2,232,9.3,1.1,5.4,6.7,77.4,15.9,4.0,4.6,0.46,MODERATE
PX-11606,Medical Corps,High,45.6,0.0,15.6,2,358,13.5,1.5,5.7,5.1,79.3,16.5,3.4,3.3,0.378,LOW
PX-12490,Medical Corps,High,54.7,6.7,11.7,2,266,14.6,1.1,5.4,5.3,88.1,16.8,3.7,3.3,0.41,MODERATE
PX-13900,Infantry,Medium,44.2,0.0,6.5,1,187,33.5,5.1,5.9,3.3,79.9,20.3,4.8,2.9,0.04,LOW
PX-10538,Infantry,High,54.5,2.2,10.7,3,252,25.9,0.9,5.4,4.8,69.5,13.8,5.0,3.5,0.396,MODERATE
PX-13024,Artillery,Medium,48.9,0.0,4.0,0,145,41.0,1.7,5.8,3.7,91.7,16.9,3.3,3.0,0.137,LOW
PX-14845,Artillery,High,59.6,7.2,6.2,4,289,23.0,3.1,5.4,6.5,68.1,15.0,4.0,4.1,0.419,MODERATE
PX-10300,Air Defense,High,68.4,17.8,7.4,5,198,23.6,2.5,5.0,8.1,90.2,14.5,4.4,3.0,0.419,MODERATE
PX-10495,Combat Engineers,Medium,51.5,3.4,6.5,2,166,48.8,4.4,5.8,2.2,82.1,23.1,5.0,2.5,0.02,LOW
PX-13231,Infantry,Medium,53.4,5.1,4.6,1,129,56.7,1.3,6.9,2.1,66.4,20.3,4.2,3.0,0.108,LOW
PX-10537,Infantry,High,54.0,2.3,9.5,3,244,22.1,0.9,6.7,4.8,,18.2,4.4,4.1,0.237,LOW
PX-11519,Infantry,Medium,56.5,5.8,10.4,2,236,32.0,3.1,6.7,2.7,88.1,18.9,3.0,2.2,0.106,LOW
PX-12657,Combat Engineers,Extreme,56.7,8.5,17.6,1,365,5.3,1.0,6.1,7.6,66.3,11.3,3.9,5.0,0.496,MODERATE
PX-13377,Logistics & ASC,High,51.1,1.9,6.8,2,241,36.6,1.3,5.9,4.7,66.0,18.0,4.5,3.2,0.196,LOW
PX-14501,Armored,High,61.9,6.6,10.7,4,283,30.8,2.4,5.3,6.2,95.0,15.1,4.7,4.0,0.357,LOW
PX-14675,Infantry,Medium,51.9,0.0,10.0,1,258,33.1,3.5,6.8,0.7,81.1,18.4,4.3,2.8,0.02,LOW
PX-11114,Medical Corps,Medium,44.8,0.0,18.0,6,365,20.4,3.7,6.5,2.4,69.2,17.2,5.0,3.0,0.129,LOW
PX-10189,Artillery,High,52.7,3.2,7.8,1,246,16.8,3.7,6.4,4.6,68.7,17.1,3.9,3.3,0.186,LOW
PX-10016,Combat Engineers,High,57.4,8.5,5.9,2,166,31.1,0.7,5.7,5.4,67.9,18.4,4.3,4.1,0.222,LOW
PX-13876,Infantry,Extreme,58.0,7.9,10.0,3,252,17.0,1.3,5.7,6.8,62.4,16.1,4.5,4.7,0.433,MODERATE
PX-14573,Artillery,High,55.9,5.0,9.6,4,221,28.1,2.6,5.4,6.2,68.2,21.9,4.3,3.7,0.278,LOW
PX-14503,Armored,Medium,42.2,0.0,4.2,4,145,39.4,3.0,6.3,3.7,68.2,15.6,3.0,2.7,0.073,LOW
PX-14726,Air Defense,Medium,54.3,1.6,6.4,2,202,43.6,3.6,5.7,4.1,81.7,23.9,5.0,2.7,0.095,LOW
PX-10594,Infantry,High,57.3,8.8,10.3,1,237,22.6,1.2,4.7,6.8,75.8,16.1,4.7,3.2,0.48,MODERATE
PX-13510,Medical Corps,Low,47.9,2.7,2.9,1,120,51.5,5.7,7.2,1.7,88.7,24.9,3.9,1.3,0.02,LOW
PX-11905,Armored,High,55.9,4.8,8.7,2,232,27.1,1.6,5.5,4.0,68.8,11.2,2.6,3.1,0.412,MODERATE
PX-13293,Armored,Low,43.0,0.0,5.2,0,184,43.9,3.4,6.9,0.6,100.0,26.1,4.1,1.7,0.02,LOW
PX-13982,Combat Engineers,High,56.1,6.2,6.4,1,281,22.3,2.0,5.4,6.2,75.5,12.9,3.3,4.0,0.419,MODERATE
PX-12253,Combat Engineers,High,60.3,11.4,8.4,2,199,34.1,2.8,4.8,8.1,63.6,15.8,4.6,3.7,0.455,MODERATE
PX-10388,Infantry,High,58.0,6.1,6.5,3,177,24.8,1.1,6.6,4.9,74.8,18.7,4.5,3.8,0.217,LOW
PX-13027,Logistics & ASC,Medium,47.3,0.0,8.0,3,194,41.8,3.8,6.1,4.5,85.3,15.6,3.5,1.8,0.09,LOW
PX-12440,Medical Corps,High,51.9,3.4,6.0,1,156,29.2,2.6,6.1,4.4,69.0,16.4,3.4,3.6,0.222,LOW
PX-10038,Infantry,Extreme,66.5,14.5,9.0,3,208,19.8,0.8,3.7,10.0,64.5,10.5,3.7,3.8,0.727,ELEVATED
PX-10119,Combat Engineers,High,51.4,0.5,7.1,0,241,20.2,2.8,5.8,5.5,62.0,21.2,4.4,3.0,0.212,LOW
PX-11125,Combat Engineers,Medium,49.4,0.0,7.8,0,311,40.4,2.1,6.8,1.9,66.9,20.6,2.1,2.2,0.16,LOW
PX-11835,Infantry,Medium,46.3,0.0,8.6,1,233,31.1,3.9,6.2,3.5,79.4,15.7,3.5,3.0,0.118,LOW
PX-13115,Combat Engineers,Extreme,64.3,7.5,9.2,0,211,29.1,0.0,4.1,10.0,72.6,7.9,2.7,4.7,0.702,ELEVATED
PX-10404,Medical Corps,Medium,45.5,0.0,4.8,2,135,44.5,3.8,5.6,4.9,74.8,26.0,4.9,2.3,0.02,LOW
PX-13757,Artillery,Medium,49.0,2.1,4.8,5,217,38.8,5.1,6.1,4.4,93.4,18.2,3.5,2.5,0.059,LOW
PX-14703,Artillery,Medium,48.4,2.4,18.0,3,365,21.7,2.6,6.7,2.0,80.8,21.8,3.9,2.9,0.17,LOW
PX-13933,Infantry,Extreme,68.7,15.3,13.5,4,313,12.8,0.4,4.6,10.0,73.5,8.1,4.4,4.8,0.842,ELEVATED
PX-11797,Artillery,Medium,50.3,1.8,12.4,2,318,34.0,4.1,6.7,2.8,89.9,16.8,2.2,2.5,0.231,LOW
PX-10517,Signals,Low,50.4,4.1,2.5,0,99,60.0,4.5,6.3,2.0,86.4,21.1,3.6,2.0,0.02,LOW
PX-13947,Infantry,High,58.7,10.9,14.7,3,337,15.1,1.6,6.0,4.3,65.5,19.7,4.7,3.2,0.461,MODERATE
PX-13011,Logistics & ASC,Medium,53.9,2.5,5.2,0,171,38.0,3.6,7.4,1.6,88.1,20.4,3.1,2.7,0.027,LOW
PX-13880,Signals,Medium,51.1,6.4,4.9,4,137,40.1,3.1,5.2,4.5,79.1,15.1,3.3,2.4,0.165,LOW
PX-13990,Medical Corps,High,59.6,10.1,6.2,2,183,24.8,1.3,5.8,5.6,80.6,14.9,3.9,3.2,0.198,LOW
PX-12671,Armored,Medium,42.4,0.0,6.3,6,227,41.1,1.4,5.7,2.6,72.4,19.1,4.4,2.6,0.149,LOW
PX-10646,Infantry,High,48.4,1.4,5.9,0,167,21.6,1.9,5.7,5.6,80.1,14.2,3.5,3.9,0.182,LOW
PX-11407,Infantry,Medium,49.7,2.2,9.3,3,224,26.2,2.4,6.9,1.5,76.4,17.7,3.4,2.1,0.082,LOW
PX-11039,Infantry,High,52.8,1.6,11.1,1,246,28.8,2.7,5.2,6.1,85.2,15.5,4.8,3.9,0.357,LOW
PX-13529,Armored,Medium,53.7,3.5,4.9,1,153,37.7,4.0,6.8,2.2,90.3,23.6,4.2,2.0,0.02,LOW
PX-12135,Combat Engineers,High,56.1,2.9,11.4,2,298,27.8,2.9,4.4,5.5,70.3,11.2,3.9,4.0,0.547,MODERATE
PX-13714,Logistics & ASC,Low,38.7,0.0,3.3,0,135,48.6,4.5,6.5,2.2,95.9,20.8,4.0,1.2,0.02,LOW
PX-10568,Artillery,Medium,51.5,1.7,10.8,2,262,30.4,2.7,6.7,3.9,84.5,17.8,3.7,3.0,0.118,LOW
PX-14463,Medical Corps,Low,47.9,0.6,3.0,1,103,39.6,3.8,7.8,0.0,92.1,24.0,4.1,1.8,0.02,LOW
PX-13918,Signals,High,62.6,11.2,6.1,4,250,32.5,2.5,6.3,7.1,82.0,11.2,2.8,4.1,0.426,MODERATE
PX-13958,Infantry,Low,44.8,0.0,3.0,1,109,56.3,3.5,7.4,1.2,90.5,24.8,3.4,2.0,0.02,LOW
PX-14455,Artillery,Low,36.0,0.0,4.5,1,132,52.3,2.3,6.5,2.9,99.4,17.7,4.3,2.0,0.02,LOW
PX-11629,Armored,High,51.9,5.1,7.2,1,209,29.0,0.0,5.6,6.9,76.3,16.6,4.1,3.8,0.377,LOW
PX-14281,Artillery,Extreme,62.4,10.8,10.7,3,260,13.5,0.4,5.0,9.8,67.3,13.4,3.2,4.9,0.617,MODERATE
PX-11999,Combat Engineers,High,52.7,4.0,11.8,3,312,25.5,1.5,5.9,4.8,73.6,17.3,3.0,3.1,0.395,MODERATE
PX-13154,Infantry,High,61.9,9.4,12.3,2,301,20.5,2.3,5.2,7.3,76.4,12.9,3.8,3.5,0.51,MODERATE
PX-13035,Signals,High,52.5,1.0,9.3,3,213,23.0,2.9,6.3,5.5,73.8,14.3,3.8,3.5,0.206,LOW
PX-12664,Armored,Low,37.9,0.0,4.6,1,140,47.9,4.3,7.9,0.2,92.3,28.2,3.7,2.0,0.02,LOW
PX-11293,Artillery,Extreme,77.1,20.9,10.3,0,287,19.9,0.0,4.5,10.0,79.5,8.3,4.4,4.3,0.746,ELEVATED
PX-12299,Signals,Medium,46.5,0.0,5.1,1,139,46.5,2.6,7.0,2.5,85.9,20.9,4.2,2.1,0.02,LOW
PX-10917,Infantry,Extreme,54.7,4.2,11.2,1,261,10.5,1.3,5.5,7.1,81.4,13.0,4.3,4.3,0.459,MODERATE
PX-10328,Combat Engineers,High,54.8,4.3,12.9,2,281,23.2,1.9,5.9,5.2,73.1,13.0,3.7,3.7,0.433,MODERATE
PX-12506,Medical Corps,Extreme,63.1,9.0,7.9,2,236,13.5,1.8,5.2,8.4,74.2,9.4,2.9,4.6,0.608,MODERATE
PX-10097,Infantry,High,46.7,0.7,6.4,3,203,29.9,2.3,6.1,5.6,80.7,15.8,3.8,3.2,0.202,LOW
PX-14557,Signals,Medium,45.8,0.0,4.4,1,165,43.5,5.1,7.9,1.0,83.6,26.3,4.3,2.3,0.02,LOW
PX-13349,Artillery,Low,39.7,0.0,3.2,0,169,45.1,4.2,6.6,1.8,79.2,22.9,4.3,2.0,0.02,LOW
PX-10714,Air Defense,Low,40.1,0.0,5.7,3,156,43.3,4.1,7.8,1.3,100.0,24.4,3.9,1.5,0.02,LOW
PX-14208,Armored,Medium,55.8,5.4,4.1,0,132,39.9,3.3,6.8,3.2,79.9,19.4,3.3,3.0,0.089,LOW
PX-10599,Combat Engineers,High,64.6,10.8,15.1,2,324,25.7,0.0,5.8,6.9,81.3,13.2,4.2,3.4,0.597,MODERATE
PX-13045,Medical Corps,Low,46.0,0.0,11.7,1,291,31.1,3.8,7.5,0.8,90.0,17.2,3.3,1.2,0.02,LOW
PX-11086,Air Defense,Medium,52.9,4.0,5.0,3,175,38.0,3.7,7.1,1.4,81.2,23.3,4.5,2.7,0.02,LOW
PX-14806,Armored,High,65.5,11.0,6.4,3,164,26.5,3.0,3.8,10.0,80.5,7.6,3.0,3.0,0.605,MODERATE
PX-12266,Signals,Low,51.9,0.8,2.7,1,95,41.3,4.4,6.2,2.0,,18.6,4.4,1.5,0.02,LOW
PX-11577,Logistics & ASC,Medium,44.9,0.0,3.8,1,134,38.2,1.1,5.9,4.1,83.1,20.4,2.9,2.8,0.153,LOW
PX-13525,Armored,High,66.0,15.4,5.8,1,156,30.6,1.4,5.0,8.0,76.7,12.2,3.7,3.5,0.437,MODERATE
PX-10713,Logistics & ASC,Medium,48.8,4.5,7.0,1,171,32.1,3.4,5.8,4.9,67.9,19.8,3.7,2.9,0.215,LOW
PX-11327,Combat Engineers,High,57.7,6.0,11.3,2,277,16.1,2.0,5.9,4.8,74.6,20.9,4.4,3.4,0.3,LOW
PX-12473,Armored,Medium,49.4,6.3,5.0,2,153,36.2,4.3,7.1,2.1,93.5,24.2,4.4,2.7,0.02,LOW
PX-10420,Signals,Medium,49.4,0.5,4.2,3,187,35.5,2.5,6.2,2.5,61.6,19.3,3.0,2.5,0.14,LOW
PX-12477,Infantry,Medium,47.3,0.0,4.5,0,137,40.6,4.1,5.5,4.0,98.6,22.4,4.8,2.3,0.02,LOW
PX-13566,Logistics & ASC,High,46.4,0.0,7.5,4,183,19.7,2.0,5.4,5.0,84.6,19.2,4.3,4.0,0.252,LOW
PX-14722,Artillery,Medium,57.7,6.7,5.7,4,152,46.1,2.6,6.7,3.1,69.6,19.8,3.7,1.9,0.122,LOW
PX-13823,Infantry,High,52.7,3.3,7.0,1,192,34.8,2.1,5.2,5.6,65.0,16.1,3.2,3.9,0.404,MODERATE
PX-12445,Combat Engineers,High,52.7,3.6,5.6,0,167,29.5,0.0,5.6,6.3,79.4,18.4,4.2,3.6,0.283,LOW
PX-12188,Artillery,Medium,47.1,0.5,3.7,1,125,39.4,2.5,6.9,1.5,96.9,23.1,3.9,2.7,0.02,LOW
PX-12502,Medical Corps,Low,50.7,5.3,5.0,0,161,52.0,4.4,6.0,2.2,65.3,22.4,3.9,2.1,0.02,LOW
PX-11715,Air Defense,High,58.8,4.1,9.8,5,267,12.8,1.4,5.2,6.0,71.8,9.9,2.7,3.0,0.544,MODERATE
PX-13235,Infantry,Medium,53.8,3.6,3.6,3,145,36.3,3.8,4.9,5.2,70.8,11.5,3.4,2.0,0.207,LOW
PX-11531,Infantry,Extreme,66.0,12.5,18.0,1,365,5.0,1.4,4.5,9.8,70.0,7.1,2.9,4.5,0.857,ELEVATED
PX-11025,Artillery,Extreme,71.3,16.7,7.5,2,221,23.4,0.7,3.5,10.0,62.1,11.6,3.9,4.7,0.81,ELEVATED
PX-10683,Armored,High,58.0,6.8,6.9,2,229,28.7,3.0,5.4,5.8,80.5,13.6,3.2,3.1,0.314,LOW
PX-12422,Air Defense,Medium,51.5,0.0,18.0,1,365,10.6,4.3,6.5,1.9,75.3,16.9,3.7,2.3,0.134,LOW
PX-14849,Air Defense,Low,38.5,0.0,3.5,0,109,52.9,5.0,7.3,1.0,80.5,26.3,4.4,2.1,0.02,LOW
PX-14436,Air Defense,Medium,52.8,5.8,4.6,1,138,43.2,4.1,7.7,1.6,80.0,22.3,3.9,1.9,0.02,LOW
PX-12163,Armored,High,53.8,4.1,5.5,5,222,40.4,2.0,6.8,6.1,84.7,18.4,3.7,3.0,0.153,LOW
PX-11261,Armored,Low,39.4,0.0,6.5,0,165,49.8,3.1,6.6,2.2,75.1,25.0,4.0,1.6,0.02,LOW
PX-14877,Signals,High,55.3,3.4,13.9,4,365,16.9,2.9,5.0,7.7,82.2,12.4,3.7,3.3,0.534,MODERATE
PX-10934,Air Defense,Medium,54.4,5.7,4.7,1,167,42.5,2.7,6.4,3.5,62.7,21.4,3.8,2.3,0.098,LOW
PX-14143,Artillery,High,56.9,6.8,9.3,3,214,25.3,1.1,4.7,6.1,64.6,10.6,3.3,3.0,0.439,MODERATE
PX-13991,Armored,Medium,50.7,3.8,4.6,1,199,44.2,1.9,5.9,3.2,79.0,19.4,4.0,2.7,0.092,LOW
PX-14543,Armored,High,58.3,7.8,10.1,2,243,27.3,1.6,5.2,7.1,92.5,14.9,3.2,4.1,0.435,MODERATE
PX-10078,Combat Engineers,Medium,48.5,0.0,5.1,0,143,46.9,1.8,6.3,3.6,,21.0,4.4,2.0,0.02,LOW
PX-13685,Infantry,Medium,42.0,0.0,5.2,1,145,38.4,3.1,6.3,4.1,82.7,18.8,3.1,2.4,0.069,LOW
PX-10756,Artillery,Low,47.4,1.6,2.9,0,105,43.5,4.7,8.0,0.0,79.1,26.6,4.2,1.9,0.02,LOW
PX-10143,Combat Engineers,Extreme,63.2,12.6,7.1,0,182,37.7,1.3,4.7,9.9,75.2,16.2,3.3,4.7,0.559,MODERATE
PX-13762,Infantry,Medium,54.3,5.4,6.4,2,210,40.0,1.6,6.6,2.5,85.9,18.2,4.1,2.3,0.02,LOW
PX-14917,Signals,Medium,47.1,1.6,6.1,2,174,40.3,2.7,6.1,2.1,65.6,23.1,4.2,2.8,0.058,LOW
PX-11076,Combat Engineers,High,51.0,0.0,9.2,2,215,19.4,1.5,5.2,6.0,78.4,14.5,3.6,3.8,0.415,MODERATE
PX-14949,Signals,Medium,54.5,4.1,4.4,2,136,32.7,1.3,6.3,2.3,74.8,17.6,3.5,2.0,0.069,LOW
PX-11112,Combat Engineers,Medium,57.2,6.8,6.4,0,175,43.5,3.3,4.2,5.3,79.3,16.4,3.6,2.3,0.306,LOW
PX-12063,Infantry,Low,47.5,1.5,3.3,3,105,57.1,2.7,6.2,2.1,77.5,19.4,3.1,2.1,0.02,LOW
PX-11443,Infantry,Extreme,72.9,20.7,7.3,3,203,26.2,1.2,5.2,9.4,67.6,8.5,4.1,4.5,0.559,MODERATE
PX-12109,Infantry,Medium,47.8,2.0,4.0,2,117,51.2,4.1,7.2,1.7,80.1,23.4,3.1,2.3,0.02,LOW
PX-10692,Infantry,High,54.1,7.1,11.8,3,260,27.8,2.2,4.5,7.5,76.7,,4.1,3.5,0.496,MODERATE
PX-10406,Artillery,Medium,38.9,0.0,4.7,4,144,47.3,4.3,6.3,3.3,85.9,23.1,3.5,1.8,0.02,LOW
PX-13656,Infantry,Medium,56.2,7.3,3.9,3,167,42.3,2.7,5.7,3.0,67.0,14.8,3.6,2.7,0.225,LOW
PX-13838,Air Defense,Medium,54.2,4.5,5.0,2,190,38.4,2.1,7.3,1.5,79.9,18.4,3.5,2.1,0.094,LOW
PX-11660,Infantry,Medium,52.9,5.6,3.9,4,167,41.2,2.7,5.2,4.1,80.0,19.4,3.6,2.0,0.202,LOW
PX-14197,Logistics & ASC,Low,38.8,0.0,8.5,2,209,40.2,5.1,5.9,2.6,87.9,20.2,3.8,1.6,0.058,LOW
PX-11020,Logistics & ASC,Extreme,62.4,11.1,8.4,1,205,16.9,1.6,5.4,8.3,66.4,11.1,3.6,4.3,0.529,MODERATE
PX-10798,Signals,Medium,58.1,4.9,6.2,1,178,40.7,2.2,7.3,2.3,71.7,21.3,3.6,2.9,0.095,LOW
PX-13577,Artillery,Medium,55.4,6.3,4.1,3,120,51.2,1.7,5.4,3.1,82.8,16.3,3.7,3.0,0.24,LOW
PX-13315,Infantry,High,49.0,3.7,10.5,3,257,17.6,0.8,7.1,2.8,74.6,16.8,4.1,3.7,0.146,LOW
PX-12281,Infantry,Low,37.6,0.0,6.2,0,188,35.8,3.5,8.1,0.0,86.3,24.8,4.3,1.2,0.02,LOW
PX-14851,Signals,Medium,46.3,1.3,6.1,2,180,42.0,2.7,7.9,1.9,80.6,30.0,4.6,2.5,0.02,LOW
PX-12968,Combat Engineers,Low,40.3,0.0,5.6,1,298,55.5,4.5,7.3,1.7,92.8,22.3,3.9,1.8,0.022,LOW
PX-12667,Infantry,High,57.8,6.4,5.9,1,170,33.5,0.7,4.3,8.3,68.5,12.0,3.1,3.6,0.631,MODERATE
PX-12020,Signals,Extreme,57.7,6.6,10.9,3,335,19.3,1.1,5.1,6.0,82.1,13.6,3.5,4.6,0.583,MODERATE
PX-11554,Infantry,Medium,58.2,7.7,5.9,2,177,24.6,2.3,6.5,3.6,96.9,17.8,3.8,2.3,0.066,LOW
PX-13023,Combat Engineers,High,59.0,6.4,6.5,2,205,21.0,2.3,5.6,6.7,90.0,13.5,3.2,3.5,0.323,LOW
PX-13779,Medical Corps,Low,41.0,0.0,5.0,0,146,54.7,4.9,6.7,0.7,85.5,27.0,4.2,1.1,0.02,LOW
PX-13054,Combat Engineers,Extreme,55.1,5.6,16.6,1,365,10.5,0.9,5.0,6.9,69.1,16.0,4.4,5.0,0.563,MODERATE
PX-12013,Armored,High,59.8,11.7,6.7,3,172,26.3,1.1,5.5,7.0,75.4,15.0,5.0,3.2,0.324,LOW
PX-14893,Artillery,Extreme,59.8,6.0,13.3,1,347,15.8,0.0,5.2,8.6,79.7,13.5,3.6,4.1,0.626,MODERATE
PX-14968,Infantry,Medium,49.0,1.4,5.7,2,158,38.5,4.4,5.7,4.3,86.8,19.0,3.5,2.4,0.027,LOW
PX-10345,Air Defense,Low,39.7,0.0,3.5,2,177,51.7,4.7,7.2,0.8,78.9,19.8,3.0,1.8,0.02,LOW
PX-14020,Infantry,Medium,44.4,0.0,3.8,4,152,36.9,2.3,5.8,2.3,74.5,16.9,2.1,2.3,0.09,LOW
PX-10308,Artillery,Medium,57.0,9.4,4.8,1,158,40.1,1.0,5.7,2.9,77.5,15.6,3.5,2.4,0.204,LOW
PX-10577,Combat Engineers,High,51.7,0.8,6.0,2,185,38.0,2.7,5.8,6.7,85.7,19.7,3.5,3.6,0.203,LOW
PX-10763,Infantry,Extreme,70.6,18.5,12.2,5,326,18.4,1.2,4.7,10.0,74.2,7.6,3.8,3.9,0.724,ELEVATED
PX-14986,Combat Engineers,Extreme,55.7,7.4,7.9,0,197,27.4,0.0,5.7,6.3,67.6,21.8,5.0,4.8,0.408,MODERATE
PX-14398,Infantry,Extreme,60.3,11.5,7.6,3,206,24.4,2.0,5.1,9.3,70.8,12.4,3.1,4.8,0.583,MODERATE
PX-12301,Signals,Medium,46.0,0.0,7.1,2,252,37.6,4.6,6.8,2.3,84.6,20.8,5.0,2.5,0.02,LOW
PX-12730,Infantry,High,56.5,10.8,6.4,3,220,36.5,0.0,4.9,7.2,73.6,15.6,4.0,3.8,0.404,MODERATE
PX-12393,Infantry,High,53.7,5.6,18.0,0,365,16.5,5.2,4.7,6.5,71.9,14.3,4.1,3.7,0.478,MODERATE
PX-13324,Combat Engineers,Extreme,63.8,12.3,8.3,2,229,24.5,0.9,4.9,10.0,67.4,12.9,4.4,4.6,0.535,MODERATE
PX-14388,Signals,Low,43.5,0.0,6.0,3,180,39.1,5.2,6.9,1.4,89.1,,3.8,2.2,0.02,LOW
PX-10224,Artillery,Medium,52.9,5.0,4.2,1,132,47.2,3.5,4.9,5.2,,19.1,4.5,1.8,0.174,LOW
PX-11013,Medical Corps,Medium,56.6,8.1,10.4,2,313,21.8,2.6,6.5,3.6,99.1,12.2,2.7,2.8,0.256,LOW
PX-14393,Signals,Low,46.4,3.6,3.0,6,109,46.6,3.0,6.6,1.7,,23.8,3.2,1.5,0.02,LOW
PX-11873,Medical Corps,Medium,45.3,0.0,4.8,0,152,39.7,3.7,7.2,2.1,90.2,24.0,4.0,2.3,0.02,LOW
PX-13883,Armored,Low,41.4,0.0,4.7,0,182,53.9,2.4,7.9,0.0,100.0,26.1,4.1,1.3,0.02,LOW
PX-10407,Air Defense,Medium,48.4,0.0,6.2,2,232,47.0,2.6,7.0,2.1,94.0,20.8,3.7,2.3,0.026,LOW
PX-14370,Artillery,Extreme,58.7,11.1,7.7,4,211,28.4,0.2,5.0,7.5,74.2,13.7,4.1,4.6,0.454,MODERATE
PX-11283,Combat Engineers,Low,44.8,1.0,3.1,2,135,43.1,4.7,6.3,1.7,74.5,23.4,4.0,1.1,0.02,LOW
PX-13703,Signals,Low,42.8,0.0,3.7,3,174,41.8,4.4,7.7,0.5,78.8,25.1,4.2,1.4,0.02,LOW
PX-14261,Logistics & ASC,Low,47.9,0.0,3.7,1,115,50.6,3.8,5.7,1.4,87.4,17.5,3.1,1.9,0.02,LOW
PX-14888,Artillery,Low,42.7,0.0,2.5,3,106,54.3,3.3,6.8,2.1,95.3,26.2,3.4,1.4,0.02,LOW
PX-10968,Combat Engineers,High,49.3,0.5,17.9,2,365,14.4,2.5,6.1,4.5,63.1,7.6,2.8,3.5,0.444,MODERATE
PX-14754,Logistics & ASC,Medium,49.8,1.7,10.4,0,272,38.2,3.3,6.1,3.7,75.6,13.8,3.7,2.2,0.211,LOW
PX-12328,Combat Engineers,Medium,49.8,3.5,8.2,5,204,33.4,3.9,5.4,3.9,77.5,18.6,3.8,2.2,0.247,LOW
PX-10811,Infantry,Low,46.9,0.0,2.1,1,90,56.8,2.4,7.1,1.4,82.4,25.9,4.6,2.2,0.02,LOW
PX-10484,Infantry,Extreme,67.0,13.5,13.6,3,311,15.2,0.4,4.6,10.0,63.5,15.8,4.5,4.5,0.733,ELEVATED
PX-13266,Infantry,Extreme,74.0,18.8,9.5,2,247,21.3,0.0,5.6,9.0,69.0,8.4,4.4,3.8,0.578,MODERATE
PX-10447,Combat Engineers,High,56.7,5.6,9.1,2,218,28.9,0.8,5.7,5.0,74.5,12.6,3.1,3.9,0.408,MODERATE
PX-12501,Signals,Medium,48.3,0.0,3.9,1,126,35.7,4.4,7.3,1.4,96.2,23.5,4.6,2.4,0.02,LOW
PX-11527,Armored,Low,42.8,0.0,7.0,1,227,49.0,4.0,7.8,0.0,85.3,24.1,4.7,1.9,0.02,LOW
PX-14983,Infantry,High,54.4,7.2,5.7,3,150,26.8,1.4,6.2,4.9,83.1,15.2,3.3,3.6,0.188,LOW
PX-12722,Artillery,Low,40.6,0.0,8.3,2,219,57.9,3.9,6.8,2.3,85.8,17.7,3.2,1.7,0.02,LOW
PX-12279,Signals,Medium,54.3,4.8,12.6,1,279,37.1,4.9,5.7,3.9,82.0,14.8,4.2,2.1,0.287,LOW
PX-13272,Signals,Extreme,68.4,17.5,7.1,6,186,19.6,2.7,4.3,10.0,59.2,13.0,4.3,4.2,0.656,ELEVATED
PX-13979,Signals,Medium,49.3,4.2,3.7,1,120,39.1,3.7,6.0,,87.2,18.3,3.7,3.0,0.065,LOW
PX-14245,Artillery,High,57.8,4.9,12.5,1,342,10.8,2.4,5.9,5.2,91.8,15.6,4.4,4.0,0.305,LOW
PX-10944,Armored,Low,45.7,3.0,10.3,0,237,40.4,4.4,6.5,1.2,72.2,20.7,2.6,2.1,0.145,LOW
PX-13548,Infantry,High,56.1,4.5,7.6,4,189,36.1,1.0,5.8,6.2,78.3,19.2,3.8,3.9,0.246,LOW
PX-11273,Combat Engineers,Low,48.8,0.0,5.5,0,199,48.8,3.7,7.4,0.3,89.2,23.9,4.0,1.9,0.02,LOW
PX-12853,Artillery,Medium,59.0,8.1,7.9,1,258,48.6,3.3,5.7,3.8,87.8,16.5,3.5,2.2,0.243,LOW
PX-14941,Infantry,Medium,50.2,0.0,3.6,2,126,44.8,4.2,5.8,4.5,78.7,15.5,2.9,2.0,0.132,LOW
PX-12531,Combat Engineers,Low,44.7,4.0,4.5,0,127,43.9,4.1,7.1,2.4,84.5,24.5,3.7,1.8,0.02,LOW
PX-11153,Infantry,Medium,47.8,0.0,3.5,2,139,55.6,1.7,6.6,2.9,83.4,24.6,4.5,2.3,0.02,LOW
PX-13214,Infantry,Medium,48.5,3.1,4.6,1,215,49.6,3.7,5.7,5.0,78.2,19.9,3.7,2.2,0.088,LOW
PX-13737,Signals,Low,40.4,0.0,13.7,1,361,41.0,4.2,7.9,0.0,86.0,24.5,4.3,1.8,0.02,LOW
PX-13443,Artillery,Medium,53.7,2.2,7.4,2,222,27.0,1.4,6.4,3.1,72.9,18.5,3.0,3.0,0.272,LOW
PX-11901,Infantry,High,55.4,2.8,9.3,4,220,25.2,2.4,6.3,4.8,86.6,16.6,4.1,4.0,0.194,LOW
PX-12033,Armored,Low,40.7,0.0,7.7,0,221,45.8,3.1,7.0,1.8,89.0,18.5,3.9,1.7,0.02,LOW
PX-12217,Logistics & ASC,Medium,50.9,0.0,8.4,2,205,32.9,4.5,6.2,2.1,67.9,18.1,4.1,2.2,0.135,LOW
PX-12593,Infantry,Extreme,49.9,0.9,8.2,4,241,23.7,0.3,6.0,7.2,58.9,21.3,4.0,4.3,0.312,LOW
PX-10320,Logistics & ASC,Low,39.4,0.0,3.0,0,137,49.2,3.8,7.4,1.8,81.2,28.5,4.0,2.1,0.02,LOW
PX-11553,Artillery,Low,45.1,0.0,6.7,2,183,52.6,4.9,7.4,,90.7,23.1,3.2,1.5,0.02,LOW
PX-10011,Logistics & ASC,Medium,48.8,0.0,10.6,2,291,32.2,2.8,6.1,3.5,82.5,21.3,4.6,2.2,0.192,LOW
PX-13301,Artillery,Medium,47.0,0.0,9.7,0,238,27.4,2.2,7.2,2.8,88.6,14.6,2.5,2.5,0.078,LOW
PX-11495,Combat Engineers,Low,43.3,0.0,2.7,0,112,55.1,4.1,7.6,0.5,91.7,23.0,4.4,1.0,0.02,LOW
PX-14608,Infantry,Extreme,48.1,5.0,11.6,2,275,18.6,1.5,6.7,7.3,74.5,22.9,4.0,4.2,0.215,LOW
PX-12852,Air Defense,High,52.7,1.3,6.7,5,181,23.7,1.1,5.4,5.4,79.1,15.8,4.4,3.7,0.361,LOW
PX-11953,Medical Corps,Medium,46.2,0.0,5.3,1,210,37.4,1.9,5.9,4.2,78.8,19.7,4.2,2.5,0.136,LOW
PX-12685,Signals,High,51.9,1.3,6.3,1,259,30.1,1.5,4.5,7.0,65.0,13.3,4.0,3.9,0.439,MODERATE
PX-10129,Combat Engineers,Extreme,69.6,13.1,7.9,2,234,30.7,2.0,3.9,10.0,59.7,10.4,4.4,4.4,0.745,ELEVATED
PX-12235,Logistics & ASC,Medium,50.3,1.2,7.6,1,182,24.2,3.5,6.4,3.7,84.5,19.6,4.4,2.2,0.095,LOW
PX-13691,Combat Engineers,Medium,56.8,6.9,6.7,1,182,45.4,1.8,6.0,3.5,90.3,17.0,4.2,3.0,0.188,LOW
PX-11067,Signals,Low,41.5,0.0,3.8,1,144,52.0,2.8,7.1,0.5,84.6,24.1,3.7,1.3,0.02,LOW
PX-12178,Artillery,Extreme,62.0,10.7,18.0,2,365,9.0,0.9,4.7,10.0,64.2,6.6,2.8,4.0,0.795,ELEVATED
PX-11534,Infantry,High,43.4,0.0,9.5,0,225,29.1,2.6,6.9,5.7,79.9,21.4,3.4,3.1,0.181,LOW
PX-13624,Signals,Low,42.3,0.0,7.2,2,275,37.0,5.6,6.7,1.6,82.8,22.8,4.1,1.9,0.02,LOW
PX-13696,Artillery,Low,47.5,1.9,3.3,0,152,60.0,3.5,6.9,1.3,89.4,20.5,4.2,1.3,0.02,LOW
PX-12779,Infantry,High,54.9,6.0,6.7,3,181,26.6,3.4,5.4,6.8,81.1,14.0,4.0,3.6,0.242,LOW
PX-14322,Combat Engineers,Medium,38.6,0.0,4.3,1,167,32.1,3.4,7.6,2.1,73.8,,4.7,3.0,0.02,LOW
PX-11280,Artillery,High,58.0,4.9,5.8,1,151,31.2,1.5,4.6,6.4,58.7,16.0,3.9,3.9,0.413,MODERATE
PX-13492,Logistics & ASC,Medium,46.8,0.0,3.6,1,116,34.0,2.4,6.5,1.4,,24.9,4.6,2.9,0.02,LOW
PX-10587,Artillery,Medium,38.0,0.0,7.6,0,263,36.9,1.8,5.9,3.2,79.2,20.0,3.4,1.9,0.165,LOW
PX-10650,Armored,Extreme,71.0,18.5,9.7,5,268,27.9,1.2,4.2,10.0,60.9,8.0,4.0,4.3,0.719,ELEVATED
PX-10160,Infantry,Extreme,62.6,9.2,10.9,6,279,10.2,0.0,5.1,8.8,74.4,15.9,3.5,4.6,0.651,ELEVATED
PX-14022,Artillery,Extreme,63.6,9.5,9.8,4,229,34.6,1.1,3.5,10.0,59.5,9.5,3.4,4.5,0.786,ELEVATED
PX-11321,Armored,Medium,47.3,1.5,3.7,0,129,50.8,3.2,5.9,3.7,79.0,20.1,3.0,2.0,0.043,LOW
PX-10554,Infantry,High,62.4,12.6,9.1,0,209,26.4,2.0,6.2,6.5,65.6,18.7,4.2,3.3,0.359,LOW
PX-10583,Artillery,High,48.0,0.0,9.3,4,226,18.8,2.9,3.9,7.7,72.2,10.7,3.6,3.3,0.521,MODERATE
PX-11723,Combat Engineers,Medium,50.3,2.1,15.2,2,330,30.2,3.4,6.0,4.2,70.5,14.7,4.6,2.8,0.303,LOW
PX-10698,Signals,High,58.1,6.7,12.3,1,273,30.0,3.7,4.5,6.9,61.3,9.1,2.9,3.6,0.613,MODERATE
PX-11825,Infantry,High,61.6,11.2,14.6,2,365,10.2,0.0,5.4,5.3,80.7,16.5,4.7,3.3,0.495,MODERATE
PX-11431,Combat Engineers,High,54.5,5.7,5.5,4,155,38.0,0.8,4.9,6.2,67.8,18.0,2.6,3.3,0.351,LOW
PX-12286,Logistics & ASC,Medium,49.7,1.9,4.1,1,137,45.9,3.3,6.1,3.5,68.0,19.2,3.2,2.4,0.063,LOW
PX-10518,Infantry,Medium,51.9,0.3,8.8,3,212,37.3,4.2,7.6,3.1,89.3,22.1,3.9,2.6,0.054,LOW
PX-12532,Signals,Medium,60.4,10.9,10.5,1,318,29.6,2.8,5.9,5.6,71.4,14.4,5.0,2.9,0.313,LOW
PX-13856,Air Defense,Extreme,61.8,10.4,9.2,2,230,16.0,0.0,4.3,10.0,58.2,14.5,3.6,4.1,0.693,ELEVATED
PX-11790,Air Defense,Medium,46.3,0.0,3.7,0,216,42.1,4.0,6.1,3.9,78.4,17.8,4.2,2.4,0.02,LOW
PX-11559,Logistics & ASC,Low,44.4,0.0,12.4,0,306,26.8,3.7,6.6,,93.1,24.1,2.9,1.6,0.072,LOW
PX-12729,Logistics & ASC,Low,36.0,0.0,4.8,2,131,50.1,5.2,7.7,1.0,84.5,22.4,2.8,1.8,0.02,LOW
PX-12578,Infantry,Low,46.4,0.0,4.7,0,200,46.1,3.7,7.3,0.0,97.9,23.5,4.9,1.6,0.02,LOW
PX-13896,Artillery,Medium,51.4,2.8,10.5,1,343,24.5,3.9,6.2,3.5,78.3,18.5,3.6,1.8,0.133,LOW
PX-10354,Armored,Extreme,66.0,15.4,13.0,3,309,5.0,1.3,5.1,9.0,72.3,9.9,3.4,4.8,0.752,ELEVATED
PX-12899,Armored,Medium,48.6,0.0,4.9,1,190,37.2,1.2,5.0,4.5,67.1,18.1,3.8,2.1,0.193,LOW
PX-14558,Infantry,High,53.1,0.0,9.5,3,242,17.8,3.2,4.8,7.0,78.5,12.4,3.7,4.1,0.423,MODERATE
PX-12533,Infantry,Low,41.8,0.0,2.8,1,159,37.8,3.8,6.0,1.4,88.0,20.5,4.5,2.0,0.02,LOW
PX-13411,Infantry,High,52.7,2.2,13.3,0,297,29.8,1.1,6.1,5.4,79.6,18.5,4.3,3.7,0.357,LOW
PX-11768,Infantry,Extreme,56.5,4.1,8.1,3,204,15.1,1.5,5.4,6.0,77.8,15.9,3.5,4.1,0.36,LOW
PX-14055,Logistics & ASC,High,44.7,0.0,9.3,5,274,21.2,2.5,5.3,6.1,77.9,18.1,3.6,3.4,0.356,LOW
PX-13065,Armored,Medium,45.9,0.0,4.6,0,160,49.1,2.8,6.4,3.1,84.0,18.0,3.5,1.8,0.02,LOW
PX-13418,Infantry,Medium,52.7,4.7,3.8,3,121,35.0,3.6,5.6,4.1,82.7,16.5,3.5,2.4,0.099,LOW
PX-14695,Signals,Medium,44.1,0.0,6.4,0,203,28.2,3.1,7.2,1.6,94.6,24.4,4.0,2.8,0.02,LOW
PX-13515,Signals,Medium,49.0,1.0,4.4,0,139,36.1,2.1,6.6,2.7,80.2,21.7,4.7,2.7,0.02,LOW
PX-10822,Artillery,High,59.1,7.8,6.7,3,173,23.7,1.9,4.4,7.4,68.6,16.0,4.4,3.3,0.459,MODERATE
PX-13234,Infantry,Extreme,59.2,6.7,11.7,3,314,9.5,1.3,5.6,8.2,71.3,15.1,3.5,4.0,0.523,MODERATE
PX-10499,Armored,Medium,46.4,1.7,6.2,2,194,41.2,2.6,6.5,3.4,76.8,23.8,3.1,2.4,0.101,LOW
PX-12727,Infantry,Medium,47.2,0.4,4.6,2,139,44.9,3.0,6.7,2.2,79.0,17.7,2.8,3.0,0.02,LOW
PX-10967,Infantry,Medium,50.1,0.6,4.3,0,246,43.0,4.4,6.1,4.0,71.9,22.0,3.8,1.9,0.121,LOW
PX-13570,Air Defense,High,53.1,4.5,5.8,2,179,30.3,1.9,6.0,5.1,64.6,18.2,3.6,3.3,0.222,LOW
PX-10056,Armored,High,71.9,15.5,7.4,1,248,32.9,0.7,4.1,9.8,65.9,13.2,4.5,3.1,0.629,MODERATE
PX-14919,Armored,Extreme,67.8,13.5,16.3,1,365,11.4,1.8,4.2,10.0,56.0,9.1,3.2,4.8,0.897,ELEVATED
PX-10803,Combat Engineers,High,54.7,6.3,6.6,1,169,27.4,1.0,6.9,2.4,68.2,20.1,4.4,3.5,0.109,LOW
PX-10629,Air Defense,Medium,49.7,0.5,4.8,1,168,26.8,0.6,5.8,4.0,81.5,18.8,3.8,3.0,0.114,LOW
PX-14677,Infantry,High,52.4,6.1,5.7,1,240,32.8,2.1,5.5,5.3,73.0,19.6,3.4,4.0,0.373,LOW
PX-11486,Medical Corps,Low,46.0,3.0,2.5,2,164,48.5,4.2,7.2,0.0,85.1,24.1,2.9,1.1,0.02,LOW
PX-14777,Infantry,High,60.6,8.0,5.7,2,163,31.4,1.0,5.5,7.7,69.2,10.1,3.4,3.6,0.485,MODERATE
PX-10396,Air Defense,Medium,44.6,0.0,7.3,0,206,35.3,1.9,6.7,3.7,90.8,25.1,3.5,2.0,0.02,LOW
PX-11448,Combat Engineers,High,65.4,14.8,8.7,1,217,25.1,2.6,5.1,7.8,76.3,9.7,2.7,3.5,0.524,MODERATE
PX-14270,Medical Corps,Low,40.5,0.0,7.6,0,182,44.5,3.6,6.2,2.0,69.4,18.3,3.6,1.4,0.087,LOW
PX-13841,Signals,Low,43.5,0.0,5.1,2,146,42.5,2.9,7.4,0.4,95.1,24.1,4.7,1.0,0.02,LOW
PX-13812,Combat Engineers,High,63.4,11.7,5.5,2,160,31.3,1.8,5.6,8.7,80.4,13.3,3.7,4.1,0.364,LOW
PX-13639,Combat Engineers,Low,43.7,0.0,2.7,2,95,47.2,3.9,8.0,0.6,83.5,24.2,3.9,1.7,0.02,LOW
PX-12661,Artillery,Extreme,57.7,6.2,7.2,0,212,18.3,2.1,6.1,8.4,76.8,17.5,3.8,4.4,0.372,LOW
PX-12569,Medical Corps,Extreme,60.0,8.6,8.9,0,205,15.9,1.0,4.9,7.5,75.2,,4.6,4.1,0.45,MODERATE
PX-14802,Infantry,High,58.6,8.2,5.7,4,156,27.9,1.0,6.4,,85.2,,3.5,3.9,0.138,LOW
PX-10996,Combat Engineers,High,54.2,4.5,11.9,2,305,25.8,4.6,5.1,4.9,78.3,10.8,3.1,4.0,0.473,MODERATE
PX-14028,Armored,Low,57.4,7.3,5.5,1,228,42.3,2.6,6.2,2.6,73.4,11.5,2.5,1.2,0.319,LOW
PX-13984,Artillery,High,62.8,7.5,5.6,3,160,33.1,1.4,4.8,7.9,75.7,16.6,3.2,4.1,0.479,MODERATE
PX-14591,Armored,Low,49.6,2.7,2.4,1,167,53.7,5.3,7.6,0.8,95.3,20.4,3.6,1.2,0.02,LOW
PX-12642,Combat Engineers,Medium,45.9,1.4,11.8,1,280,44.2,2.7,6.3,4.0,84.4,17.9,3.6,3.0,0.223,LOW
PX-11330,Air Defense,Medium,57.0,7.7,11.9,2,292,36.6,2.7,7.6,1.3,83.7,16.7,4.1,2.8,0.163,LOW
PX-12077,Infantry,Extreme,56.5,7.7,11.5,4,270,12.6,0.7,4.2,9.3,75.0,11.4,3.7,4.8,0.675,ELEVATED
PX-10559,Armored,Low,40.2,0.0,2.2,3,148,59.0,4.2,7.4,0.0,79.4,18.1,2.9,1.0,0.02,LOW
PX-12725,Signals,Medium,46.5,0.0,4.2,2,153,49.4,2.4,6.9,4.0,81.6,21.1,4.3,1.9,0.073,LOW
PX-11016,Signals,Low,36.0,0.0,7.3,4,212,44.9,4.7,7.6,0.4,89.1,30.0,4.3,2.0,0.02,LOW
PX-14441,Artillery,Extreme,62.9,8.2,9.8,2,276,16.6,1.0,4.2,10.0,77.4,14.4,3.5,3.8,0.653,ELEVATED
PX-14111,Air Defense,Medium,56.4,5.2,9.7,3,263,32.2,2.4,6.3,3.7,85.5,20.1,4.7,2.2,0.139,LOW
PX-11225,Logistics & ASC,Low,46.7,0.0,5.4,0,145,49.2,3.6,8.4,0.9,74.1,20.8,3.3,1.6,0.02,LOW
PX-13989,Medical Corps,Medium,49.2,0.0,3.9,1,122,51.2,3.9,5.7,3.7,83.1,17.1,3.8,3.0,0.027,LOW
PX-13366,Signals,Low,42.1,0.0,6.9,2,213,50.9,2.6,7.8,0.9,77.5,20.5,3.4,1.2,0.02,LOW
PX-13355,Artillery,High,60.6,10.2,9.4,1,237,23.5,2.7,5.5,8.7,77.5,14.6,3.7,3.3,0.477,MODERATE
PX-11262,Artillery,Low,46.9,0.0,9.4,1,227,46.8,4.5,7.1,0.3,91.0,22.7,3.7,1.7,0.02,LOW
PX-14768,Infantry,High,60.2,8.3,9.2,2,213,27.7,0.0,5.4,8.5,,14.8,3.2,4.0,0.543,MODERATE
PX-14761,Armored,Low,48.5,0.8,8.7,1,281,27.0,4.0,7.7,1.3,83.9,20.2,3.8,1.0,0.02,LOW
PX-14315,Combat Engineers,Extreme,62.1,9.0,13.8,2,365,5.0,1.0,5.3,8.1,90.5,12.8,3.9,4.4,0.575,MODERATE
PX-10899,Combat Engineers,Low,53.2,4.4,4.4,2,164,48.5,4.2,6.7,2.5,86.7,18.9,3.9,1.3,0.02,LOW
PX-13578,Signals,Medium,49.3,1.2,9.0,2,212,28.6,4.0,5.4,4.1,73.3,18.5,4.0,2.8,0.29,LOW
PX-11185,Air Defense,High,53.4,2.8,11.6,2,256,35.5,2.1,4.9,7.1,63.4,14.4,3.2,3.4,0.537,MODERATE
PX-13667,Infantry,High,57.9,6.4,15.7,1,342,30.9,1.9,4.9,6.6,74.5,14.7,4.6,3.4,0.486,MODERATE
PX-12961,Medical Corps,Low,42.6,0.0,5.2,0,140,43.2,3.0,7.2,1.0,87.5,22.3,3.6,2.0,0.02,LOW
PX-10894,Signals,Low,36.0,0.0,9.0,3,255,28.2,3.7,7.6,0.0,90.5,22.9,3.9,1.4,0.02,LOW
PX-13452,Infantry,Medium,56.8,6.2,3.6,2,116,45.1,2.0,6.0,2.5,82.7,14.4,2.8,2.9,0.148,LOW
PX-10924,Infantry,High,64.2,15.3,8.8,1,267,29.7,1.1,4.2,8.3,81.0,8.3,2.8,3.6,0.747,ELEVATED
PX-13325,Logistics & ASC,Low,50.8,3.4,6.6,0,171,42.3,3.8,6.4,1.7,92.9,21.3,4.2,2.1,0.02,LOW
PX-10472,Infantry,Extreme,61.0,9.6,8.7,2,204,29.2,0.5,5.2,9.2,72.0,14.0,3.1,4.0,0.601,MODERATE
PX-11904,Combat Engineers,High,63.6,4.4,6.5,1,200,33.3,2.2,4.9,8.9,88.3,15.6,4.2,3.0,0.443,MODERATE
PX-14484,Logistics & ASC,Medium,43.8,0.0,3.7,4,132,48.5,3.1,7.4,2.5,100.0,22.2,3.6,2.8,0.02,LOW
PX-10237,Air Defense,Low,51.3,3.1,2.6,0,97,42.0,3.9,7.7,0.0,93.8,22.6,3.2,1.1,0.02,LOW
PX-10466,Signals,Medium,45.3,0.0,4.9,3,140,51.0,3.9,6.2,3.2,73.7,22.0,4.3,2.7,0.02,LOW
PX-10961,Armored,Medium,38.9,0.0,4.1,1,121,45.5,3.7,7.3,1.3,91.2,24.8,4.0,2.5,0.02,LOW
PX-13658,Logistics & ASC,Medium,47.9,0.0,7.8,1,191,30.8,1.3,5.6,4.5,76.7,15.0,2.7,2.0,0.314,LOW
PX-14168,Combat Engineers,Medium,56.3,5.2,10.2,2,251,28.3,2.3,5.4,4.0,77.5,,3.0,2.1,0.376,LOW
PX-13267,Air Defense,Medium,40.8,0.0,5.9,1,173,42.4,5.2,7.3,1.4,81.0,22.0,3.3,1.8,0.02,LOW
PX-11278,Logistics & ASC,Medium,50.5,0.0,6.5,1,170,25.1,4.1,6.5,4.0,78.9,25.6,4.7,2.8,0.029,LOW
PX-12660,Logistics & ASC,Medium,48.3,0.0,4.0,1,127,44.1,2.6,6.9,3.9,80.1,18.5,3.2,2.5,0.053,LOW
PX-13412,Armored,High,53.9,4.6,6.4,0,212,27.8,2.7,4.4,8.2,71.1,13.6,3.9,4.1,0.472,MODERATE
PX-10644,Combat Engineers,High,62.6,8.2,7.0,2,203,25.9,1.6,5.7,7.4,74.8,13.4,3.5,3.5,0.407,MODERATE
PX-14444,Infantry,High,59.2,10.6,7.3,2,218,39.2,1.9,5.2,4.9,76.9,14.0,3.8,3.2,0.395,MODERATE
PX-12092,Combat Engineers,Extreme,64.0,13.8,17.7,1,365,10.9,0.6,5.0,7.9,81.8,15.0,3.9,4.5,0.693,ELEVATED
PX-14239,Signals,Extreme,64.2,14.8,7.7,5,212,19.9,0.5,4.5,10.0,71.1,20.5,4.7,4.8,0.538,MODERATE
PX-13634,Combat Engineers,Medium,48.3,4.3,4.8,1,190,47.3,3.4,5.8,2.9,67.3,18.4,4.3,2.3,0.091,LOW
PX-10743,Infantry,Extreme,64.5,10.1,7.6,1,210,26.8,1.5,4.4,9.8,66.9,14.6,3.7,4.2,0.596,MODERATE
PX-11557,Armored,Low,42.3,0.0,4.8,0,145,50.2,2.9,6.7,2.9,84.6,19.6,3.7,1.7,0.02,LOW
PX-13014,Artillery,Low,42.2,0.0,5.9,1,169,48.3,3.6,5.9,4.1,82.2,23.0,4.8,1.2,0.02,LOW
PX-11748,Armored,Medium,52.3,2.0,7.9,2,194,36.0,3.4,5.5,4.3,61.4,21.2,3.6,2.1,0.205,LOW
PX-13770,Logistics & ASC,Low,49.1,2.4,4.7,2,134,48.4,4.3,6.7,2.6,74.2,19.7,3.6,2.0,0.02,LOW
PX-11614,Air Defense,Extreme,64.3,12.1,8.3,3,207,22.0,0.0,3.9,10.0,79.9,10.9,4.4,4.5,0.589,MODERATE
PX-10752,Infantry,Extreme,68.7,14.5,7.2,2,175,25.3,0.4,4.9,9.1,61.3,10.7,3.8,4.5,0.629,MODERATE
PX-11362,Combat Engineers,High,48.9,0.0,11.1,1,262,25.0,1.4,6.0,6.4,82.6,19.1,2.8,3.2,0.378,LOW
PX-13524,Armored,Low,49.4,0.0,5.7,4,197,57.4,5.3,6.4,2.1,72.0,18.8,3.6,2.1,0.02,LOW
PX-12508,Combat Engineers,High,52.0,2.5,6.5,3,175,33.2,1.5,5.3,5.9,71.0,14.4,3.2,3.2,0.369,LOW
PX-13846,Signals,High,60.7,11.4,8.7,2,203,22.2,1.8,5.0,7.4,73.2,11.6,3.4,3.7,0.486,MODERATE
PX-12932,Combat Engineers,Low,47.5,3.8,4.4,1,148,50.2,4.6,6.8,0.0,,15.1,3.9,1.1,0.02,LOW
PX-10985,Logistics & ASC,Medium,57.7,4.3,3.6,0,224,50.7,2.4,5.8,2.7,78.4,19.2,4.4,2.9,0.121,LOW
PX-12689,Armored,Medium,49.2,0.1,3.6,2,114,39.7,3.8,7.1,,80.8,21.1,3.0,2.8,0.02,LOW
PX-14343,Infantry,Medium,55.1,4.1,9.7,2,220,41.5,1.2,5.7,3.9,85.0,18.1,4.1,2.4,0.245,LOW
PX-10836,Signals,High,60.9,7.6,11.0,2,247,25.4,1.8,6.4,7.2,75.5,11.7,2.7,3.0,0.44,MODERATE
PX-10493,Artillery,Medium,49.1,0.0,3.7,3,174,43.2,2.5,6.7,3.7,94.5,15.7,3.5,2.7,0.029,LOW
PX-11250,Infantry,Extreme,67.9,15.8,14.8,3,326,8.8,0.9,4.6,10.0,75.7,14.2,3.5,5.0,0.785,ELEVATED
PX-13162,Infantry,Medium,46.2,0.0,4.1,1,132,33.6,1.7,7.5,2.1,91.9,19.9,3.2,2.0,0.02,LOW
PX-13036,Combat Engineers,High,50.0,0.4,5.6,0,151,34.4,1.9,5.5,5.3,85.6,13.8,3.9,4.0,0.228,LOW
PX-11806,Infantry,High,57.6,8.2,6.2,3,172,22.9,0.6,6.2,5.0,74.4,19.3,4.7,3.6,0.28,LOW
PX-10353,Combat Engineers,High,52.6,4.5,7.4,3,178,29.0,3.2,5.4,5.2,73.4,13.1,4.0,3.4,0.183,LOW
PX-10670,Infantry,High,54.3,6.1,5.7,0,193,37.2,1.3,5.6,4.9,83.3,18.1,4.2,3.3,0.269,LOW
PX-13158,Logistics & ASC,Low,36.0,0.0,9.2,1,214,32.6,5.3,7.4,0.0,84.0,23.1,3.9,1.2,0.02,LOW
PX-11762,Infantry,Extreme,59.2,6.1,13.6,2,291,7.1,0.4,4.9,7.1,73.0,11.8,4.3,4.1,0.599,MODERATE
PX-11510,Infantry,Extreme,68.7,14.7,12.1,1,273,14.3,1.1,4.9,10.0,70.9,10.1,3.7,4.9,0.659,ELEVATED
PX-10410,Signals,Low,36.7,0.0,3.9,1,122,54.4,4.1,7.1,1.3,75.9,20.1,2.9,1.7,0.02,LOW
PX-14961,Infantry,High,58.5,6.4,6.7,4,225,30.7,0.3,5.2,7.3,70.6,18.4,4.0,3.8,0.451,MODERATE
PX-10540,Medical Corps,Extreme,64.4,10.1,9.3,0,215,23.0,1.7,5.2,9.2,69.7,12.0,2.9,4.2,0.588,MODERATE
PX-13977,Infantry,Extreme,68.2,14.3,8.1,4,190,28.8,0.0,4.8,7.5,71.8,8.5,3.6,5.0,0.586,MODERATE
PX-14930,Signals,Low,47.9,0.2,3.2,2,114,56.0,4.5,7.0,1.9,75.2,20.7,3.7,2.1,0.02,LOW
PX-10301,Infantry,High,60.3,8.3,6.3,2,178,20.6,2.8,5.3,6.9,73.8,14.5,4.1,3.3,0.365,LOW
PX-11989,Infantry,Low,43.1,1.3,5.5,1,164,45.1,4.6,7.0,2.3,69.3,23.2,3.7,2.1,0.02,LOW
PX-10291,Infantry,High,58.3,5.4,9.4,4,218,34.1,0.9,5.3,7.4,58.1,14.1,3.4,3.6,0.55,MODERATE
PX-11890,Infantry,High,56.2,9.0,8.2,1,271,30.0,2.2,5.9,5.9,66.2,17.2,4.2,3.1,0.352,LOW
PX-13807,Combat Engineers,Extreme,59.2,7.9,8.8,3,209,25.8,1.3,5.7,6.1,,8.2,2.6,4.5,0.404,MODERATE
PX-11542,Artillery,Extreme,64.5,9.5,17.9,2,365,5.7,0.0,4.8,9.6,78.4,10.4,4.5,4.8,0.727,ELEVATED
PX-10223,Medical Corps,Low,41.4,0.0,3.0,2,194,59.9,5.0,7.4,1.1,95.6,25.5,4.1,1.3,0.02,LOW
PX-11503,Armored,Extreme,58.6,5.2,11.6,4,342,7.3,1.5,5.3,7.6,59.6,19.4,4.7,3.9,0.452,MODERATE
PX-12686,Infantry,High,51.7,4.4,8.1,2,209,30.1,1.7,6.1,4.9,76.9,17.2,3.1,3.1,0.259,LOW
PX-11892,Combat Engineers,Low,40.3,0.0,2.9,2,130,60.0,5.9,7.3,0.0,93.0,19.8,4.1,1.3,0.02,LOW
PX-14041,Signals,Low,41.6,0.0,4.6,1,143,45.7,2.8,5.6,2.0,89.2,21.0,4.3,1.9,0.02,LOW
PX-11345,Combat Engineers,High,53.2,0.0,6.6,1,185,38.4,0.6,6.2,3.5,73.8,15.6,4.1,3.9,0.195,LOW
PX-10192,Infantry,Medium,48.0,0.0,5.3,0,205,42.3,2.6,6.1,4.0,82.0,23.4,4.8,2.6,0.07,LOW
PX-11404,Infantry,Medium,53.5,2.1,5.1,6,172,38.2,2.4,5.5,4.5,77.8,12.2,3.5,2.3,0.243,LOW
PX-10187,Infantry,High,59.8,10.4,7.3,2,217,39.5,1.7,6.5,3.7,74.5,16.5,3.1,3.2,0.223,LOW
PX-12017,Infantry,Low,36.0,0.0,3.7,1,130,38.2,4.7,8.3,0.0,76.1,26.5,3.8,2.0,0.02,LOW
PX-13496,Signals,Low,38.3,0.0,6.9,2,171,34.0,5.4,7.9,0.7,94.1,23.4,3.2,1.1,0.02,LOW
PX-11643,Infantry,Medium,46.6,1.2,18.0,2,365,29.2,3.3,7.3,0.3,85.4,14.4,3.9,3.0,0.03,LOW
PX-10541,Combat Engineers,High,55.8,8.3,7.9,2,248,26.9,1.7,5.1,5.8,81.0,13.3,3.4,3.1,0.404,MODERATE
PX-12588,Armored,High,58.5,6.1,5.6,2,151,33.3,2.9,5.1,5.6,79.6,19.8,3.7,3.1,0.278,LOW
PX-11079,Artillery,Extreme,63.0,12.3,7.5,5,212,26.5,0.9,4.5,10.0,68.3,10.0,3.9,4.8,0.593,MODERATE
PX-10786,Air Defense,Extreme,57.4,7.1,7.4,1,184,15.5,3.5,4.8,8.4,74.9,14.1,3.9,4.7,0.458,MODERATE
PX-13249,Armored,Low,44.4,0.0,3.6,2,117,56.1,5.0,6.0,3.3,87.2,22.8,3.8,1.9,0.02,LOW
PX-11940,Infantry,High,54.8,6.2,8.8,2,209,25.0,1.1,6.1,3.8,76.8,19.8,4.6,3.5,0.266,LOW
PX-11493,Air Defense,Medium,50.5,0.2,3.9,1,146,44.0,1.8,6.4,2.8,81.0,19.1,4.2,2.1,0.02,LOW
PX-10477,Combat Engineers,High,56.8,7.3,10.8,1,346,24.4,0.6,6.2,,76.9,18.6,4.3,3.0,0.244,LOW
PX-12119,Infantry,High,57.0,7.1,15.6,2,348,11.8,2.8,5.7,5.8,80.4,15.4,3.4,3.4,0.408,MODERATE
PX-11253,Combat Engineers,High,52.2,0.0,9.6,4,220,19.3,0.9,5.1,5.0,73.2,17.6,4.0,4.1,0.317,LOW
PX-11851,Logistics & ASC,Medium,49.8,0.8,7.0,1,211,43.7,2.6,6.8,3.8,78.1,27.3,4.8,2.4,0.02,LOW
PX-13087,Armored,Medium,53.0,2.7,3.6,1,150,50.3,3.5,6.7,3.8,85.6,21.9,3.9,1.9,0.02,LOW
PX-11724,Armored,Medium,46.9,0.0,9.3,2,222,40.9,3.9,6.9,2.6,91.6,22.6,3.4,2.6,0.107,LOW
PX-12863,Infantry,High,52.2,4.1,13.4,3,365,15.6,0.0,5.7,6.5,88.6,16.7,4.2,3.6,0.383,MODERATE
PX-11115,Infantry,Extreme,60.7,8.9,8.5,2,215,11.7,0.1,5.0,10.0,80.3,11.9,3.3,4.8,0.528,MODERATE
PX-12276,Combat Engineers,High,56.3,4.7,7.1,0,198,25.1,2.5,5.4,6.4,68.0,15.6,3.0,3.3,0.393,MODERATE
PX-10908,Artillery,Medium,51.6,4.4,7.9,4,197,43.9,4.5,7.2,0.8,78.2,23.2,4.9,1.8,0.02,LOW
PX-14344,Signals,Medium,46.5,0.4,4.0,0,149,39.8,2.8,6.5,2.7,85.8,22.8,3.3,2.6,0.02,LOW
PX-11770,Combat Engineers,Medium,56.8,3.2,3.8,4,169,45.7,3.0,5.6,4.7,74.3,19.4,4.0,2.4,0.169,LOW
PX-12739,Combat Engineers,High,55.3,3.0,5.6,0,161,36.8,1.8,6.9,2.8,70.2,15.9,3.6,3.2,0.168,LOW
PX-10378,Artillery,Medium,62.5,8.9,11.3,1,275,25.2,3.1,5.8,4.6,84.0,11.2,3.3,2.1,0.393,MODERATE
PX-13069,Armored,Extreme,59.2,5.5,8.0,5,190,31.3,0.0,5.4,8.4,70.8,14.4,3.9,3.9,0.538,MODERATE
PX-13175,Infantry,Extreme,58.7,10.8,13.5,0,307,14.3,0.5,4.4,9.0,77.3,11.1,3.6,4.7,0.711,ELEVATED
PX-10659,Artillery,High,59.7,5.6,12.9,4,295,20.9,0.0,5.4,5.7,77.8,12.9,4.1,4.0,0.503,MODERATE
PX-14251,Infantry,Medium,51.2,1.0,9.1,1,221,28.4,4.2,5.1,5.6,89.5,16.9,4.1,2.3,0.271,LOW
PX-11172,Artillery,Medium,60.8,11.0,8.5,0,228,36.1,0.8,5.9,5.1,80.5,20.2,4.1,2.6,0.258,LOW
PX-11496,Logistics & ASC,Medium,53.5,3.4,7.0,1,188,21.4,1.8,6.4,3.8,81.6,18.6,3.4,2.6,0.072,LOW
PX-14915,Air Defense,Medium,50.6,2.3,8.9,1,226,23.4,2.7,6.3,3.4,73.4,17.6,3.8,2.2,0.212,LOW
PX-14457,Combat Engineers,Medium,47.5,1.8,4.5,1,206,34.0,3.1,6.8,3.3,77.9,22.5,4.5,3.0,0.02,LOW
PX-14122,Logistics & ASC,High,61.5,7.7,6.9,2,239,38.7,0.9,6.1,7.0,67.0,12.0,3.4,3.5,0.436,MODERATE
PX-11925,Infantry,Medium,45.7,0.0,6.0,0,176,40.7,3.9,6.3,3.3,87.7,12.7,2.8,2.2,0.123,LOW
PX-14013,Infantry,Medium,48.1,0.0,6.4,2,171,40.7,1.8,6.3,2.2,91.5,14.8,4.1,2.0,0.02,LOW
PX-11741,Infantry,High,58.1,7.0,16.3,2,361,14.6,1.3,5.3,6.6,85.9,11.1,3.9,3.1,0.431,MODERATE
PX-11105,Air Defense,Extreme,52.7,2.9,12.4,1,275,7.0,0.4,6.0,6.3,77.1,17.0,3.6,4.7,0.415,MODERATE
PX-11965,Infantry,High,63.1,8.8,7.1,4,275,31.9,0.4,5.8,7.1,89.6,11.9,3.0,3.2,0.454,MODERATE
PX-13877,Medical Corps,Medium,48.5,0.0,8.6,1,224,33.0,3.7,7.1,2.9,80.4,18.0,3.9,2.8,0.058,LOW
PX-12708,Infantry,High,55.9,8.8,18.0,2,365,13.7,2.6,5.0,6.5,81.1,8.1,2.9,4.0,0.597,MODERATE
PX-14019,Signals,High,58.6,8.1,13.5,1,336,19.5,2.8,5.6,6.4,65.6,13.1,4.5,3.2,0.472,MODERATE
PX-11572,Combat Engineers,High,56.5,5.4,6.3,2,161,31.3,0.7,5.7,5.0,61.6,15.5,4.3,3.9,0.281,LOW
PX-12000,Logistics & ASC,Medium,48.9,0.0,4.3,2,171,43.0,2.3,5.6,3.6,84.5,17.8,4.2,1.9,0.063,LOW
PX-14324,Infantry,High,56.6,4.6,7.9,3,254,32.1,3.0,5.9,4.8,79.2,16.2,4.2,3.4,0.241,LOW
PX-14300,Armored,High,45.2,0.0,6.0,2,159,34.0,1.4,5.4,5.6,72.9,17.4,3.7,3.7,0.153,LOW
PX-12397,Infantry,Medium,49.4,3.3,12.3,0,352,40.0,1.7,6.4,5.1,88.5,17.0,3.8,1.8,0.234,LOW
PX-12111,Combat Engineers,High,55.6,6.2,6.5,1,174,54.4,1.5,5.4,6.0,78.0,17.3,3.9,3.9,0.298,LOW
PX-12402,Signals,Low,36.0,0.0,5.8,2,164,39.9,3.7,7.8,0.0,92.1,26.6,3.8,1.7,0.02,LOW
PX-13174,Signals,Low,42.9,0.0,3.7,2,154,49.5,5.1,6.5,1.2,85.6,25.2,3.5,1.0,0.02,LOW
PX-14012,Logistics & ASC,High,52.6,3.4,9.0,2,289,14.1,1.1,6.0,5.1,80.5,14.5,2.8,3.7,0.378,LOW
PX-13545,Armored,High,57.5,8.2,7.1,4,176,22.1,2.5,4.2,7.7,77.2,7.7,2.7,3.6,0.518,MODERATE
PX-10852,Logistics & ASC,Low,43.4,0.0,2.6,0,197,54.8,3.3,7.3,1.1,87.1,23.8,3.1,1.4,0.02,LOW
PX-12091,Logistics & ASC,Medium,40.9,0.0,8.9,1,218,41.3,4.7,6.6,3.3,81.4,25.1,4.6,2.0,0.049,LOW
PX-13940,Infantry,Medium,54.5,3.3,5.2,2,194,46.2,2.3,6.3,3.2,78.9,16.7,4.6,2.7,0.141,LOW
PX-11518,Infantry,Medium,52.1,3.3,13.9,0,365,31.6,2.6,7.1,1.7,82.3,18.6,3.8,2.1,0.166,LOW
PX-12138,Air Defense,High,47.6,0.0,6.0,2,163,26.8,0.6,5.8,4.6,66.2,18.8,4.0,3.0,0.214,LOW
PX-10335,Combat Engineers,Extreme,63.5,9.2,7.5,2,219,21.2,0.5,5.1,9.4,77.9,14.1,4.3,4.0,0.539,MODERATE
PX-12576,Signals,High,61.1,8.9,5.8,1,202,33.0,2.3,5.3,7.9,86.4,10.9,4.0,4.0,0.4,MODERATE
PX-12778,Artillery,Medium,43.8,0.0,4.0,1,156,41.4,2.3,5.9,3.1,84.7,20.8,3.7,3.0,0.02,LOW
PX-13262,Infantry,Extreme,59.9,5.5,13.8,3,340,21.1,0.4,5.5,6.0,65.0,10.3,3.7,3.9,0.565,MODERATE
PX-13113,Signals,Medium,44.5,0.0,3.9,1,165,46.4,3.1,6.6,1.2,87.6,25.0,4.1,2.5,0.02,LOW
PX-10702,Infantry,Low,46.6,0.0,3.0,2,106,50.9,3.1,6.0,2.4,97.3,25.1,3.3,2.1,0.02,LOW
PX-11480,Armored,High,52.6,5.2,6.8,3,167,33.8,2.5,5.3,6.4,70.8,19.3,3.8,3.7,0.237,LOW
PX-12774,Signals,Medium,36.0,0.0,5.5,6,170,31.3,4.1,6.4,3.8,75.8,28.3,4.7,2.7,0.02,LOW
PX-13387,Medical Corps,Medium,54.9,6.3,6.9,1,174,33.5,2.6,6.2,3.4,81.4,19.0,3.7,2.8,0.106,LOW
PX-13289,Armored,Medium,48.3,0.0,7.0,1,212,37.7,3.6,6.8,4.5,90.6,22.9,4.6,2.6,0.02,LOW
PX-13072,Air Defense,Medium,51.9,0.0,4.2,0,151,47.3,0.2,6.9,2.0,87.0,17.7,3.6,2.4,0.02,LOW
PX-11676,Signals,Medium,53.8,3.1,14.5,3,307,20.0,2.4,5.8,3.6,73.4,12.3,3.4,2.6,0.379,LOW
PX-11146,Signals,Medium,43.4,0.0,7.5,0,272,33.4,3.4,5.7,4.4,94.1,19.1,4.4,2.0,0.14,LOW
PX-14936,Artillery,Medium,41.5,0.0,15.3,2,347,20.8,2.5,6.7,1.7,76.6,19.1,3.6,2.2,0.115,LOW
PX-12211,Armored,High,61.2,13.3,7.5,0,183,35.6,1.9,5.7,7.1,89.9,17.0,3.9,4.2,0.387,MODERATE
PX-10417,Air Defense,Extreme,66.4,15.5,9.6,1,273,18.6,0.0,4.4,10.0,76.0,12.0,3.0,4.2,0.759,ELEVATED
PX-10476,Armored,Medium,37.7,0.0,4.4,1,145,44.8,3.9,8.0,1.1,82.7,25.0,3.2,2.5,0.02,LOW
PX-11047,Air Defense,Low,39.4,0.0,3.5,1,121,46.2,3.8,5.9,1.0,80.2,18.3,2.7,2.0,0.02,LOW
PX-12403,Logistics & ASC,Medium,49.4,0.0,4.9,1,166,38.6,4.1,6.6,2.4,72.2,19.7,3.6,2.7,0.02,LOW
PX-14779,Signals,High,57.4,4.4,5.6,4,164,20.6,1.3,5.0,8.4,66.8,17.2,3.1,3.9,0.416,MODERATE
PX-14123,Artillery,Medium,52.5,3.6,10.7,0,238,14.0,2.9,5.9,3.4,87.3,15.5,2.6,2.1,0.216,LOW
PX-14366,Armored,High,56.7,6.9,6.6,1,189,41.7,2.3,5.8,5.9,78.8,12.0,3.3,3.7,0.343,LOW
PX-10017,Infantry,High,57.8,11.3,10.5,3,238,21.9,1.1,6.2,5.7,77.3,14.4,3.1,3.5,0.405,MODERATE
PX-14473,Infantry,Low,43.0,0.0,3.0,1,105,58.1,2.9,7.6,0.7,67.8,26.4,3.5,1.5,0.02,LOW
PX-10636,Signals,Low,42.1,0.0,2.9,1,110,43.9,2.8,7.9,0.0,89.1,21.0,2.3,1.4,0.02,LOW
PX-14952,Infantry,Extreme,66.3,10.5,10.5,5,245,21.2,1.9,4.3,8.4,77.1,5.3,3.3,3.9,0.714,ELEVATED
PX-10515,Infantry,Extreme,68.5,13.4,12.2,2,337,17.1,2.2,4.1,9.3,67.0,10.7,3.3,4.6,0.827,ELEVATED
PX-12764,Infantry,High,57.1,8.7,5.7,4,180,32.0,1.2,5.7,4.4,75.7,12.1,3.4,3.7,0.335,LOW
PX-11133,Signals,Low,40.0,0.0,6.0,1,163,37.8,3.3,7.7,0.0,78.6,30.0,5.0,1.1,0.02,LOW
PX-14903,Logistics & ASC,Medium,44.8,1.8,4.0,2,289,52.5,2.2,5.1,4.0,76.4,17.9,4.2,3.0,0.193,LOW
PX-14982,Artillery,Extreme,58.8,4.4,18.0,4,365,5.0,1.0,6.1,5.9,77.4,7.5,3.5,4.7,0.455,MODERATE
PX-10377,Armored,High,55.6,5.1,8.3,2,215,17.1,2.5,6.0,4.7,62.7,18.2,3.7,3.6,0.292,LOW
PX-12180,Air Defense,Medium,52.3,1.4,5.8,0,179,37.8,4.2,6.1,5.1,87.0,21.1,4.9,2.3,0.02,LOW
PX-11389,Infantry,Medium,60.5,11.3,5.9,4,187,42.0,2.3,6.6,4.2,78.1,18.8,3.6,2.4,0.21,LOW
PX-14166,Infantry,High,64.4,12.1,6.0,0,216,21.0,0.5,5.2,9.0,63.9,17.6,4.3,3.7,0.521,MODERATE
PX-14579,Infantry,Low,47.7,1.0,3.2,1,106,45.8,4.5,7.6,1.2,84.9,28.0,4.1,1.8,0.02,LOW
PX-12847,Infantry,Medium,57.5,5.9,4.9,4,177,42.2,3.2,5.9,3.7,74.7,14.6,3.6,2.7,0.119,LOW
PX-14813,Medical Corps,Low,45.4,2.9,2.5,2,94,60.0,3.0,6.8,0.4,78.9,20.9,3.6,1.8,0.02,LOW
PX-11458,Medical Corps,Medium,48.4,3.2,4.6,4,131,53.9,3.0,6.7,3.0,72.8,22.9,4.6,2.0,0.02,LOW
PX-14087,Combat Engineers,Extreme,64.5,8.9,9.6,3,242,33.1,0.4,4.7,8.5,66.1,3.9,2.5,4.8,0.755,ELEVATED
PX-11305,Logistics & ASC,Low,45.5,0.0,11.2,0,270,38.7,5.2,6.8,0.5,86.2,23.5,4.4,1.4,0.02,LOW
PX-14975,Armored,Low,53.0,2.5,3.0,2,105,45.1,3.2,5.8,1.4,91.3,17.6,3.7,1.2,0.02,LOW
PX-14997,Armored,Medium,54.1,2.9,7.0,2,193,38.5,3.4,5.5,2.6,77.0,15.5,3.9,2.4,0.239,LOW
PX-11450,Air Defense,Medium,45.8,0.0,7.6,0,204,37.2,4.0,6.0,2.8,,18.1,3.8,2.1,0.041,LOW
PX-14196,Infantry,High,55.1,6.6,6.3,5,164,21.6,2.1,5.2,7.8,84.0,15.7,4.3,3.4,0.35,LOW
PX-11331,Armored,Extreme,66.6,13.1,10.0,0,238,22.4,1.0,4.3,9.3,53.5,7.9,3.4,4.6,0.808,ELEVATED
PX-13276,Armored,Medium,45.5,1.2,3.7,3,180,49.5,4.0,6.5,3.0,73.4,20.0,2.3,2.8,0.081,LOW
PX-12357,Armored,Low,52.7,3.0,7.9,0,252,42.1,3.6,6.8,0.4,78.4,21.2,4.2,1.3,0.02,LOW
PX-10602,Logistics & ASC,High,52.8,4.9,7.5,3,200,22.4,0.1,5.9,4.7,74.2,12.4,2.2,3.7,0.395,MODERATE
PX-14215,Infantry,High,68.4,15.7,9.0,2,216,14.1,2.1,6.0,7.4,79.5,14.8,4.1,4.1,0.484,MODERATE
PX-13264,Artillery,High,61.3,10.8,6.3,2,168,25.0,0.0,5.5,7.7,74.7,16.6,4.3,3.4,0.397,MODERATE
PX-12809,Infantry,Low,46.8,0.0,3.2,2,171,54.4,4.5,7.9,0.0,78.4,24.3,3.9,1.9,0.02,LOW
PX-12712,Infantry,High,51.2,0.1,10.9,1,250,25.2,0.0,6.3,5.3,79.0,18.3,3.4,4.1,0.398,MODERATE
PX-11323,Air Defense,Low,43.7,0.0,3.4,0,159,49.0,5.2,6.8,1.4,80.6,18.9,3.0,1.7,0.02,LOW
PX-11716,Artillery,High,49.7,0.1,8.1,2,202,27.9,2.4,6.0,5.5,77.9,18.6,3.6,3.2,0.214,LOW
PX-13408,Armored,Extreme,63.8,8.2,9.9,4,245,21.7,1.0,5.3,8.1,70.3,10.3,3.3,4.9,0.618,MODERATE
PX-13042,Air Defense,High,60.3,9.7,11.7,1,315,30.2,1.0,5.5,7.0,79.9,13.9,3.8,3.2,0.448,MODERATE
PX-12475,Infantry,High,55.5,6.3,11.1,6,274,30.3,1.6,5.7,4.9,73.2,15.5,3.5,4.1,0.332,LOW
PX-13558,Combat Engineers,Medium,46.1,0.0,9.6,4,241,38.3,4.1,5.5,4.6,74.9,18.7,4.9,2.1,0.177,LOW
PX-12247,Combat Engineers,Medium,51.2,0.0,3.9,1,122,38.1,2.7,5.6,2.9,72.7,18.1,3.0,1.9,0.032,LOW
PX-13277,Combat Engineers,High,64.1,12.7,9.4,3,242,19.7,1.8,4.8,9.4,74.3,11.1,3.2,4.1,0.613,MODERATE
PX-14858,Infantry,High,67.3,12.2,6.8,2,224,32.0,0.9,4.9,7.5,66.9,14.6,3.7,3.8,0.561,MODERATE
PX-12230,Artillery,Medium,42.4,0.0,4.2,0,123,50.8,2.8,6.6,2.4,87.5,24.3,3.9,2.8,0.02,LOW
PX-13177,Artillery,High,62.4,9.8,9.2,0,221,29.7,1.3,5.6,7.7,73.2,14.4,4.0,3.3,0.423,MODERATE
PX-12827,Infantry,Medium,48.5,0.0,11.2,0,274,35.6,3.1,6.3,4.1,75.3,21.0,3.9,1.9,0.227,LOW
PX-11536,Air Defense,Low,46.3,0.0,11.5,0,297,34.2,6.5,6.2,1.7,81.7,18.9,4.5,1.6,0.02,LOW
PX-10084,Infantry,Extreme,64.8,13.2,7.1,3,196,16.2,0.2,4.0,,64.1,14.9,3.4,4.1,0.689,ELEVATED
PX-11073,Logistics & ASC,Low,51.4,3.9,2.7,0,120,52.9,4.2,5.6,3.2,,18.9,4.7,1.0,0.03,LOW
PX-12265,Infantry,Low,36.0,0.0,6.3,0,203,46.8,3.4,7.0,1.9,,23.2,4.8,1.8,0.02,LOW
PX-11995,Signals,High,53.3,3.7,14.1,5,299,18.9,4.0,5.5,6.2,56.3,11.8,3.4,4.0,0.451,MODERATE
PX-11796,Combat Engineers,Extreme,64.9,11.4,9.4,3,245,33.3,0.1,4.7,9.7,68.9,10.2,4.4,4.6,0.664,ELEVATED
PX-10858,Artillery,High,55.8,5.6,8.1,1,218,22.6,0.0,6.6,3.7,83.2,15.4,4.0,3.9,0.198,LOW
PX-14476,Combat Engineers,High,58.9,8.6,9.7,5,247,25.2,1.5,5.1,,64.2,15.1,4.5,3.2,0.48,MODERATE
PX-12917,Logistics & ASC,Low,47.7,1.6,3.3,1,186,58.6,2.8,6.8,0.2,83.5,18.2,3.7,1.6,0.02,LOW
PX-12226,Signals,Low,45.4,0.0,4.2,0,141,42.7,5.1,6.8,0.8,86.7,24.9,3.8,1.7,0.02,LOW
PX-12325,Medical Corps,Low,45.9,0.0,10.6,1,281,31.1,5.3,7.0,1.1,90.6,16.6,3.4,1.4,0.051,LOW
PX-12093,Infantry,Extreme,62.8,6.3,7.1,4,186,24.1,0.0,5.0,9.2,69.9,13.3,3.9,4.6,0.558,MODERATE
PX-12270,Combat Engineers,Extreme,63.3,6.8,7.6,3,191,31.5,0.6,4.9,9.1,72.4,16.7,3.5,3.9,0.539,MODERATE
PX-12883,Artillery,High,55.2,5.4,13.3,3,293,21.9,0.0,6.7,4.9,82.4,18.8,3.6,3.3,0.366,LOW
PX-11077,Armored,Medium,42.0,0.0,6.4,2,168,43.4,3.1,5.4,4.3,65.4,21.9,4.7,2.1,0.15,LOW
PX-13668,Artillery,High,57.7,9.6,5.8,3,216,25.9,1.2,5.2,6.0,68.7,14.4,3.4,3.8,0.361,LOW
PX-10218,Logistics & ASC,Low,45.5,1.9,14.9,1,359,25.9,2.6,6.4,1.6,87.7,15.9,3.7,2.2,0.172,LOW
PX-13784,Combat Engineers,High,51.8,2.2,10.3,3,233,31.3,1.9,4.9,6.6,88.0,13.1,2.7,3.4,0.453,MODERATE
PX-10202,Armored,Medium,54.8,1.5,5.0,2,174,33.4,2.4,5.9,3.8,82.8,16.3,3.4,2.2,0.129,LOW
PX-13929,Logistics & ASC,Medium,50.8,2.8,3.9,1,151,25.8,2.9,6.4,1.8,70.5,18.8,2.4,2.1,0.098,LOW
PX-14694,Artillery,High,60.1,8.6,6.1,1,229,29.8,1.8,4.7,9.6,80.1,11.9,3.7,3.8,0.584,MODERATE
PX-14605,Artillery,Extreme,64.3,11.1,8.7,2,202,20.2,1.2,4.4,10.0,67.0,10.7,4.0,4.6,0.618,MODERATE
PX-11794,Logistics & ASC,Medium,43.5,0.0,9.8,0,244,28.6,2.9,6.2,4.2,71.2,23.2,4.2,2.8,0.129,LOW
PX-12094,Logistics & ASC,Medium,53.9,5.0,3.6,4,212,43.3,4.3,6.2,2.6,75.9,,4.0,2.4,0.028,LOW
PX-10444,Artillery,Extreme,63.8,11.0,13.9,3,332,13.9,0.4,4.1,10.0,,9.3,4.4,4.5,0.725,ELEVATED
PX-13797,Air Defense,High,58.1,8.5,6.8,1,183,32.4,1.6,6.2,5.6,72.3,16.5,3.1,3.6,0.241,LOW
PX-12547,Infantry,Low,43.8,0.0,3.5,2,128,49.4,4.9,7.0,0.9,76.3,19.4,3.2,1.2,0.02,LOW
PX-12031,Armored,Medium,49.3,2.7,5.4,0,170,40.6,1.4,7.8,1.8,80.9,23.2,3.5,2.9,0.02,LOW
PX-11009,Armored,Extreme,64.5,10.3,10.6,3,309,16.3,0.6,4.0,10.0,73.9,9.6,3.3,4.4,0.864,ELEVATED
PX-10350,Combat Engineers,Extreme,64.1,8.3,11.9,2,301,13.3,0.0,4.6,10.0,80.1,11.2,4.1,4.2,0.716,ELEVATED
PX-12505,Infantry,High,52.2,0.9,12.3,2,277,5.0,0.7,5.6,5.4,74.7,10.9,2.7,3.4,0.446,MODERATE
PX-14723,Combat Engineers,High,58.2,8.0,10.8,0,280,25.2,1.0,5.0,6.3,81.5,7.9,2.7,3.8,0.61,MODERATE
PX-13799,Artillery,Medium,50.1,2.1,3.8,0,281,39.8,4.3,6.7,3.6,95.7,23.8,4.9,2.7,0.02,LOW
PX-14031,Artillery,Extreme,51.0,0.7,8.8,4,229,14.1,0.0,5.2,7.0,60.4,19.5,4.8,4.4,0.316,LOW
PX-14358,Armored,High,59.3,10.4,5.5,2,149,39.5,1.0,5.1,6.5,80.0,14.8,3.6,3.7,0.431,MODERATE
PX-14453,Signals,Medium,36.8,0.0,5.8,1,164,45.6,4.4,7.1,3.1,81.9,29.9,3.9,2.6,0.02,LOW
PX-13200,Air Defense,Low,36.0,0.0,5.6,0,237,41.6,5.3,8.2,0.0,84.8,26.6,3.3,1.2,0.02,LOW
PX-12756,Logistics & ASC,Low,43.4,0.0,3.4,1,116,45.3,3.2,7.0,1.7,79.4,21.0,3.0,1.0,0.02,LOW
PX-11324,Artillery,High,48.7,0.4,6.2,1,180,44.9,0.9,5.5,5.4,71.8,18.2,3.9,3.7,0.307,LOW
PX-10168,Artillery,Low,47.9,1.8,7.4,2,193,51.2,3.9,6.7,2.0,87.3,15.6,3.3,2.0,0.02,LOW
PX-12775,Artillery,Medium,57.8,11.5,3.6,1,215,45.6,5.0,5.8,3.6,85.0,22.0,5.0,1.9,0.05,LOW
PX-10430,Logistics & ASC,Medium,44.9,0.0,5.1,3,200,39.1,3.1,6.7,2.9,72.6,18.9,3.9,2.9,0.062,LOW
PX-13470,Armored,Medium,42.4,0.0,5.9,1,175,29.3,4.3,6.7,2.4,78.1,24.8,3.7,2.7,0.02,LOW
PX-12242,Artillery,High,58.1,8.1,11.5,4,259,18.0,1.7,3.9,8.9,79.8,9.7,3.6,3.0,0.692,ELEVATED
PX-13186,Signals,Medium,43.9,0.9,6.2,6,161,50.6,2.4,7.3,1.9,77.2,19.4,2.5,2.6,0.034,LOW
PX-11538,Air Defense,High,53.8,6.6,6.7,2,168,17.2,2.9,5.6,7.1,75.5,19.2,4.0,3.3,0.259,LOW
PX-12335,Signals,High,56.8,9.1,7.9,1,193,23.6,1.1,6.3,3.8,76.9,11.4,2.0,3.0,0.313,LOW
PX-14426,Infantry,Medium,53.5,3.1,10.5,3,285,39.4,3.7,5.8,3.6,82.5,20.1,4.1,2.7,0.24,LOW
PX-14788,Infantry,Medium,58.8,2.9,10.1,2,247,31.6,3.2,4.9,4.7,71.2,14.8,3.7,2.4,0.417,MODERATE
PX-13201,Logistics & ASC,Extreme,61.5,11.7,7.6,3,191,22.3,0.4,5.2,10.0,53.9,11.6,2.9,4.0,0.607,MODERATE
PX-14784,Medical Corps,Medium,50.4,3.3,10.8,0,243,38.9,3.1,6.5,4.2,83.3,19.5,3.9,2.2,0.146,LOW
PX-11018,Infantry,High,65.8,11.6,6.7,2,190,24.6,0.0,5.5,8.8,69.1,15.7,4.5,3.3,0.52,MODERATE
PX-12070,Logistics & ASC,Medium,48.0,0.0,6.6,2,200,27.0,2.3,6.6,3.9,83.8,21.1,3.7,2.8,0.026,LOW
PX-12049,Artillery,Medium,43.6,0.0,5.2,2,143,40.2,1.4,7.0,2.5,82.4,20.8,4.0,2.8,0.02,LOW
PX-12256,Logistics & ASC,Medium,53.7,2.5,4.2,1,126,36.9,3.9,5.8,2.4,84.1,18.0,3.2,2.4,0.105,LOW
PX-12078,Artillery,Low,36.8,0.0,10.4,2,235,33.6,5.9,6.4,2.5,79.7,23.2,4.9,1.3,0.034,LOW
PX-10260,Infantry,High,59.2,8.2,7.9,1,210,23.3,0.0,5.4,4.1,84.1,17.2,4.5,3.9,0.347,LOW
PX-13442,Infantry,Medium,47.1,0.0,6.8,1,169,35.8,2.1,5.9,4.1,77.9,19.9,3.4,2.6,0.143,LOW
PX-13352,Infantry,Extreme,64.1,11.7,14.9,1,316,13.3,0.0,4.2,10.0,70.4,11.1,4.4,4.3,0.839,ELEVATED
PX-11082,Logistics & ASC,Medium,61.4,6.9,7.5,2,198,27.6,2.3,5.6,6.1,90.1,21.0,4.5,2.2,0.285,LOW
PX-10764,Logistics & ASC,Medium,38.8,0.0,4.8,2,131,38.6,2.4,6.9,2.2,86.6,25.9,3.5,2.5,0.02,LOW
PX-12318,Armored,Medium,47.5,2.0,6.5,0,175,41.7,3.3,5.7,3.2,67.2,15.7,3.4,2.8,0.207,LOW
PX-14909,Infantry,Extreme,59.8,11.8,8.0,1,245,17.2,0.0,4.4,7.4,82.3,8.4,3.0,4.3,0.656,ELEVATED
PX-12796,Combat Engineers,Medium,47.9,0.5,7.1,1,191,33.2,4.7,6.9,3.6,,22.2,3.6,2.8,0.02,LOW
PX-10159,Air Defense,Medium,49.4,2.0,5.3,3,238,38.1,3.2,7.3,4.3,81.9,23.1,4.0,2.1,0.02,LOW
PX-12453,Air Defense,High,57.2,8.5,6.1,1,156,42.2,1.8,4.8,6.2,67.1,13.7,3.4,3.1,0.454,MODERATE
PX-11757,Medical Corps,High,62.9,9.6,9.6,1,239,18.6,1.0,4.7,8.5,,12.6,4.2,3.4,0.545,MODERATE
PX-14286,Logistics & ASC,High,57.1,6.8,8.9,0,209,25.4,3.5,6.6,5.8,77.7,13.1,4.7,4.1,0.232,LOW
PX-10426,Infantry,Extreme,64.6,11.7,8.1,2,242,11.2,0.0,5.8,8.5,80.2,20.3,4.1,4.4,0.409,MODERATE
PX-11599,Artillery,Medium,46.9,0.0,4.3,1,159,45.4,2.4,6.0,3.0,67.5,22.0,4.3,2.0,0.042,LOW
PX-10055,Air Defense,Medium,48.8,0.0,3.6,2,147,38.9,2.9,6.7,3.7,81.4,23.6,3.6,2.0,0.02,LOW
PX-14148,Armored,Medium,57.2,7.3,5.7,3,165,43.1,1.9,5.5,4.9,68.4,14.1,3.1,2.7,0.358,LOW
PX-12607,Infantry,Low,48.7,2.2,5.9,1,170,42.6,2.4,7.5,0.0,94.3,23.5,3.7,1.7,0.02,LOW
PX-13801,Infantry,Medium,50.3,2.4,11.5,3,252,37.4,4.3,6.9,4.2,82.3,16.7,2.9,2.0,0.172,LOW
PX-14626,Logistics & ASC,Low,38.7,0.0,2.2,2,84,46.1,4.2,7.2,0.9,81.8,27.1,3.7,1.0,0.02,LOW
PX-14195,Armored,Low,46.1,0.0,2.1,0,93,49.8,5.6,7.3,0.4,82.5,26.1,4.3,1.7,0.02,LOW
PX-14170,Medical Corps,Low,43.4,0.0,2.6,2,103,57.1,4.2,7.1,1.2,89.2,22.6,3.6,1.3,0.02,LOW
PX-11997,Artillery,Medium,48.7,0.0,5.5,3,171,38.4,4.3,6.0,5.4,71.6,18.7,4.7,2.6,0.08,LOW
PX-12619,Logistics & ASC,High,65.6,10.4,5.7,4,167,28.4,2.3,5.1,7.7,68.3,8.5,2.4,3.0,0.448,MODERATE
PX-14036,Artillery,Extreme,60.6,11.3,15.8,1,343,5.0,1.8,5.4,8.2,80.8,11.1,3.5,4.8,0.642,MODERATE
PX-13771,Medical Corps,Extreme,62.7,10.6,8.8,3,224,12.1,0.8,4.9,9.4,70.7,16.8,3.6,4.2,0.529,MODERATE
PX-12555,Signals,High,59.4,8.1,6.0,2,201,33.8,1.8,5.3,7.2,77.5,16.4,5.0,3.4,0.26,LOW
PX-12305,Artillery,Medium,53.3,1.9,5.6,0,181,43.2,2.5,5.9,4.3,79.9,15.6,3.2,2.7,0.165,LOW
PX-14622,Combat Engineers,Extreme,59.0,5.3,14.2,2,339,13.6,0.1,3.9,7.1,61.8,10.3,3.8,4.0,0.771,ELEVATED
PX-10496,Armored,Extreme,60.7,8.6,18.0,3,365,12.6,2.0,5.1,8.4,81.4,11.3,4.9,4.8,0.619,MODERATE
PX-12057,Armored,Low,50.3,1.4,2.6,1,184,44.3,1.6,7.1,,96.4,26.1,3.8,1.0,0.02,LOW
PX-14032,Signals,Medium,49.4,0.0,7.8,3,298,41.6,1.7,5.5,2.3,86.0,18.9,4.3,2.7,0.186,LOW
PX-11908,Air Defense,Extreme,62.7,10.3,7.3,3,195,35.2,0.0,5.4,8.5,71.8,10.3,3.6,4.1,0.507,MODERATE
PX-14467,Signals,Medium,44.9,0.0,14.0,2,297,25.8,3.5,5.8,4.3,66.2,12.5,3.8,2.9,0.42,MODERATE
PX-11594,Air Defense,Extreme,62.5,9.0,9.1,3,294,16.5,0.0,4.3,10.0,76.7,14.1,4.1,4.0,0.708,ELEVATED
PX-12175,Combat Engineers,Low,44.3,0.0,6.9,1,171,49.6,4.8,6.5,0.0,83.3,20.9,4.0,1.1,0.02,LOW
PX-13350,Infantry,Extreme,55.6,6.4,14.1,3,304,17.9,0.0,5.3,7.1,72.6,10.8,3.5,4.4,0.52,MODERATE
PX-10498,Artillery,Low,46.2,0.0,5.4,0,147,38.2,3.5,6.7,2.2,,22.4,3.8,1.3,0.02,LOW
PX-10501,Logistics & ASC,Medium,46.9,0.0,5.9,2,180,44.2,2.9,5.9,3.6,85.8,17.0,3.9,1.9,0.173,LOW
PX-13296,Signals,Medium,48.2,1.1,4.1,3,188,49.4,1.2,7.1,2.6,82.1,19.2,3.5,2.4,0.02,LOW
PX-12322,Armored,Medium,49.8,0.0,5.8,3,222,50.1,2.3,6.0,3.5,83.4,23.8,4.3,2.8,0.133,LOW
PX-11855,Medical Corps,Low,49.3,0.0,2.1,2,92,46.3,4.4,7.1,2.2,85.4,17.1,3.3,1.9,0.02,LOW
PX-13630,Infantry,High,51.6,0.6,5.8,3,168,25.4,0.6,4.0,8.1,70.9,13.6,3.3,3.4,0.467,MODERATE
PX-14131,Combat Engineers,High,63.2,16.5,9.2,0,267,16.9,1.3,5.5,8.6,80.8,13.9,4.2,3.8,0.492,MODERATE
PX-10199,Artillery,High,54.9,3.9,9.3,2,214,22.2,0.5,5.0,5.5,72.7,12.2,3.6,3.1,0.44,MODERATE
PX-12064,Armored,Medium,48.9,1.8,4.5,2,151,43.0,4.6,6.9,2.1,86.8,22.2,4.7,1.8,0.02,LOW
PX-11777,Armored,High,59.3,11.7,7.6,1,196,24.2,2.3,4.8,6.3,81.8,16.0,3.3,3.6,0.448,MODERATE
PX-10601,Air Defense,Low,46.0,0.2,3.3,2,109,47.4,4.4,7.2,0.5,90.0,19.0,3.6,2.1,0.02,LOW
PX-11600,Logistics & ASC,Low,38.0,0.0,4.3,2,131,41.0,2.7,7.8,0.8,94.5,27.8,3.3,1.8,0.02,LOW
PX-11859,Artillery,Low,38.2,0.0,2.2,4,102,53.2,4.3,7.2,0.9,88.9,23.4,3.6,1.4,0.02,LOW
PX-13595,Medical Corps,Medium,44.2,0.0,15.3,1,350,18.0,4.9,6.7,2.7,79.2,19.9,4.7,2.8,0.079,LOW
PX-11178,Infantry,High,56.3,5.4,5.6,0,145,27.0,1.5,5.3,5.3,74.7,19.3,5.0,3.7,0.226,LOW
PX-10768,Infantry,High,55.8,3.6,6.4,0,203,18.4,2.8,6.0,4.9,64.6,13.2,2.6,3.6,0.385,MODERATE
PX-10521,Artillery,Medium,52.2,2.6,6.9,3,185,43.7,2.9,6.1,3.1,74.9,19.7,3.5,3.0,0.207,LOW
PX-10550,Armored,Medium,51.4,0.0,4.9,2,189,40.8,2.8,7.8,2.0,82.1,22.1,3.5,2.7,0.02,LOW
PX-13544,Artillery,Medium,49.0,0.0,11.0,3,254,33.9,3.7,6.5,2.2,82.1,21.4,4.6,2.4,0.076,LOW
PX-14587,Logistics & ASC,Medium,51.4,2.5,6.6,1,176,30.7,3.2,6.1,3.3,75.8,19.5,3.9,2.4,0.072,LOW
PX-10831,Combat Engineers,Medium,54.9,6.4,11.6,2,292,25.9,1.2,6.3,2.6,81.1,17.6,3.6,2.4,0.262,LOW
PX-11588,Artillery,Extreme,59.4,8.7,8.1,6,234,20.2,0.3,5.5,6.7,65.7,16.8,3.7,4.2,0.555,MODERATE
PX-11576,Air Defense,Medium,51.0,0.0,8.3,1,237,38.1,3.8,6.4,3.5,76.4,15.4,3.6,2.5,0.112,LOW
PX-12315,Artillery,Medium,47.1,0.0,7.8,2,192,41.4,1.9,6.8,1.7,90.7,22.9,4.0,2.1,0.031,LOW
PX-14253,Combat Engineers,Extreme,63.5,10.3,11.0,1,323,8.0,1.7,4.3,9.9,66.2,13.1,4.0,4.2,0.679,ELEVATED
PX-10717,Infantry,Extreme,62.6,12.9,7.9,1,244,17.9,0.0,5.1,9.1,67.9,13.7,3.6,5.0,0.577,MODERATE
PX-10943,Armored,High,61.7,13.3,5.5,2,165,26.3,1.9,5.6,8.8,89.8,12.4,4.0,3.1,0.39,MODERATE
PX-14325,Combat Engineers,High,58.9,6.5,8.3,0,194,22.7,0.2,4.4,7.6,75.3,8.5,3.4,3.0,0.473,MODERATE
PX-13062,Infantry,High,59.9,5.2,9.3,3,219,23.7,0.5,5.7,6.9,78.5,13.6,3.4,3.5,0.409,MODERATE
PX-12433,Artillery,Low,53.0,2.3,2.5,1,108,53.9,2.8,8.0,0.6,100.0,25.8,3.5,1.7,0.02,LOW
PX-11843,Medical Corps,Low,53.3,4.4,2.1,0,142,55.7,3.2,7.1,0.8,88.0,18.3,3.5,2.0,0.02,LOW
PX-14719,Infantry,Low,41.3,0.0,4.5,3,136,44.0,4.1,7.3,1.4,81.2,26.9,4.2,1.4,0.02,LOW
PX-13604,Logistics & ASC,Medium,52.1,2.8,3.9,0,122,39.1,4.6,6.2,3.6,70.6,17.3,4.6,2.8,0.02,LOW
PX-10435,Infantry,Low,52.8,0.0,13.9,2,297,36.1,2.5,6.1,2.4,76.5,16.7,4.4,1.3,0.258,LOW
PX-14084,Combat Engineers,Low,42.6,0.0,3.3,3,105,57.5,4.7,7.2,0.9,90.0,25.9,4.4,1.5,0.02,LOW
PX-11611,Air Defense,Medium,45.1,0.0,6.1,0,156,32.0,2.7,6.0,3.0,79.7,21.2,5.0,1.9,0.021,LOW
PX-14900,Armored,Medium,50.2,0.0,5.7,1,160,35.2,2.0,7.1,2.7,86.5,23.8,3.7,2.1,0.02,LOW
PX-13937,Signals,Low,40.3,0.0,6.7,2,191,40.1,3.3,6.4,2.1,81.0,24.0,4.3,1.1,0.02,LOW
PX-10824,Air Defense,Medium,52.3,0.6,4.0,1,130,47.6,1.5,7.3,1.8,93.5,21.2,3.4,2.1,0.02,LOW
PX-12794,Logistics & ASC,Medium,49.7,4.2,3.7,2,117,45.9,3.4,7.2,4.0,90.8,22.0,4.7,3.0,0.02,LOW
PX-14335,Infantry,Extreme,57.1,8.2,7.0,3,247,26.1,1.0,5.3,6.4,82.0,13.0,2.9,3.9,0.383,MODERATE
PX-13800,Infantry,Medium,58.6,9.8,8.1,1,201,41.5,2.3,6.5,4.0,77.8,18.0,4.1,2.3,0.176,LOW
PX-14352,Signals,Low,46.9,0.0,2.8,1,98,48.9,4.9,7.1,1.6,86.5,23.9,3.5,1.4,0.02,LOW
PX-13456,Logistics & ASC,Extreme,58.8,9.2,17.9,1,365,8.6,0.5,6.4,5.9,75.4,18.4,4.4,4.3,0.45,MODERATE
PX-14653,Infantry,High,57.5,7.9,17.1,3,365,8.7,0.0,5.7,6.3,88.6,16.8,4.5,4.0,0.447,MODERATE
PX-13134,Signals,Low,36.0,0.0,5.2,0,151,51.0,3.5,7.4,0.4,96.5,29.6,4.7,1.5,0.02,LOW
PX-12545,Artillery,Medium,45.3,0.0,3.7,0,144,39.8,6.2,6.1,1.7,79.2,17.5,3.6,3.0,0.02,LOW
PX-13303,Medical Corps,Medium,46.4,0.5,7.9,1,311,27.5,4.2,6.0,4.1,75.5,17.6,3.9,2.4,0.106,LOW
PX-12723,Armored,Medium,51.9,0.5,4.8,0,135,33.1,1.2,7.1,4.0,90.4,18.1,3.3,3.0,0.052,LOW
PX-14599,Artillery,High,56.3,3.3,11.2,1,280,28.8,3.6,5.6,5.0,64.7,15.9,3.8,4.0,0.439,MODERATE
PX-12195,Air Defense,Extreme,58.0,5.5,7.2,2,183,21.8,0.4,4.4,9.3,72.8,16.0,3.4,4.3,0.561,MODERATE
PX-14686,Artillery,Extreme,71.1,15.6,16.0,6,365,10.7,0.0,4.6,9.2,48.7,4.0,3.2,4.6,0.853,ELEVATED
PX-11329,Infantry,Medium,58.6,6.6,3.9,0,115,35.5,2.9,5.9,5.5,84.2,20.1,4.3,2.5,0.117,LOW
PX-13007,Infantry,Extreme,59.0,8.9,10.0,2,348,18.0,0.8,4.9,7.5,62.3,12.0,3.3,4.5,0.598,MODERATE
PX-13588,Air Defense,Medium,43.4,0.0,8.5,3,200,26.4,3.7,7.0,3.5,77.9,23.5,4.0,2.6,0.02,LOW
PX-13347,Combat Engineers,Medium,54.5,8.8,7.1,1,227,36.5,1.5,5.4,4.0,77.6,16.1,3.4,2.0,0.284,LOW
PX-11264,Combat Engineers,High,69.7,19.2,10.4,3,246,24.9,1.8,5.5,7.0,77.8,8.6,4.2,3.1,0.512,MODERATE
PX-13740,Infantry,Low,47.6,0.0,2.1,1,87,53.8,3.1,5.9,1.9,100.0,24.0,4.5,2.2,0.02,LOW
PX-11695,Combat Engineers,Medium,40.5,0.0,6.8,0,265,44.6,2.9,7.1,2.0,83.5,24.1,3.4,2.6,0.02,LOW
PX-12489,Combat Engineers,Low,53.4,6.1,2.2,0,92,48.6,2.8,7.4,1.2,100.0,20.0,3.1,2.2,0.02,LOW
PX-10760,Signals,Low,39.0,0.0,4.5,3,149,45.1,5.7,7.8,0.0,92.4,26.7,4.0,2.0,0.02,LOW
PX-13974,Infantry,Medium,48.8,1.7,3.6,5,143,42.3,3.9,6.6,4.1,74.9,21.8,2.5,2.5,0.02,LOW
PX-13241,Combat Engineers,Extreme,63.0,9.0,18.0,1,365,10.2,1.1,4.3,10.0,75.8,12.8,4.9,4.5,0.761,ELEVATED
PX-14815,Infantry,Medium,51.3,4.0,6.7,0,172,46.9,1.4,5.8,3.2,77.8,20.6,4.5,2.1,0.073,LOW
PX-10900,Armored,High,62.1,11.3,18.0,1,365,20.5,1.2,5.5,8.1,72.7,9.7,3.5,3.6,0.608,MODERATE
PX-10604,Medical Corps,Medium,46.3,0.0,4.3,0,147,38.6,4.2,6.4,4.4,84.2,17.4,3.1,2.8,0.04,LOW
PX-11415,Air Defense,Medium,48.0,0.0,4.1,0,149,25.8,4.5,6.3,1.9,86.5,20.2,3.3,2.5,0.02,LOW
PX-11541,Infantry,Medium,51.7,1.7,12.2,4,277,25.9,2.3,6.1,2.8,82.9,15.9,3.5,3.0,0.26,LOW
PX-12633,Combat Engineers,High,48.5,0.0,8.6,1,232,35.8,2.3,4.4,6.3,71.6,16.1,3.4,3.4,0.421,MODERATE
PX-10482,Combat Engineers,High,54.8,5.3,5.5,0,163,38.2,0.4,5.2,4.7,76.5,18.1,4.6,3.0,0.27,LOW
PX-12212,Logistics & ASC,Medium,57.0,8.8,5.9,4,176,30.2,3.6,5.1,4.1,80.7,15.1,3.9,1.9,0.179,LOW
PX-11906,Armored,High,56.4,4.1,6.1,1,169,30.0,0.9,6.6,3.9,77.6,19.2,3.2,3.3,0.12,LOW
PX-10421,Infantry,High,54.7,2.1,6.2,3,161,28.5,0.7,6.1,4.6,73.8,12.6,3.9,3.8,0.2,LOW
PX-11094,Combat Engineers,Extreme,67.9,14.9,8.7,2,247,25.4,1.3,4.8,7.8,79.3,10.9,3.8,4.6,0.671,ELEVATED
PX-10293,Infantry,High,45.5,0.0,10.0,1,295,21.8,0.7,6.2,5.7,84.7,22.6,4.4,3.8,0.167,LOW
PX-11469,Infantry,Extreme,52.9,5.6,7.2,1,187,8.9,1.3,5.6,6.3,,13.3,3.0,4.8,0.331,LOW
PX-10450,Infantry,Low,44.8,1.3,5.6,2,152,43.9,4.7,7.4,1.7,90.9,23.5,3.8,1.6,0.02,LOW
PX-10480,Armored,Low,47.4,0.0,8.3,1,229,57.3,4.1,6.7,0.9,,20.6,3.3,1.5,0.031,LOW
PX-11081,Logistics & ASC,Low,49.2,1.0,4.3,1,131,51.4,4.0,7.6,0.7,81.1,21.4,4.0,2.1,0.02,LOW
PX-14532,Signals,Extreme,71.7,17.5,8.1,0,215,27.7,1.4,3.5,10.0,72.2,5.3,4.0,3.9,0.706,ELEVATED
PX-12757,Signals,Low,42.8,0.0,3.2,3,105,60.0,4.4,7.5,0.0,92.0,22.6,4.4,2.1,0.02,LOW
PX-12308,Combat Engineers,Medium,50.3,3.8,6.5,2,233,41.2,2.7,6.4,2.7,74.8,17.5,3.9,2.7,0.112,LOW
PX-12634,Combat Engineers,Medium,52.4,2.5,3.9,1,227,45.8,2.2,6.5,2.9,66.9,17.2,3.5,3.0,0.181,LOW
PX-11342,Armored,Extreme,61.8,10.3,17.0,1,365,15.1,0.4,5.4,8.2,60.7,11.7,2.7,3.8,0.709,ELEVATED
PX-13653,Infantry,Medium,55.6,9.6,8.5,2,203,44.7,3.2,6.9,2.4,72.2,19.0,4.3,2.9,0.054,LOW
PX-12996,Signals,Low,45.7,0.0,7.2,1,184,52.1,5.5,7.0,2.3,85.7,24.1,4.8,1.3,0.02,LOW
PX-12229,Signals,Extreme,57.3,6.0,7.3,1,184,13.4,0.8,4.0,8.2,65.0,9.1,2.8,4.4,0.638,MODERATE
PX-13119,Artillery,High,63.7,12.3,8.9,4,209,28.8,0.7,4.8,8.2,76.1,13.6,4.3,3.5,0.522,MODERATE
PX-12948,Medical Corps,Low,49.7,0.0,2.3,0,87,44.3,5.4,6.2,1.8,86.9,17.0,3.2,1.1,0.02,LOW
PX-14878,Artillery,Medium,47.2,0.1,4.0,0,130,43.2,1.8,7.6,1.6,76.8,20.7,3.8,2.3,0.02,LOW
PX-11583,Artillery,Medium,44.6,0.0,16.3,2,354,20.8,4.3,6.8,0.9,80.6,14.2,3.3,2.5,0.132,LOW
PX-13491,Infantry,Extreme,56.3,6.2,8.1,1,231,11.5,0.1,5.1,8.1,67.2,18.6,4.4,4.6,0.5,MODERATE
PX-10879,Combat Engineers,Medium,49.7,0.7,4.1,1,229,44.3,3.7,5.9,2.8,65.3,18.1,3.7,2.8,0.121,LOW
PX-12306,Combat Engineers,Low,55.4,4.3,4.0,1,133,47.2,2.7,5.7,2.8,74.1,14.6,3.3,1.5,0.12,LOW
PX-13831,Combat Engineers,High,52.8,6.1,6.9,3,178,25.5,2.0,5.4,5.6,68.0,11.0,3.1,3.9,0.367,LOW
PX-12931,Infantry,High,61.7,7.6,10.1,1,305,21.3,0.0,5.4,8.2,76.6,15.1,4.2,3.3,0.562,MODERATE
PX-14194,Artillery,Medium,52.8,7.5,7.6,2,184,32.7,2.2,6.0,2.9,83.0,14.7,4.3,2.4,0.138,LOW
PX-13080,Infantry,Medium,55.2,6.3,5.4,3,190,36.3,4.2,6.9,1.6,80.9,19.6,3.7,2.9,0.02,LOW
PX-12701,Combat Engineers,High,54.3,1.0,9.5,1,263,22.6,0.0,5.7,6.0,74.2,19.4,4.0,4.1,0.353,LOW
PX-14095,Artillery,High,56.9,10.7,11.5,3,293,12.7,0.7,5.2,5.5,84.6,15.5,5.0,3.6,0.435,MODERATE
PX-11506,Signals,High,63.8,6.0,8.3,3,199,30.0,0.6,4.8,9.2,80.7,13.4,4.5,3.5,0.512,MODERATE
PX-10268,Infantry,Extreme,58.5,13.0,7.6,6,200,25.4,2.6,4.6,8.0,79.3,11.9,3.6,4.9,0.49,MODERATE
PX-13030,Air Defense,High,71.7,17.7,8.1,1,192,24.9,1.5,5.4,6.7,69.3,13.1,4.0,3.3,0.502,MODERATE
PX-11555,Air Defense,Medium,50.4,2.7,10.3,2,255,31.9,3.3,6.5,2.8,83.9,20.5,4.3,2.8,0.124,LOW
PX-10956,Air Defense,High,54.4,2.1,7.6,5,192,24.4,3.5,5.7,7.1,77.4,12.4,3.5,3.3,0.312,LOW
PX-10380,Combat Engineers,Medium,51.7,3.3,5.3,1,175,32.4,3.6,6.3,2.9,85.4,22.9,4.1,2.5,0.041,LOW
PX-12824,Medical Corps,Extreme,56.6,1.7,14.2,2,341,11.3,0.7,4.6,9.0,78.6,10.1,2.7,4.5,0.715,ELEVATED
PX-12744,Artillery,High,49.4,0.0,7.2,1,215,34.3,1.8,5.9,5.2,69.1,18.9,3.6,3.2,0.238,LOW
PX-10170,Artillery,High,49.3,0.0,5.7,1,235,27.8,2.3,5.9,6.0,75.4,18.9,4.1,4.1,0.205,LOW
PX-13351,Infantry,Extreme,64.6,11.3,15.7,2,365,5.7,1.4,4.6,10.0,77.9,10.3,4.1,4.4,0.668,ELEVATED
PX-14027,Signals,High,61.6,7.7,11.9,3,277,20.9,1.4,5.2,7.1,77.7,10.1,2.7,3.2,0.603,MODERATE
PX-14562,Artillery,Low,47.5,1.9,3.3,4,161,56.2,4.1,6.4,1.4,78.8,18.9,2.9,1.7,0.02,LOW
PX-10725,Infantry,Extreme,64.9,11.3,14.8,3,351,5.0,0.0,5.7,8.8,77.8,13.3,4.3,4.5,0.603,MODERATE
PX-13022,Armored,Extreme,58.1,8.8,7.4,4,183,23.6,0.6,5.0,7.4,77.1,10.6,2.3,4.7,0.442,MODERATE
PX-11545,Artillery,High,49.9,5.0,6.5,2,197,29.6,2.4,6.8,3.9,65.8,19.4,3.5,3.3,0.116,LOW
PX-11256,Signals,Medium,47.1,0.0,3.9,1,123,49.9,4.1,5.8,3.8,73.8,21.7,3.8,2.7,0.02,LOW
PX-14053,Armored,High,53.5,8.0,10.5,1,234,26.5,2.3,5.1,5.9,75.7,9.5,3.6,3.9,0.381,MODERATE
PX-12417,Combat Engineers,Extreme,63.5,9.7,9.3,3,249,21.3,0.5,4.2,10.0,68.6,14.2,4.0,5.0,0.761,ELEVATED
PX-11658,Artillery,High,60.1,7.5,10.8,0,266,20.1,1.5,5.3,8.4,79.6,14.9,3.8,4.1,0.433,MODERATE
PX-11964,Signals,Low,43.6,0.0,3.1,1,104,45.5,3.3,6.9,1.2,77.0,18.8,3.2,1.8,0.02,LOW
PX-12644,Artillery,High,56.3,2.6,5.7,1,186,22.8,2.5,5.9,5.4,79.1,17.1,3.1,3.0,0.28,LOW
PX-12783,Artillery,Medium,52.0,5.9,7.2,1,176,41.9,2.4,6.3,4.5,87.1,17.5,4.0,2.5,0.135,LOW
PX-13061,Armored,Medium,40.0,0.0,4.5,2,158,36.3,2.8,7.1,2.3,86.7,24.0,3.7,2.6,0.02,LOW
PX-10655,Artillery,Medium,43.8,0.0,4.2,5,146,40.4,5.6,7.5,1.7,96.0,22.1,3.2,2.0,0.02,LOW
PX-14056,Artillery,High,62.0,10.1,12.1,3,267,22.9,3.1,6.1,6.7,88.4,15.7,3.7,3.2,0.429,MODERATE
PX-13299,Infantry,Medium,43.7,0.0,5.5,2,207,41.5,3.5,7.1,2.1,83.6,25.6,4.9,2.4,0.02,LOW
PX-14657,Infantry,Low,36.9,0.0,2.7,3,111,52.0,5.1,7.0,1.5,95.5,28.9,4.5,2.0,0.02,LOW
PX-11034,Armored,Extreme,59.2,10.9,9.9,3,235,17.6,1.5,4.5,8.1,74.2,10.8,3.5,4.3,0.634,MODERATE
PX-11961,Armored,Medium,46.4,0.9,7.3,2,197,38.4,3.5,6.0,3.0,59.9,19.7,4.7,2.0,0.074,LOW
PX-13025,Infantry,High,58.8,3.5,6.6,1,180,42.0,0.2,4.8,7.5,67.8,12.0,3.4,3.2,0.546,MODERATE
PX-10614,Artillery,High,66.1,12.6,8.2,3,221,32.4,2.1,4.5,7.0,71.7,12.0,5.0,3.0,0.513,MODERATE
PX-12552,Signals,Low,51.1,0.0,3.6,3,176,48.9,1.7,7.8,0.0,78.1,24.5,4.1,2.2,0.02,LOW
PX-11535,Armored,Medium,43.2,0.0,4.7,1,142,40.9,5.0,7.6,1.8,75.6,27.1,3.7,2.9,0.02,LOW
PX-13642,Air Defense,Low,42.7,0.0,4.4,0,130,50.9,4.6,6.6,1.1,94.8,23.2,3.0,1.6,0.02,LOW
PX-10471,Armored,Low,41.7,0.0,4.5,2,182,52.3,5.3,6.8,2.4,94.7,21.5,3.1,1.3,0.02,LOW
PX-14505,Artillery,High,70.9,17.3,6.4,1,239,28.1,0.0,4.1,10.0,83.7,,4.2,3.2,0.634,MODERATE
PX-13008,Infantry,Extreme,62.0,10.3,7.3,3,178,23.4,0.8,4.0,10.0,79.3,14.6,4.2,3.8,0.593,MODERATE
PX-14746,Armored,High,61.8,11.0,5.7,3,184,24.5,0.4,5.2,8.8,70.5,13.5,3.4,3.1,0.478,MODERATE
PX-13250,Medical Corps,Medium,49.7,1.0,4.9,0,164,39.2,2.7,6.3,2.5,81.8,20.1,3.5,2.4,0.083,LOW
PX-10937,Infantry,High,45.9,0.0,6.8,0,214,29.0,3.9,6.3,5.9,68.4,22.2,3.8,3.6,0.174,LOW
PX-12405,Infantry,Low,38.7,0.0,2.9,0,123,53.6,4.7,6.8,0.6,79.4,25.1,4.2,1.0,0.02,LOW
PX-13864,Medical Corps,Low,39.4,0.0,7.2,0,186,46.5,4.6,7.6,0.0,91.5,21.1,3.5,1.2,0.02,LOW
PX-13338,Artillery,Medium,44.9,1.1,4.4,0,142,36.0,1.2,5.8,4.6,76.4,14.6,2.7,2.3,0.162,LOW
PX-13183,Infantry,Low,40.2,0.0,7.9,2,273,37.1,3.9,7.5,0.3,81.3,21.5,3.4,2.1,0.02,LOW
PX-14934,Combat Engineers,Extreme,61.9,7.2,8.6,3,223,18.5,0.0,4.9,10.0,76.4,14.1,4.4,3.8,0.464,MODERATE
PX-13582,Armored,High,52.9,1.9,9.6,2,260,21.0,2.8,5.3,6.0,58.8,15.2,3.4,3.3,0.393,MODERATE
PX-13342,Infantry,High,60.9,9.0,6.2,3,168,27.8,1.3,5.9,6.9,81.5,15.3,3.9,3.3,0.342,LOW
PX-12146,Infantry,Medium,49.9,4.2,4.1,2,120,38.2,4.5,7.2,0.9,93.2,22.8,4.0,2.5,0.02,LOW
PX-14643,Infantry,Medium,53.6,2.7,11.0,3,256,22.4,2.7,6.3,4.4,86.9,15.1,3.2,2.1,0.27,LOW
PX-14504,Infantry,High,44.8,0.0,5.9,1,151,36.7,2.0,5.9,5.3,74.1,20.1,4.4,3.4,0.2,LOW
PX-13854,Combat Engineers,High,61.1,10.1,7.9,3,282,31.7,2.2,5.2,8.9,69.2,20.1,4.7,3.6,0.409,MODERATE
PX-14841,Armored,Medium,48.0,0.2,3.7,1,118,44.6,4.8,6.2,4.4,69.8,25.0,3.9,2.4,0.02,LOW
PX-10292,Logistics & ASC,High,52.6,3.4,5.8,1,154,28.3,2.2,5.6,4.4,79.7,23.6,3.7,3.5,0.141,LOW
PX-11607,Artillery,Medium,46.3,0.3,18.0,1,365,10.2,2.3,7.0,2.4,94.2,16.8,3.4,2.2,0.156,LOW
PX-10957,Armored,Low,44.9,0.0,3.1,1,102,57.0,4.9,7.9,0.0,94.4,24.0,3.1,1.9,0.02,LOW
PX-13464,Signals,Medium,52.3,3.1,10.3,2,231,22.7,2.3,6.7,2.4,87.1,18.8,4.5,2.2,0.083,LOW
PX-13419,Logistics & ASC,Low,42.3,0.0,3.0,1,182,60.0,3.9,7.2,0.7,75.8,24.7,3.4,1.7,0.02,LOW
PX-13263,Armored,Extreme,65.3,9.9,9.7,4,237,23.4,0.0,4.5,9.9,62.0,10.6,3.9,3.9,0.696,ELEVATED
PX-10070,Infantry,Medium,52.2,1.1,5.0,3,147,40.6,2.5,7.6,0.3,79.2,18.4,3.3,3.0,0.02,LOW
PX-12493,Logistics & ASC,Low,44.1,0.0,5.3,2,146,58.4,3.0,7.7,1.1,83.4,21.2,3.3,1.0,0.02,LOW
PX-10792,Artillery,Low,49.0,0.0,8.3,1,257,37.2,4.3,7.6,0.0,91.9,,3.0,1.4,0.02,LOW
PX-10254,Infantry,Extreme,59.3,7.5,9.5,4,221,18.7,1.2,4.4,8.5,63.5,10.5,3.3,4.8,0.709,ELEVATED
PX-14606,Logistics & ASC,Medium,60.3,12.6,3.8,2,186,42.6,4.1,5.4,5.4,91.8,17.1,3.6,2.7,0.148,LOW
PX-10039,Signals,Medium,50.5,2.1,5.0,0,144,41.9,2.6,5.3,2.4,94.5,15.5,3.7,2.4,0.119,LOW
PX-11747,Combat Engineers,High,52.2,3.5,6.2,3,167,21.4,2.0,5.8,5.5,83.9,13.3,3.5,3.1,0.203,LOW
PX-13478,Logistics & ASC,Low,41.7,0.0,6.1,1,167,32.5,4.0,7.4,1.2,90.6,24.6,3.9,1.4,0.02,LOW
PX-14769,Signals,Low,53.6,0.0,2.2,3,92,44.9,4.7,7.0,0.7,91.0,21.5,4.5,1.7,0.02,LOW
PX-10935,Infantry,High,62.2,8.6,10.5,2,259,20.8,0.0,5.6,6.6,76.6,13.3,3.7,3.5,0.511,MODERATE
PX-10799,Signals,Medium,43.6,0.0,6.1,1,158,34.4,3.4,6.4,2.0,82.5,22.7,4.2,2.4,0.02,LOW
PX-13285,Combat Engineers,Medium,46.5,1.7,3.6,1,115,41.3,3.1,7.7,1.9,70.2,29.1,4.5,2.3,0.02,LOW
PX-10282,Infantry,Extreme,61.0,7.4,11.6,5,255,20.9,0.1,3.6,10.0,79.5,5.8,3.5,4.8,0.778,ELEVATED
PX-13886,Medical Corps,Low,43.9,0.0,2.3,1,147,54.5,5.3,7.2,0.6,80.2,22.5,2.8,1.7,0.02,LOW
PX-11425,Artillery,Low,41.8,0.0,2.2,5,162,60.0,4.1,7.5,1.7,79.3,29.3,5.0,1.9,0.02,LOW
PX-13632,Combat Engineers,Low,36.0,0.0,2.6,2,123,49.2,3.3,8.4,,93.1,24.7,3.7,1.3,0.02,LOW
PX-13536,Infantry,Medium,50.6,0.0,7.5,0,221,34.9,3.3,6.7,2.3,85.6,20.1,3.7,2.2,0.091,LOW
PX-13756,Artillery,Medium,37.6,0.0,5.4,2,215,39.0,2.7,7.1,2.9,82.6,26.7,4.2,2.9,0.02,LOW
PX-10912,Logistics & ASC,Medium,59.3,7.3,3.6,1,132,53.9,2.6,6.0,3.8,77.2,22.3,4.1,1.9,0.1,LOW
PX-11118,Artillery,Extreme,53.4,2.2,11.8,3,353,12.1,2.6,6.2,6.2,72.2,14.1,4.2,4.8,0.439,MODERATE
PX-12236,Infantry,High,52.8,3.6,10.0,4,348,30.8,2.2,5.9,5.6,79.1,18.6,3.6,3.4,0.35,LOW
PX-10866,Logistics & ASC,High,52.9,0.1,6.9,0,208,26.1,0.8,4.6,6.7,88.5,18.0,4.6,3.7,0.394,MODERATE
PX-12780,Infantry,Extreme,59.2,8.0,8.8,3,214,27.1,0.7,4.2,9.2,71.9,10.5,3.3,3.9,0.612,MODERATE
PX-10310,Armored,Medium,50.1,0.3,6.4,2,163,49.9,3.1,5.3,5.4,71.7,13.8,3.7,2.0,0.26,LOW
PX-10578,Logistics & ASC,High,54.2,4.9,7.4,2,250,34.7,1.7,4.8,6.3,81.4,12.7,4.3,4.0,0.426,MODERATE
PX-12737,Combat Engineers,High,54.2,3.3,7.5,1,184,27.0,0.6,6.5,4.3,59.8,19.5,4.1,4.0,0.176,LOW
PX-11205,Infantry,High,64.9,11.8,9.2,0,241,22.1,0.4,4.2,10.0,69.1,9.3,4.0,3.3,0.733,ELEVATED
PX-12528,Air Defense,Medium,53.9,5.0,4.7,5,175,35.9,2.8,5.6,3.6,,14.6,3.5,3.0,0.187,LOW
PX-13120,Infantry,High,66.2,14.1,8.0,6,217,27.2,0.8,5.0,7.6,69.1,15.2,3.4,3.2,0.52,MODERATE
PX-10846,Artillery,Extreme,65.4,11.9,7.6,1,227,14.5,0.4,4.5,9.8,61.5,8.1,1.9,4.6,0.759,ELEVATED
PX-11485,Infantry,Extreme,63.7,13.0,11.8,3,365,8.8,0.8,4.7,,53.9,11.5,3.0,4.0,0.755,ELEVATED
PX-14079,Armored,Medium,46.7,0.0,4.8,2,152,37.1,3.1,6.6,0.9,78.7,20.3,3.7,2.1,0.02,LOW
PX-12598,Medical Corps,Medium,47.8,0.0,3.5,0,123,41.1,2.6,5.4,4.8,,21.4,3.7,2.5,0.124,LOW
PX-14553,Signals,Low,48.3,3.0,3.3,1,127,47.9,3.9,6.2,3.0,86.1,23.1,3.6,1.7,0.02,LOW
PX-12234,Signals,Medium,42.5,0.0,5.6,0,155,48.2,3.4,6.4,3.3,76.0,20.5,3.4,2.6,0.02,LOW
PX-11388,Logistics & ASC,Extreme,59.9,5.5,7.7,3,187,16.8,0.4,4.8,6.9,66.0,14.2,4.0,4.2,0.54,MODERATE
PX-10509,Infantry,High,42.0,0.0,8.2,2,210,28.8,1.3,5.5,,71.6,,4.1,3.7,0.211,LOW
PX-14254,Logistics & ASC,High,56.1,7.3,5.7,0,175,41.7,0.6,6.4,5.0,75.5,20.6,3.7,3.0,0.19,LOW
PX-13857,Armored,Extreme,53.5,5.0,7.1,4,183,29.5,1.2,3.8,7.3,62.4,18.9,4.2,3.8,0.482,MODERATE
PX-14662,Armored,Medium,48.8,2.7,5.3,3,153,41.0,2.5,7.4,2.2,79.2,17.8,3.6,2.9,0.02,LOW
PX-11134,Medical Corps,Low,44.0,0.0,2.5,0,100,49.0,4.1,7.4,1.2,83.0,24.0,4.2,1.6,0.02,LOW
PX-13482,Air Defense,High,50.9,0.8,5.8,2,167,39.3,3.1,5.7,5.2,70.3,20.6,4.2,4.0,0.194,LOW
PX-11306,Combat Engineers,High,41.2,0.0,6.9,5,225,36.1,2.4,6.2,4.1,70.1,19.9,3.9,3.2,0.133,LOW
PX-14913,Medical Corps,Low,45.2,0.0,9.7,1,259,39.7,3.6,6.4,2.4,80.8,19.8,3.7,1.1,0.065,LOW
PX-14420,Artillery,Low,42.9,0.0,3.7,4,125,43.4,4.0,6.9,2.5,63.1,23.1,3.8,1.4,0.02,LOW
PX-14326,Infantry,High,48.0,0.0,9.5,2,266,35.4,2.9,6.1,5.8,69.3,21.0,3.9,4.1,0.225,LOW
PX-14353,Infantry,High,58.2,11.5,6.3,0,199,30.1,0.0,5.4,7.1,84.3,16.4,5.0,3.3,0.305,LOW
PX-10216,Infantry,High,61.2,8.0,7.0,2,206,25.5,0.9,5.1,7.6,63.2,13.6,3.9,3.4,0.44,MODERATE
PX-14034,Infantry,High,56.2,4.9,9.8,1,266,17.5,0.9,5.3,6.0,82.5,14.6,3.3,3.0,0.438,MODERATE
PX-12574,Combat Engineers,Low,36.9,0.0,3.2,2,148,51.1,6.4,7.4,0.5,82.0,25.8,3.5,2.0,0.02,LOW
PX-10212,Infantry,Extreme,68.1,14.8,18.0,1,365,11.0,0.0,5.1,9.1,72.9,13.2,4.4,4.5,0.711,ELEVATED
PX-11373,Air Defense,High,58.7,7.2,6.4,2,192,24.9,2.4,5.6,5.9,87.1,17.6,4.3,3.8,0.273,LOW
PX-14669,Artillery,Extreme,62.7,13.8,11.7,6,274,18.4,0.6,4.2,9.7,77.2,10.9,3.2,4.7,0.837,ELEVATED
PX-11237,Armored,High,54.3,5.2,5.8,0,150,31.2,1.8,5.1,8.1,79.4,19.7,3.8,3.2,0.309,LOW
PX-12123,Infantry,Extreme,67.5,11.6,14.4,2,316,14.0,0.7,4.3,10.0,62.2,5.8,3.0,4.3,0.904,ELEVATED
PX-10262,Artillery,Medium,52.4,1.5,6.3,2,209,47.3,3.5,5.9,3.6,76.2,18.2,3.6,2.4,0.206,LOW
PX-13422,Signals,Medium,55.3,1.6,9.8,4,235,24.6,2.1,6.0,4.0,86.2,16.3,4.0,1.8,0.274,LOW
PX-14475,Signals,Extreme,61.1,12.9,8.5,2,228,17.9,1.1,4.9,10.0,74.8,15.0,3.7,4.6,0.598,MODERATE
PX-13985,Infantry,High,62.6,8.7,6.4,1,209,24.7,1.9,5.2,8.1,94.4,11.9,3.5,3.6,0.441,MODERATE
PX-13847,Signals,Medium,42.8,0.0,6.4,1,183,47.4,3.3,6.9,2.6,76.6,26.6,2.9,2.6,0.02,LOW
PX-14072,Armored,High,57.5,8.3,6.1,1,158,30.6,1.6,5.3,6.6,67.7,16.8,3.6,3.0,0.358,LOW
PX-14567,Infantry,Extreme,63.4,11.3,12.9,0,363,10.9,0.0,5.0,10.0,69.5,9.6,4.4,4.5,0.683,ELEVATED
PX-10782,Armored,Medium,52.1,2.8,4.4,3,178,33.3,2.0,6.7,3.0,83.9,23.0,4.6,2.9,0.02,LOW
PX-10135,Infantry,High,56.1,3.8,12.3,0,312,16.4,0.9,4.5,8.1,68.8,9.7,3.9,3.4,0.664,ELEVATED
PX-10619,Infantry,Low,44.8,0.0,2.1,1,93,49.0,3.4,6.9,1.5,82.6,24.8,3.7,1.9,0.02,LOW
PX-14645,Medical Corps,Medium,44.4,0.0,3.5,1,173,34.9,1.5,6.4,2.3,81.1,23.3,3.5,2.8,0.045,LOW
PX-12259,Armored,Low,37.9,0.0,3.6,3,112,49.4,2.2,6.9,1.0,86.4,23.5,3.4,1.9,0.02,LOW
PX-11801,Combat Engineers,High,56.4,9.9,9.6,2,245,24.4,0.0,5.8,5.4,76.5,12.5,3.3,3.9,0.39,MODERATE
PX-14928,Signals,Medium,49.7,0.0,4.4,2,134,39.2,1.6,6.8,2.1,81.5,23.4,4.9,1.9,0.02,LOW
PX-12014,Armored,Medium,50.5,0.7,8.6,0,205,31.7,2.3,6.5,2.9,80.0,17.7,3.6,3.0,0.073,LOW
PX-11498,Artillery,Medium,41.3,0.0,4.7,2,171,37.9,3.4,6.2,,,19.5,3.6,2.7,0.079,LOW
PX-11295,Artillery,High,52.3,1.6,6.4,1,160,32.1,2.0,6.1,3.9,65.8,20.9,3.1,3.2,0.163,LOW
PX-12362,Armored,Extreme,59.8,8.3,12.9,4,283,15.9,0.7,4.0,9.8,62.8,10.3,4.6,3.8,0.756,ELEVATED
PX-11449,Infantry,Extreme,57.4,6.4,8.5,2,214,24.6,1.7,4.7,8.8,71.3,14.9,3.3,3.9,0.525,MODERATE
PX-11681,Air Defense,Extreme,72.4,17.8,10.0,0,259,15.2,0.9,5.2,9.2,67.7,10.1,4.2,3.9,0.644,MODERATE
PX-12383,Infantry,Low,43.4,0.0,3.7,0,138,54.3,3.5,7.4,0.3,79.9,28.7,3.7,2.0,0.02,LOW
PX-12732,Combat Engineers,Medium,49.7,4.5,7.4,2,190,46.3,3.0,7.2,1.9,85.6,24.0,3.9,2.4,0.02,LOW
PX-11598,Air Defense,Low,43.6,0.0,2.9,3,103,51.7,4.3,8.2,0.0,82.6,25.4,4.2,1.7,0.02,LOW
PX-11269,Armored,Low,43.4,0.0,14.9,2,323,31.7,1.1,7.5,0.0,86.6,20.9,4.2,1.3,0.052,LOW
PX-14956,Logistics & ASC,Medium,47.3,3.1,3.8,3,125,47.7,1.1,6.8,2.1,72.9,23.1,4.4,2.4,0.02,LOW
PX-13143,Infantry,Medium,52.9,2.1,3.7,1,123,48.0,2.7,6.8,1.4,71.0,21.5,3.4,2.0,0.02,LOW
PX-13224,Infantry,Medium,55.1,6.3,5.4,3,163,27.3,4.1,6.7,3.3,82.1,20.5,4.4,2.3,0.02,LOW
PX-10821,Combat Engineers,Extreme,53.2,0.8,8.2,2,235,17.4,0.3,5.6,7.2,67.4,18.2,4.0,4.1,0.415,MODERATE
PX-13721,Armored,Medium,51.2,1.0,9.7,2,236,32.9,2.4,5.9,2.7,85.2,13.5,3.0,1.9,0.265,LOW
PX-12446,Infantry,High,54.2,2.9,6.8,1,205,29.8,2.0,5.6,,80.2,15.1,2.6,3.0,0.307,LOW
PX-14589,Logistics & ASC,Low,47.8,0.0,2.3,1,139,45.8,3.7,7.7,1.1,97.9,28.5,4.6,1.4,0.02,LOW
PX-14831,Artillery,Medium,49.4,4.1,11.3,2,365,30.2,2.4,6.2,2.9,81.0,19.2,4.8,2.6,0.134,LOW
PX-10613,Medical Corps,Medium,59.2,8.5,7.6,1,208,37.6,1.8,6.2,2.4,81.2,14.8,3.8,2.6,0.224,LOW
PX-10412,Infantry,Medium,48.9,3.0,5.4,0,178,41.6,3.2,5.7,3.6,85.6,20.3,4.2,2.4,0.134,LOW
PX-11744,Signals,Low,44.9,0.0,3.8,0,140,56.0,5.1,7.9,0.6,85.1,22.5,3.5,1.5,0.02,LOW
PX-13719,Armored,Low,45.6,0.2,3.3,4,115,49.4,3.6,7.3,0.9,82.7,22.1,3.5,1.0,0.02,LOW
PX-13986,Infantry,Medium,36.0,0.0,4.0,2,126,42.3,1.4,7.4,1.8,91.2,24.0,3.8,2.2,0.02,LOW
PX-14184,Logistics & ASC,Medium,45.9,0.0,9.2,0,249,38.6,3.8,6.9,2.2,86.1,18.7,2.7,1.9,0.086,LOW
PX-11804,Signals,High,69.4,13.6,6.7,3,166,27.8,1.5,4.6,8.5,72.1,16.7,4.4,3.5,0.447,MODERATE
PX-13226,Signals,Medium,54.8,4.6,5.1,0,161,46.7,1.9,5.6,3.7,75.7,18.5,4.2,2.1,0.156,LOW
PX-14379,Infantry,Medium,36.0,0.0,4.0,3,161,29.1,2.9,7.5,0.8,89.2,25.5,3.4,2.6,0.02,LOW
PX-13794,Combat Engineers,High,56.2,5.5,6.7,4,269,28.6,1.5,5.7,6.0,81.7,16.3,3.8,3.1,0.419,MODERATE
PX-11623,Infantry,High,53.6,5.5,12.1,3,269,24.1,3.3,5.8,6.2,80.3,18.3,3.8,3.1,0.276,LOW
PX-11008,Signals,Medium,42.7,0.0,8.0,0,253,37.2,4.7,6.9,1.6,86.2,21.5,3.9,2.0,0.02,LOW
PX-11647,Air Defense,Low,36.0,0.0,2.1,2,104,43.6,3.7,7.2,1.2,82.5,26.8,4.9,1.9,0.02,LOW
PX-14693,Logistics & ASC,Low,36.0,0.0,2.8,1,120,51.5,4.0,8.5,0.0,77.3,28.1,4.0,1.5,0.02,LOW
PX-12858,Signals,High,63.3,6.9,9.5,4,304,16.7,0.9,5.1,7.9,73.8,14.8,4.6,3.4,0.499,MODERATE
PX-13559,Armored,Extreme,60.3,9.7,7.6,1,238,24.2,0.0,5.4,9.1,75.1,18.6,3.7,4.2,0.522,MODERATE
PX-10037,Armored,Medium,47.5,0.0,7.7,2,217,37.9,2.5,5.4,4.5,80.6,16.8,3.6,2.0,0.208,LOW
PX-13400,Infantry,High,64.5,11.1,6.8,1,175,23.1,0.8,4.7,9.2,70.8,9.2,2.8,3.3,0.562,MODERATE
PX-10593,Combat Engineers,Low,39.7,0.0,11.3,1,257,37.5,5.0,7.4,0.4,82.3,20.0,3.3,1.7,0.02,LOW
PX-12199,Signals,Medium,49.5,2.2,6.7,0,201,40.1,2.2,5.8,4.2,79.8,21.2,4.5,2.7,0.201,LOW
PX-11097,Air Defense,High,60.2,5.3,6.6,3,171,28.8,1.6,5.6,7.3,78.9,15.2,3.7,3.9,0.305,LOW
PX-10385,Medical Corps,Medium,50.5,0.1,5.4,3,158,37.6,2.9,5.8,4.2,,22.5,4.6,2.6,0.084,LOW
PX-12165,Artillery,Medium,44.5,0.0,12.5,0,272,35.1,4.6,5.9,3.3,78.8,15.6,3.9,2.4,0.221,LOW
PX-11952,Air Defense,Low,42.0,0.0,3.5,1,126,52.6,3.7,6.5,3.1,88.7,19.2,3.3,1.0,0.02,LOW
PX-10167,Air Defense,High,56.4,5.4,7.5,4,305,22.9,2.4,5.2,8.3,66.1,12.8,4.5,4.0,0.403,MODERATE
PX-14025,Medical Corps,Medium,52.2,5.0,9.2,0,232,27.7,1.8,4.8,6.2,85.2,16.0,4.1,2.9,0.315,LOW
PX-12062,Armored,Medium,38.4,0.0,5.9,3,224,38.7,1.8,7.0,3.1,80.6,29.8,5.0,2.5,0.02,LOW
PX-10730,Artillery,Medium,40.2,0.0,10.2,2,268,42.0,3.2,6.1,3.3,80.4,19.5,3.5,2.3,0.148,LOW
PX-11868,Combat Engineers,High,47.4,0.0,6.5,2,245,31.9,1.9,5.0,5.4,72.5,18.4,3.8,3.5,0.339,LOW
PX-10075,Artillery,Medium,45.9,0.0,4.1,5,154,31.4,3.0,5.9,3.6,87.9,23.0,3.5,2.5,0.041,LOW
PX-11056,Logistics & ASC,Low,41.1,0.0,2.1,1,86,43.9,4.8,6.8,1.8,80.3,19.8,3.7,1.9,0.02,LOW
PX-11533,Signals,Low,46.0,0.0,2.5,4,92,47.3,6.1,7.8,0.0,91.6,23.2,3.1,1.8,0.02,LOW
PX-10864,Infantry,High,72.2,20.7,12.9,1,294,25.1,2.7,4.7,8.2,55.6,10.8,5.0,3.3,0.621,MODERATE
PX-14176,Combat Engineers,High,56.1,4.1,5.5,3,203,25.7,2.2,5.3,6.4,76.2,15.1,3.6,3.7,0.297,LOW
PX-13216,Artillery,Extreme,55.1,3.4,16.9,2,355,5.1,0.3,5.7,5.8,74.3,14.1,4.0,4.6,0.516,MODERATE
PX-14117,Logistics & ASC,Medium,51.2,3.0,5.2,3,173,47.1,3.7,6.3,4.2,79.0,19.0,4.4,2.6,0.072,LOW
PX-11625,Signals,High,57.7,4.7,6.0,2,222,24.5,1.7,5.4,4.9,79.7,10.4,2.2,3.3,0.393,MODERATE
PX-12040,Artillery,High,56.6,8.1,10.4,4,254,29.0,2.1,5.1,6.2,79.3,11.3,3.5,3.1,0.396,MODERATE
PX-12206,Signals,Medium,45.3,0.0,6.2,2,191,44.7,2.9,6.6,2.5,80.5,18.6,3.5,2.0,0.02,LOW
PX-14603,Signals,Medium,51.0,5.5,5.1,1,182,48.1,1.6,6.4,3.9,82.2,24.0,4.2,2.0,0.051,LOW
PX-14692,Signals,Medium,50.6,3.5,6.2,4,181,38.6,2.3,5.7,4.4,84.0,17.1,3.4,2.3,0.166,LOW
PX-11246,Combat Engineers,Extreme,61.2,11.0,12.1,4,264,20.3,0.0,5.0,10.0,78.8,12.2,3.9,4.4,0.618,MODERATE
PX-10419,Logistics & ASC,Medium,49.0,3.4,4.5,3,134,45.5,2.0,5.8,4.9,,22.4,3.4,1.9,0.121,LOW
PX-14577,Infantry,High,51.1,3.5,7.7,1,209,29.4,3.0,6.4,5.3,69.8,18.9,4.2,3.7,0.156,LOW
PX-13959,Artillery,High,62.0,10.2,7.5,3,189,29.8,3.0,5.7,9.8,77.3,8.9,4.4,4.2,0.46,MODERATE
PX-10651,Logistics & ASC,Medium,52.4,7.0,4.4,3,168,46.0,5.1,6.7,1.4,86.2,19.1,3.0,1.9,0.02,LOW
PX-11809,Infantry,Extreme,62.0,8.3,7.5,0,207,5.0,0.0,4.3,10.0,63.9,10.7,3.4,4.4,0.705,ELEVATED
PX-12145,Logistics & ASC,Medium,50.6,0.7,4.1,3,124,35.9,2.8,7.1,3.3,76.5,20.4,4.5,2.6,0.02,LOW
PX-10349,Infantry,Medium,60.6,9.7,6.5,1,199,36.2,3.0,6.1,4.3,86.1,14.5,3.8,2.0,0.227,LOW
PX-11168,Air Defense,Medium,46.9,0.0,18.0,0,365,25.6,4.6,5.9,5.0,80.7,12.6,3.6,2.8,0.238,LOW
PX-10492,Signals,Low,46.8,0.0,4.7,4,134,48.4,5.0,6.4,2.1,94.1,20.3,3.8,2.0,0.02,LOW
PX-13144,Air Defense,High,53.7,3.5,6.0,6,183,31.1,0.2,5.9,4.3,76.5,17.4,4.0,3.8,0.263,LOW
PX-12408,Artillery,High,50.5,2.8,7.1,1,316,17.2,0.7,4.9,6.0,,14.2,2.7,3.9,0.528,MODERATE
PX-10516,Artillery,Medium,50.2,0.9,3.7,5,121,39.8,2.3,6.0,3.4,81.1,21.0,4.7,1.8,0.02,LOW
PX-12055,Armored,Medium,48.0,0.0,11.5,0,265,36.3,2.2,6.9,2.5,74.3,21.3,3.9,2.0,0.115,LOW
PX-12838,Artillery,High,49.9,0.0,11.3,3,298,17.7,2.6,5.8,6.2,77.2,15.5,2.7,3.1,0.398,MODERATE
PX-10904,Medical Corps,Medium,52.9,6.0,3.5,5,110,39.7,2.0,6.1,2.2,71.7,20.5,3.5,2.1,0.02,LOW
PX-12920,Medical Corps,Medium,45.3,0.0,3.8,1,117,29.0,3.1,7.4,1.6,80.6,26.8,4.5,1.9,0.02,LOW
PX-11011,Combat Engineers,High,50.6,4.6,6.9,5,207,34.9,2.3,6.5,4.5,77.3,21.6,4.0,3.9,0.127,LOW
PX-11019,Armored,Extreme,60.4,7.1,9.3,4,216,14.8,0.0,4.6,9.5,,12.9,3.7,4.6,0.627,MODERATE
PX-13221,Air Defense,High,58.2,9.2,6.6,2,184,27.9,1.4,6.0,5.3,80.8,17.5,2.6,3.2,0.243,LOW
PX-10280,Infantry,Extreme,64.6,11.4,7.5,4,189,24.1,0.0,5.8,7.4,82.7,21.6,4.4,4.8,0.334,LOW
PX-12079,Infantry,Extreme,63.4,7.5,10.5,2,251,14.8,1.0,4.5,9.5,61.6,8.4,3.6,4.6,0.696,ELEVATED
PX-14697,Armored,Medium,47.7,1.4,18.0,0,365,20.2,2.4,5.6,4.2,70.0,15.8,4.3,3.0,0.287,LOW
PX-13345,Signals,Medium,52.2,1.3,7.5,2,208,28.0,3.2,5.8,3.6,86.5,20.0,4.1,2.2,0.101,LOW
PX-10242,Infantry,Medium,48.4,2.5,4.1,0,125,37.2,2.3,6.7,,71.3,21.7,3.8,2.2,0.02,LOW
PX-12218,Medical Corps,Low,37.5,0.0,2.9,1,123,45.5,4.8,7.0,0.7,94.1,23.2,3.9,1.8,0.02,LOW
PX-14472,Signals,Low,51.7,2.9,5.6,1,273,35.8,4.0,7.2,0.0,83.9,21.8,4.1,1.6,0.02,LOW
PX-12750,Infantry,Extreme,65.6,11.3,7.8,2,191,19.9,1.4,4.2,10.0,78.6,9.4,3.1,4.7,0.617,MODERATE
PX-13818,Signals,Medium,55.1,2.9,3.6,2,119,40.8,3.4,5.9,4.8,74.2,19.2,5.0,2.8,0.02,LOW
PX-13423,Armored,Extreme,62.0,9.1,7.3,2,306,31.6,1.5,5.4,9.1,95.5,13.0,3.9,3.8,0.478,MODERATE
PX-11865,Logistics & ASC,Medium,55.2,4.9,3.7,4,117,41.5,2.6,5.3,5.4,76.3,16.8,3.0,2.8,0.223,LOW
PX-12635,Armored,Low,44.6,0.0,2.3,1,88,49.9,3.2,7.4,1.0,80.1,26.0,4.3,1.3,0.02,LOW
PX-10085,Infantry,High,59.1,7.8,6.4,3,222,32.7,1.9,4.5,7.6,78.5,9.4,2.7,3.8,0.501,MODERATE
PX-13627,Signals,High,45.4,0.2,7.0,4,227,39.6,2.3,5.4,,71.3,15.0,3.3,3.4,0.382,MODERATE
PX-13043,Armored,Medium,46.5,0.0,5.8,1,169,29.1,2.0,7.1,1.4,76.8,16.2,2.9,3.0,0.052,LOW
PX-13546,Armored,High,47.2,2.0,6.2,4,178,20.8,2.0,5.6,5.1,71.1,16.9,3.8,3.7,0.19,LOW
PX-14652,Infantry,Medium,52.8,4.1,6.8,1,198,30.6,2.5,7.0,2.4,82.2,19.1,4.0,2.6,0.072,LOW
PX-11165,Logistics & ASC,Medium,49.8,0.9,3.7,1,126,35.1,6.1,6.8,2.2,73.7,21.4,4.3,2.8,0.02,LOW
PX-14106,Signals,Low,40.9,0.0,5.6,1,197,48.0,3.8,7.3,1.7,82.5,20.2,2.9,1.2,0.02,LOW
PX-11359,Infantry,High,58.9,9.7,10.6,0,238,31.6,2.9,5.1,8.4,76.0,13.3,3.7,3.7,0.519,MODERATE
PX-12802,Infantry,High,58.7,5.9,14.9,0,365,12.6,1.6,5.9,6.5,70.0,16.9,3.9,3.5,0.416,MODERATE
PX-14698,Combat Engineers,Medium,58.0,6.0,8.6,2,205,34.2,3.3,5.8,2.7,71.5,17.3,4.2,1.9,0.26,LOW
PX-12451,Signals,Low,44.4,0.0,9.2,0,288,43.2,4.2,6.2,0.1,82.2,14.4,3.8,1.3,0.032,LOW
PX-13742,Logistics & ASC,Low,41.6,0.0,7.2,0,228,33.6,4.3,7.9,0.0,97.8,21.0,3.5,1.7,0.02,LOW
PX-14248,Infantry,High,56.1,3.8,8.8,1,213,35.0,1.8,5.5,6.1,71.9,12.1,2.8,3.7,0.523,MODERATE
PX-10299,Signals,Low,44.8,0.0,5.6,1,215,40.1,1.9,7.7,,88.3,21.8,4.0,2.0,0.02,LOW
PX-13617,Infantry,High,53.6,1.3,18.0,3,365,10.4,2.0,5.1,6.3,76.6,15.4,4.3,4.2,0.49,MODERATE
PX-13967,Infantry,Medium,43.2,0.9,9.6,2,221,29.2,2.8,6.4,4.6,96.5,23.9,4.3,2.6,0.04,LOW
PX-10269,Infantry,High,51.7,5.5,10.8,4,267,31.0,1.5,5.7,6.9,69.0,17.1,3.2,3.2,0.391,MODERATE
PX-13153,Infantry,Extreme,56.9,8.0,8.4,0,201,25.5,1.7,4.9,7.6,67.4,17.5,4.9,4.1,0.46,MODERATE
PX-11049,Infantry,High,61.9,9.7,13.4,3,365,25.3,2.5,6.6,6.3,78.1,14.7,4.1,3.9,0.376,LOW
PX-14898,Logistics & ASC,Medium,51.0,1.2,9.7,3,230,30.6,1.9,6.8,1.3,83.0,17.7,3.6,2.8,0.162,LOW
PX-12257,Air Defense,Extreme,60.2,3.8,12.4,1,299,14.0,1.7,6.4,8.1,62.5,15.4,3.7,5.0,0.552,MODERATE
PX-10662,Infantry,High,56.6,6.7,10.6,3,282,30.1,1.0,5.0,6.2,62.5,13.6,3.7,3.9,0.546,MODERATE
PX-10434,Infantry,High,44.5,0.8,5.8,2,182,24.1,2.0,6.3,5.0,80.2,22.9,4.3,3.8,0.077,LOW
PX-10868,Infantry,Medium,58.3,6.3,3.8,1,175,53.1,3.0,6.1,3.4,81.5,18.3,4.3,1.9,0.118,LOW
PX-12181,Medical Corps,Medium,45.3,0.0,4.5,2,132,31.4,5.1,6.2,2.5,87.0,21.7,4.1,2.5,0.02,LOW
PX-11823,Combat Engineers,Low,46.6,0.0,3.8,4,120,51.8,3.2,6.1,2.1,73.8,19.8,3.6,1.3,0.062,LOW
PX-13909,Air Defense,Medium,49.9,0.0,4.0,2,123,41.3,3.0,6.1,4.0,82.5,13.1,2.9,2.0,0.171,LOW
PX-12781,Infantry,Medium,45.7,0.1,4.5,2,159,39.4,4.1,7.3,2.6,96.0,20.6,3.0,2.5,0.02,LOW
PX-12047,Combat Engineers,Medium,44.5,0.0,5.0,0,164,40.4,0.5,7.6,0.8,87.4,26.0,3.5,2.7,0.02,LOW
PX-12889,Infantry,High,51.9,3.3,6.4,1,179,21.2,1.5,5.6,5.1,75.1,19.7,3.5,4.1,0.281,LOW
PX-11137,Armored,Medium,54.9,7.8,7.2,1,178,27.6,1.2,5.5,4.9,68.9,15.0,3.8,3.0,0.326,LOW
PX-14309,Combat Engineers,High,46.1,0.0,15.0,5,342,24.3,1.3,6.8,2.9,77.2,17.2,3.2,3.9,0.156,LOW
PX-14763,Armored,Medium,56.1,7.6,7.0,1,196,36.9,1.5,5.3,5.4,67.9,12.5,3.3,2.4,0.248,LOW
PX-14524,Signals,Low,50.0,3.4,2.6,2,140,43.4,4.1,6.2,3.5,77.7,19.7,4.1,1.3,0.02,LOW
PX-13851,Artillery,Low,41.0,0.0,7.4,0,195,47.2,4.6,8.2,0.8,92.6,25.2,3.7,2.0,0.02,LOW
PX-14944,Combat Engineers,Medium,40.7,0.0,4.5,4,130,48.0,2.7,8.0,1.9,83.5,26.7,4.2,2.4,0.02,LOW
PX-13322,Signals,Low,54.1,4.3,10.7,2,242,35.0,4.6,6.6,1.6,88.9,18.1,4.3,1.9,0.055,LOW
PX-10814,Infantry,High,64.3,10.0,7.4,1,200,29.8,0.0,4.3,9.0,80.5,10.0,3.7,3.6,0.548,MODERATE
PX-12602,Armored,High,52.0,0.0,7.8,2,198,29.6,0.0,6.1,5.6,77.9,21.8,5.0,3.1,0.183,LOW
PX-10265,Infantry,Low,40.3,0.0,7.3,1,184,38.8,4.6,8.5,0.0,98.3,26.4,3.9,1.6,0.02,LOW
PX-11190,Armored,High,56.9,5.4,10.2,0,268,29.9,1.1,6.5,6.4,,13.6,3.6,4.1,0.382,MODERATE
PX-13963,Artillery,High,45.8,0.0,5.7,1,176,24.8,1.7,5.5,5.2,77.8,17.0,3.2,4.2,0.228,LOW
PX-11815,Combat Engineers,Medium,53.4,2.4,4.3,1,158,36.5,2.6,6.6,3.3,78.8,18.7,4.5,3.0,0.083,LOW
PX-14792,Artillery,Low,37.8,0.0,2.2,0,99,43.0,4.2,7.0,1.4,72.6,24.9,3.4,2.0,0.02,LOW
PX-11452,Logistics & ASC,Medium,55.5,4.3,3.9,1,138,34.3,3.3,7.3,1.8,98.7,25.4,4.8,3.0,0.02,LOW
PX-13576,Air Defense,Low,44.0,0.0,2.4,1,138,54.2,3.8,7.2,1.5,76.7,20.2,3.9,1.1,0.02,LOW
PX-11152,Infantry,High,58.0,4.2,6.4,4,165,20.6,1.1,5.3,5.9,78.3,16.5,3.5,4.2,0.422,MODERATE
PX-12189,Logistics & ASC,Medium,63.7,12.2,17.5,2,365,26.0,2.8,5.0,5.2,80.7,,3.3,2.5,0.541,MODERATE
PX-11567,Infantry,High,51.7,2.0,10.1,1,248,29.3,3.3,6.0,6.0,67.8,19.4,4.4,3.6,0.316,LOW
PX-12193,Infantry,High,63.1,13.1,6.7,1,186,29.0,3.2,5.4,7.0,80.8,10.4,3.4,3.8,0.377,LOW
PX-10942,Infantry,Medium,46.8,1.6,8.5,1,200,40.5,3.2,6.2,2.9,77.2,17.1,3.6,2.8,0.104,LOW
PX-10069,Armored,High,57.0,4.5,11.0,2,267,26.7,0.5,4.7,6.7,69.7,12.4,3.9,3.8,0.584,MODERATE
PX-11058,Combat Engineers,Extreme,57.8,7.0,12.8,1,284,9.9,0.8,4.9,8.0,77.8,9.9,3.3,4.0,0.641,MODERATE
PX-14638,Infantry,High,60.1,11.3,7.1,3,205,34.4,2.5,6.8,5.7,64.5,22.8,4.5,3.4,0.263,LOW
PX-12486,Air Defense,Medium,49.0,1.6,5.4,4,158,28.4,2.3,6.2,4.3,84.4,13.8,3.5,3.0,0.071,LOW
PX-10528,Air Defense,Extreme,56.3,5.2,7.4,0,247,19.9,1.9,4.6,8.0,80.4,12.8,2.9,4.8,0.583,MODERATE
PX-13712,Medical Corps,Medium,52.3,3.3,5.1,1,141,44.2,4.0,6.1,3.6,100.0,15.0,2.9,2.6,0.098,LOW
PX-13384,Infantry,Medium,49.5,0.0,5.8,2,159,38.5,3.6,5.9,3.6,91.7,18.9,3.0,2.5,0.082,LOW
PX-13001,Combat Engineers,Extreme,67.8,17.4,7.2,3,226,37.1,0.8,5.2,9.8,79.5,14.1,3.7,3.9,0.607,MODERATE
PX-14824,Armored,Medium,42.6,0.0,5.9,3,174,34.4,3.6,7.3,3.0,76.1,22.8,4.4,2.2,0.02,LOW
PX-10405,Logistics & ASC,Medium,54.8,6.4,13.0,3,280,27.3,3.2,6.3,3.4,76.4,18.9,3.8,1.9,0.261,LOW
PX-14242,Armored,Low,44.1,3.5,3.7,2,123,40.3,5.6,6.6,1.5,75.9,22.5,4.0,1.8,0.02,LOW
PX-10263,Infantry,Extreme,64.8,7.8,7.3,1,178,31.9,0.0,4.7,10.0,,17.5,4.2,4.3,0.538,MODERATE
PX-13269,Infantry,Medium,48.1,0.0,3.5,1,123,46.5,3.1,5.1,5.2,71.4,18.5,3.1,2.4,0.119,LOW
PX-14764,Armored,Medium,61.0,6.0,5.0,2,139,46.8,2.3,6.0,5.0,86.5,16.1,4.1,3.0,0.199,LOW
PX-10805,Infantry,High,49.2,0.0,8.0,2,205,31.9,2.5,5.4,5.4,79.2,19.2,3.5,3.2,0.292,LOW
PX-13660,Infantry,Medium,52.6,1.4,4.7,3,134,46.2,2.9,6.8,2.5,78.8,16.5,2.3,3.0,0.081,LOW
PX-11805,Signals,Medium,48.0,1.9,6.7,1,170,37.9,2.1,5.7,4.4,91.0,21.2,3.9,2.4,0.091,LOW
PX-13598,Medical Corps,Medium,49.9,5.1,5.5,1,236,35.0,3.7,6.3,3.6,84.2,19.2,3.6,2.4,0.07,LOW
PX-10074,Infantry,Extreme,64.7,16.3,9.8,3,235,20.0,0.6,5.0,9.6,77.8,13.2,4.1,4.4,0.536,MODERATE
PX-12066,Armored,High,56.1,6.6,8.0,3,230,26.4,1.5,5.7,4.0,81.6,19.5,5.0,3.9,0.255,LOW
PX-11818,Armored,Low,40.0,0.0,2.1,0,88,48.4,4.9,7.2,0.0,77.7,29.3,4.4,1.5,0.02,LOW
PX-10887,Infantry,Medium,52.1,2.3,4.6,0,138,48.6,4.2,6.4,,89.5,18.9,3.4,1.9,0.021,LOW
PX-13774,Air Defense,High,59.9,7.9,7.5,2,184,27.9,1.4,5.3,6.6,83.0,11.8,3.6,3.4,0.461,MODERATE
PX-14583,Medical Corps,High,60.7,12.0,12.5,3,365,10.3,2.0,4.4,10.0,66.9,12.9,4.1,4.0,0.681,ELEVATED
PX-10356,Air Defense,High,49.9,0.0,18.0,2,365,20.4,0.9,6.6,3.9,69.6,14.4,3.8,3.5,0.368,LOW
PX-12849,Artillery,High,57.6,8.9,6.0,4,153,33.8,1.4,5.4,5.5,83.3,23.2,3.5,3.1,0.311,LOW
PX-13942,Infantry,Low,40.4,0.0,2.9,0,106,47.3,3.7,5.6,3.8,82.3,22.8,3.5,1.3,0.02,LOW
PX-12516,Infantry,Extreme,63.9,10.8,8.2,4,218,29.0,0.6,5.2,8.3,79.7,11.6,4.1,4.5,0.516,MODERATE
PX-10091,Signals,Medium,50.2,1.2,5.6,1,188,41.7,2.9,6.3,2.0,89.8,21.8,5.0,2.5,0.02,LOW
PX-12815,Combat Engineers,Medium,51.7,3.7,4.6,1,137,36.1,3.5,6.6,3.8,77.2,21.4,4.4,2.0,0.02,LOW
PX-14350,Infantry,Extreme,64.0,13.0,16.0,2,353,15.0,0.4,4.9,8.8,69.1,11.6,4.1,4.2,0.706,ELEVATED
PX-11258,Combat Engineers,High,53.9,5.7,7.3,0,228,26.8,1.1,5.2,6.3,72.4,11.3,3.6,3.9,0.504,MODERATE
PX-13002,Infantry,Medium,48.4,0.0,4.3,1,127,40.2,4.6,6.8,3.5,84.8,26.7,4.0,1.9,0.02,LOW
PX-12581,Air Defense,High,50.7,1.0,11.9,1,298,27.3,2.6,5.7,7.0,70.4,15.1,3.1,3.2,0.395,MODERATE
PX-14620,Infantry,Medium,48.7,5.2,4.8,0,146,24.1,1.6,6.4,3.6,83.2,19.5,4.1,1.9,0.067,LOW
PX-11010,Signals,Medium,48.4,1.1,10.2,1,255,33.8,1.9,7.5,0.6,77.7,19.1,3.3,2.8,0.096,LOW
PX-13788,Artillery,Medium,53.9,5.5,4.0,0,152,44.6,0.8,7.2,1.4,86.6,19.9,4.0,2.1,0.02,LOW
PX-14047,Artillery,Medium,43.7,0.6,7.8,0,219,40.2,3.2,6.3,4.6,84.4,20.6,4.5,2.4,0.078,LOW
PX-14399,Air Defense,High,62.8,12.8,8.7,1,205,23.0,2.3,5.2,7.3,65.5,10.6,3.5,3.2,0.473,MODERATE
PX-13332,Infantry,Low,36.0,0.0,5.9,2,227,47.6,3.9,7.6,0.0,100.0,23.1,3.6,1.4,0.02,LOW
PX-10243,Combat Engineers,Medium,51.4,5.7,10.5,2,240,31.1,4.9,7.7,1.2,88.8,21.1,3.8,2.4,0.071,LOW
PX-14923,Logistics & ASC,Low,48.2,0.0,2.6,2,94,60.0,3.3,6.9,1.4,100.0,20.8,3.8,2.0,0.02,LOW
PX-11605,Artillery,Low,42.2,0.0,2.5,2,96,45.6,3.3,7.3,0.5,89.4,24.6,3.8,1.3,0.02,LOW
PX-10729,Armored,Medium,60.0,7.8,6.5,2,185,40.9,3.4,6.0,5.2,85.3,22.1,4.8,2.1,0.152,LOW
PX-10150,Air Defense,High,65.8,15.1,8.6,2,269,28.8,1.6,5.2,8.0,76.0,11.3,3.0,3.6,0.562,MODERATE
PX-11061,Combat Engineers,High,54.2,4.1,5.8,2,162,34.6,0.9,5.5,5.3,75.3,13.2,4.1,4.0,0.224,LOW
PX-14687,Armored,Extreme,61.5,10.9,8.0,3,222,19.3,0.0,5.5,9.3,73.2,11.8,3.7,4.6,0.565,MODERATE
PX-12977,Signals,Extreme,61.4,9.6,11.5,4,290,13.0,0.8,4.5,10.0,71.0,12.1,4.3,4.1,0.823,ELEVATED
PX-12903,Medical Corps,Medium,51.0,0.0,6.4,5,171,28.0,3.0,6.0,2.2,76.8,20.6,3.9,2.5,0.121,LOW
PX-11597,Infantry,Medium,43.7,0.0,6.2,1,181,39.9,4.8,6.2,3.0,83.3,19.3,2.7,2.5,0.027,LOW
PX-14171,Signals,Medium,51.3,4.5,4.0,1,118,37.8,2.8,6.0,4.8,84.8,19.0,3.6,2.6,0.054,LOW
PX-11785,Logistics & ASC,Medium,46.2,0.0,16.4,1,355,34.9,4.5,6.2,2.0,76.2,14.9,2.9,2.8,0.206,LOW
PX-11972,Signals,Low,48.0,2.8,2.5,0,95,47.0,3.4,6.8,1.1,84.3,24.3,3.9,1.8,0.02,LOW
PX-10543,Medical Corps,Medium,48.1,0.0,5.8,3,175,35.1,2.7,6.4,2.6,88.1,19.6,3.6,3.0,0.076,LOW
PX-12465,Signals,Low,41.4,0.0,8.2,0,217,56.2,2.9,7.6,0.0,90.0,24.7,3.5,2.2,0.023,LOW
PX-12568,Signals,High,55.7,6.7,6.6,3,198,29.3,2.3,5.4,4.7,67.7,17.4,4.3,4.1,0.339,LOW
PX-13932,Armored,Low,37.1,0.0,3.0,1,175,60.0,5.8,7.4,0.5,89.5,30.0,4.9,1.5,0.02,LOW
PX-13619,Medical Corps,Medium,54.1,5.6,4.1,2,150,41.1,3.3,5.7,4.8,82.5,20.0,4.8,2.6,0.105,LOW
PX-13850,Armored,Medium,55.4,2.3,6.3,1,218,36.3,1.2,6.4,3.4,78.0,18.4,3.8,2.7,0.121,LOW
PX-13859,Infantry,Medium,49.3,3.8,8.6,0,291,32.1,2.4,6.1,2.7,86.4,18.4,4.6,2.4,0.077,LOW
PX-14192,Combat Engineers,High,59.2,7.7,5.6,0,208,30.3,2.6,4.4,6.2,76.0,14.4,3.1,4.1,0.448,MODERATE
PX-11929,Armored,Extreme,63.1,6.3,11.1,4,246,5.0,1.1,4.6,10.0,75.4,10.0,2.7,4.7,0.701,ELEVATED
PX-13752,Armored,High,63.1,8.0,18.0,1,365,5.0,0.9,5.0,9.2,75.3,9.9,3.5,3.9,0.696,ELEVATED
PX-12442,Infantry,High,53.5,3.6,6.3,4,173,32.3,2.5,4.5,7.3,72.0,19.8,4.9,3.5,0.369,LOW
PX-12738,Signals,Low,36.6,0.0,3.6,2,113,42.3,2.7,7.6,0.0,82.2,24.8,3.1,1.3,0.02,LOW
PX-12485,Artillery,High,52.2,3.5,11.6,2,320,30.1,2.8,5.5,6.6,73.6,13.8,2.9,3.9,0.444,MODERATE
PX-11367,Infantry,Medium,42.5,0.0,4.6,2,195,40.1,4.1,6.8,1.8,73.3,25.7,4.4,2.7,0.02,LOW
PX-10233,Combat Engineers,High,49.2,2.3,8.7,0,227,20.0,0.2,5.4,6.1,75.9,14.3,3.8,3.5,0.479,MODERATE
PX-12829,Signals,Low,42.9,0.0,10.0,1,237,42.4,5.7,7.1,0.0,76.8,26.0,4.0,1.4,0.02,LOW
PX-14793,Medical Corps,Low,36.0,0.0,5.3,1,144,47.8,4.6,7.0,1.7,86.4,23.6,3.8,1.8,0.02,LOW
PX-14810,Armored,Medium,47.3,0.0,5.8,0,167,39.0,3.7,6.2,3.8,79.5,,4.1,3.0,0.049,LOW
PX-13106,Artillery,Medium,44.6,0.0,4.8,1,144,36.1,4.5,6.5,1.6,73.6,24.3,5.0,2.7,0.02,LOW
PX-12232,Infantry,Medium,49.7,2.7,3.6,3,117,39.5,3.4,6.5,4.6,73.0,19.6,3.4,2.6,0.041,LOW
PX-10843,Armored,High,63.3,9.8,15.1,1,365,17.8,1.5,4.6,8.7,69.9,16.3,4.5,3.7,0.67,ELEVATED
PX-13645,Signals,Medium,48.9,0.5,7.3,3,216,46.0,1.8,6.4,2.7,74.3,23.5,4.3,2.6,0.136,LOW
PX-12346,Logistics & ASC,Low,40.1,0.0,2.4,1,99,50.9,4.6,7.8,0.0,78.4,24.1,3.1,1.2,0.02,LOW
PX-10297,Air Defense,Medium,45.6,0.4,7.5,2,193,35.6,3.3,6.0,3.8,73.1,22.6,4.6,3.0,0.127,LOW
PX-14046,Infantry,Medium,44.8,0.0,4.6,0,131,46.6,3.6,6.6,2.5,76.4,21.9,3.8,2.3,0.02,LOW
PX-10136,Medical Corps,Low,36.8,0.0,2.9,4,127,50.0,4.9,7.3,1.8,76.9,23.3,3.0,1.1,0.02,LOW
PX-10060,Signals,Low,42.1,0.0,3.5,1,109,54.0,4.7,7.1,0.8,83.0,23.4,3.1,1.8,0.02,LOW
PX-11696,Infantry,Medium,43.8,0.0,6.5,2,200,36.8,2.1,7.1,2.8,92.4,24.7,4.3,2.1,0.02,LOW
PX-13750,Infantry,High,64.4,12.7,15.0,4,316,7.8,2.3,5.8,8.3,76.7,15.4,3.4,3.3,0.549,MODERATE
PX-13316,Signals,High,48.4,0.0,13.9,2,340,27.9,2.2,5.6,5.6,76.2,18.5,3.2,3.4,0.414,MODERATE
PX-14564,Infantry,High,59.6,9.0,5.9,1,183,32.1,1.3,5.7,4.3,74.6,18.0,3.4,4.0,0.262,LOW
PX-10343,Combat Engineers,High,55.8,6.1,6.9,5,174,31.1,1.6,5.1,7.0,82.7,15.0,4.2,4.1,0.386,MODERATE
PX-13776,Signals,Medium,49.1,0.1,13.8,3,299,17.2,4.0,6.4,3.8,75.4,16.9,3.2,2.4,0.198,LOW
PX-13310,Logistics & ASC,High,57.4,8.0,12.9,2,284,12.5,1.2,5.0,5.2,74.5,11.9,3.2,4.1,0.544,MODERATE
PX-13976,Infantry,Low,41.7,0.0,3.1,3,114,54.4,4.7,6.7,1.3,89.2,24.3,3.9,1.4,0.02,LOW
PX-11881,Combat Engineers,High,50.4,2.2,14.5,2,329,10.7,2.6,5.1,6.5,69.1,13.1,3.4,3.2,0.555,MODERATE
PX-10988,Artillery,Extreme,67.4,15.8,11.7,3,272,10.9,2.3,4.1,10.0,64.1,13.3,4.5,4.1,0.739,ELEVATED
PX-14979,Logistics & ASC,Low,51.7,4.0,2.3,0,91,52.3,1.6,6.0,2.8,92.5,20.1,4.0,1.3,0.02,LOW
PX-14394,Artillery,High,58.0,8.7,6.3,3,173,28.3,1.5,5.4,7.1,77.3,18.0,4.0,3.9,0.322,LOW
PX-10048,Signals,Low,43.9,0.0,8.0,1,218,37.1,4.4,7.0,1.9,87.4,20.4,2.9,2.0,0.02,LOW
PX-12207,Armored,Low,43.3,0.0,4.7,3,134,42.4,3.6,7.5,0.4,85.3,22.5,5.0,1.9,0.02,LOW
PX-12132,Medical Corps,Low,44.5,0.0,2.5,2,141,59.1,3.6,6.5,0.5,79.9,28.6,4.3,1.0,0.02,LOW
PX-12012,Infantry,Low,36.0,0.0,7.2,1,226,41.2,4.7,7.5,,82.0,24.7,2.9,1.3,0.02,LOW
PX-10391,Infantry,High,52.1,5.0,8.0,1,193,23.8,3.4,6.2,5.2,77.6,17.8,4.0,3.3,0.163,LOW
PX-12484,Air Defense,Medium,51.2,3.5,5.4,1,153,52.0,3.2,6.6,2.9,82.6,19.1,2.1,2.0,0.036,LOW
PX-10965,Armored,Medium,58.4,9.0,4.0,3,117,23.1,3.7,5.5,3.2,76.5,14.9,2.6,2.4,0.197,LOW
PX-13212,Air Defense,High,54.9,1.8,6.3,2,216,26.4,1.7,5.6,5.4,83.0,14.9,3.5,3.2,0.317,LOW
PX-13323,Air Defense,Extreme,67.2,14.8,7.1,1,206,21.9,0.0,4.4,8.3,74.6,10.6,3.5,4.6,0.649,MODERATE
PX-14466,Infantry,Medium,52.1,1.7,5.8,0,215,40.9,3.2,6.7,2.4,82.0,20.0,4.4,2.9,0.106,LOW
PX-13873,Infantry,Extreme,61.1,8.1,7.1,4,177,37.1,0.0,4.7,9.6,63.1,13.5,3.7,4.9,0.56,MODERATE
PX-14493,Infantry,High,55.0,4.6,7.2,2,205,28.2,1.7,4.5,7.2,69.6,16.4,5.0,3.2,0.391,MODERATE
PX-12616,Infantry,Medium,52.4,1.4,8.3,1,239,34.4,2.4,5.6,4.6,77.1,18.5,3.7,2.1,0.216,LOW
PX-13867,Artillery,Medium,52.7,4.4,4.4,0,185,53.1,1.5,6.4,2.9,78.7,20.6,4.4,1.9,0.058,LOW
PX-12275,Infantry,Extreme,56.7,6.1,8.1,3,243,19.5,1.8,4.9,7.6,64.6,22.9,5.0,4.2,0.517,MODERATE
PX-12570,Infantry,High,63.1,11.8,5.7,2,191,28.4,2.9,4.6,7.4,63.8,16.7,3.7,3.5,0.515,MODERATE
PX-11252,Infantry,High,56.7,5.0,6.0,0,168,20.2,2.6,4.5,6.8,77.1,17.9,3.7,3.2,0.351,LOW
PX-13682,Armored,High,52.9,5.6,16.4,2,346,12.8,1.6,5.7,5.7,73.9,17.3,4.3,3.2,0.443,MODERATE
PX-10418,Infantry,Medium,43.4,0.0,3.8,1,136,43.0,4.0,7.5,0.5,82.3,18.5,3.4,2.2,0.02,LOW
PX-10258,Infantry,High,48.6,0.0,14.4,0,330,17.9,1.4,5.6,4.0,66.7,13.0,3.5,4.1,0.461,MODERATE
PX-13403,Logistics & ASC,High,52.8,0.6,6.5,0,195,29.0,0.0,5.8,5.7,59.7,17.0,4.1,3.9,0.293,LOW
PX-11380,Armored,High,54.3,1.5,6.0,1,233,31.6,2.4,5.0,5.7,78.4,13.5,3.9,3.4,0.324,LOW
PX-12196,Infantry,Medium,51.1,1.6,5.4,2,163,36.2,2.4,5.9,3.9,69.7,18.2,3.5,2.6,0.157,LOW
PX-10793,Infantry,Medium,45.8,0.0,4.5,0,194,36.8,2.5,6.5,3.5,78.5,24.6,4.1,2.2,0.02,LOW
PX-14641,Infantry,Medium,59.7,10.2,4.8,2,195,49.3,2.1,6.2,3.4,83.9,16.2,3.9,2.0,0.11,LOW
PX-13669,Combat Engineers,Extreme,63.8,11.9,7.4,6,178,26.9,1.4,5.3,7.9,68.3,14.7,3.1,4.3,0.461,MODERATE
PX-14368,Infantry,Extreme,65.7,15.4,18.0,1,365,10.6,0.0,5.8,8.5,73.6,3.1,2.5,4.3,0.687,ELEVATED
PX-11870,Artillery,High,57.3,5.4,5.9,0,191,29.4,0.3,6.2,5.5,80.9,13.3,3.0,3.6,0.338,LOW
PX-14271,Armored,High,54.1,9.6,6.2,0,197,33.4,1.5,4.4,6.8,70.0,13.8,3.5,3.5,0.397,MODERATE
PX-14707,Armored,Extreme,64.7,10.9,8.6,2,202,21.5,1.2,5.0,8.9,71.0,14.9,3.7,4.3,0.551,MODERATE
PX-14110,Artillery,Extreme,69.1,14.6,7.9,4,218,25.6,0.2,4.5,9.3,81.1,8.8,3.6,4.3,0.611,MODERATE
PX-10221,Armored,High,58.7,9.6,5.8,2,151,24.9,0.8,5.7,5.1,86.6,17.0,5.0,3.6,0.201,LOW
PX-11850,Infantry,Extreme,62.3,10.9,10.9,4,305,5.5,1.2,4.1,10.0,66.7,10.7,3.0,4.3,0.835,ELEVATED
PX-10487,Infantry,Medium,48.6,1.9,4.7,2,132,44.3,2.3,6.4,3.2,77.3,19.0,4.1,2.8,0.02,LOW
PX-13845,Armored,High,51.1,3.7,7.0,1,177,33.7,1.9,6.2,4.7,78.7,22.1,3.8,4.2,0.133,LOW
PX-14661,Logistics & ASC,Medium,53.5,7.5,4.2,4,168,49.7,3.2,5.7,4.3,84.5,19.0,3.5,2.8,0.173,LOW
PX-12870,Combat Engineers,Low,41.9,0.0,5.4,2,202,52.2,4.7,7.3,0.3,84.3,21.0,2.9,2.0,0.02,LOW
PX-14357,Artillery,High,53.2,0.1,8.3,2,204,25.9,0.4,5.6,6.1,60.5,17.9,3.6,3.9,0.341,LOW
PX-10277,Armored,High,61.9,8.6,6.4,3,170,34.8,1.6,5.5,6.0,62.1,14.4,3.6,3.0,0.335,LOW
PX-12192,Signals,Medium,42.5,0.0,7.3,3,180,44.1,2.6,7.1,3.0,77.7,20.5,3.7,2.5,0.02,LOW
PX-14280,Infantry,Extreme,63.8,11.3,18.0,4,365,5.0,0.7,5.2,8.1,69.3,10.6,3.8,4.5,0.667,ELEVATED
PX-11975,Infantry,Low,36.0,0.0,3.4,1,171,53.0,4.3,6.9,2.3,88.4,24.1,3.9,1.7,0.02,LOW
PX-10869,Infantry,Medium,53.6,7.9,4.2,1,225,40.3,3.4,5.7,4.3,81.8,20.2,4.3,2.5,0.166,LOW
PX-10365,Armored,Extreme,52.8,6.1,18.0,1,365,5.0,3.3,5.6,7.2,68.5,,3.5,4.9,0.467,MODERATE
PX-11158,Armored,Low,41.9,0.0,6.7,1,177,44.0,4.6,6.9,1.3,86.2,22.7,4.4,1.5,0.02,LOW
PX-10486,Armored,Extreme,63.9,11.6,9.2,3,261,17.1,0.0,5.7,8.6,78.8,17.5,4.9,4.7,0.413,MODERATE
PX-13734,Infantry,Extreme,62.8,10.8,7.1,3,196,22.5,1.9,3.5,10.0,68.3,15.6,4.9,4.4,0.608,MODERATE
PX-14438,Artillery,High,49.9,1.9,8.4,2,203,30.2,1.0,5.9,3.7,74.3,18.5,4.8,4.1,0.186,LOW
PX-10439,Combat Engineers,Medium,48.7,0.0,6.8,1,229,36.4,3.2,6.2,3.7,78.0,18.3,3.6,3.0,0.2,LOW
PX-11849,Signals,Extreme,59.8,11.3,8.1,2,235,13.6,0.8,5.0,7.0,60.7,13.0,4.2,4.2,0.56,MODERATE
PX-14610,Logistics & ASC,High,47.4,2.2,8.4,1,244,19.4,1.8,6.0,5.5,76.9,20.2,3.1,3.3,0.23,LOW
PX-14691,Infantry,Medium,45.6,0.0,8.5,0,222,39.4,3.6,7.0,2.7,88.6,23.5,4.4,3.0,0.02,LOW
PX-11249,Logistics & ASC,Medium,55.1,4.0,4.2,1,165,38.3,5.1,6.1,4.3,100.0,17.5,4.1,2.0,0.02,LOW
PX-10106,Armored,Medium,40.4,0.0,4.7,1,130,49.4,3.3,6.8,4.2,85.1,21.7,3.3,3.0,0.02,LOW
PX-10738,Artillery,Extreme,67.5,13.5,9.0,5,230,21.1,0.3,4.5,9.4,62.8,12.1,4.2,4.9,0.676,ELEVATED
PX-12835,Signals,Low,42.3,0.0,6.9,1,197,41.3,2.5,6.9,0.4,90.7,23.8,4.2,1.5,0.02,LOW
PX-11040,Infantry,High,57.4,4.7,7.3,2,213,22.2,1.3,4.8,7.1,71.4,14.7,3.7,3.4,0.551,MODERATE
PX-13825,Combat Engineers,Extreme,60.7,11.7,13.1,2,309,21.5,1.4,4.4,10.0,65.5,10.1,3.6,4.2,0.772,ELEVATED
PX-14100,Artillery,Medium,47.5,0.0,4.7,2,168,40.6,4.9,6.7,2.1,79.2,24.5,3.6,2.8,0.02,LOW
PX-11302,Signals,Medium,47.4,1.9,5.8,2,186,50.5,3.8,7.6,1.9,95.0,21.4,3.6,2.2,0.02,LOW
PX-14376,Signals,Extreme,60.3,11.5,8.1,0,218,22.0,0.8,4.5,10.0,69.9,14.4,3.8,4.4,0.609,MODERATE
PX-13962,Signals,Medium,41.9,0.0,4.0,2,123,30.9,1.4,6.4,2.6,80.4,25.0,4.3,1.8,0.02,LOW
PX-13670,Artillery,Low,46.9,0.7,2.8,0,97,40.6,6.1,7.1,2.2,75.7,,3.5,1.6,0.02,LOW
PX-12171,Artillery,High,60.4,8.8,6.9,2,219,36.7,0.7,4.7,9.1,72.3,10.6,4.1,4.0,0.534,MODERATE
PX-12369,Combat Engineers,Extreme,60.9,13.4,8.6,0,229,14.4,0.0,4.7,10.0,64.6,11.0,4.0,4.3,0.649,MODERATE
PX-12430,Air Defense,High,49.1,0.0,9.9,1,231,34.4,2.3,5.7,6.2,67.9,21.1,3.4,3.3,0.248,LOW
PX-14548,Signals,Medium,56.1,6.9,10.1,0,241,33.7,3.6,5.7,3.5,86.6,16.9,3.7,3.0,0.313,LOW
PX-12945,Armored,Medium,48.0,2.3,11.9,0,308,32.2,2.2,6.9,,87.5,16.6,3.9,2.3,0.108,LOW
PX-14216,Signals,Extreme,55.7,4.1,7.6,4,228,18.2,0.1,4.9,6.4,74.6,15.8,2.4,4.7,0.583,MODERATE
PX-13840,Signals,Low,45.0,0.0,2.8,1,133,44.8,4.4,6.8,1.8,82.8,22.4,3.0,1.7,0.02,LOW
PX-10445,Signals,Low,45.5,0.0,12.4,1,269,34.2,3.9,7.3,0.5,93.5,19.8,4.4,1.9,0.02,LOW
PX-10155,Signals,Low,48.4,4.2,4.1,1,140,60.0,3.9,7.6,0.5,73.2,22.2,4.1,2.1,0.02,LOW
PX-12042,Combat Engineers,Low,42.1,0.0,4.6,4,134,45.9,5.7,6.8,0.7,87.4,26.2,4.2,2.0,0.02,LOW
PX-12913,Signals,High,58.7,8.3,10.6,1,299,31.4,3.7,5.1,7.0,73.1,6.8,3.5,3.3,0.461,MODERATE
PX-13109,Logistics & ASC,Medium,57.6,7.4,5.9,0,185,37.7,2.1,6.3,0.6,87.9,19.8,3.9,2.1,0.099,LOW
PX-14990,Infantry,Medium,50.9,1.2,18.0,2,365,14.4,3.9,6.9,1.9,84.1,11.5,4.1,2.7,0.229,LOW
PX-12009,Signals,Medium,49.7,1.4,12.9,1,306,21.3,2.2,6.3,3.2,77.1,18.8,3.7,3.0,0.196,LOW
PX-14713,Logistics & ASC,Medium,45.7,0.0,5.0,2,142,45.1,3.6,5.4,3.3,70.4,17.7,4.0,2.3,0.064,LOW
PX-10676,Logistics & ASC,Low,47.8,0.0,8.5,0,287,41.3,2.5,6.5,0.9,83.1,19.3,3.7,1.4,0.064,LOW
PX-14001,Artillery,Medium,54.4,5.5,4.0,1,180,42.0,3.4,6.2,3.2,91.1,18.8,3.4,2.9,0.108,LOW
PX-11255,Logistics & ASC,High,60.9,7.5,7.5,2,192,29.6,2.5,5.4,7.3,69.5,14.8,3.6,3.5,0.432,MODERATE
PX-11935,Infantry,High,59.2,5.8,9.4,3,225,31.4,1.6,5.6,5.2,70.3,16.7,3.2,3.1,0.398,MODERATE
PX-14700,Medical Corps,Low,53.7,5.4,3.2,0,115,60.0,2.1,8.5,0.0,92.3,24.8,3.4,1.1,0.02,LOW
PX-11595,Signals,Low,36.6,0.0,10.1,4,237,40.2,4.8,6.3,1.3,88.6,17.5,3.2,2.0,0.031,LOW
PX-12441,Infantry,Extreme,52.9,3.3,8.6,4,214,16.9,0.0,6.3,6.2,,14.3,2.9,4.9,0.331,LOW
PX-14223,Infantry,High,54.7,6.2,8.8,1,210,24.2,0.3,6.2,4.4,79.8,12.6,3.6,3.1,0.222,LOW
PX-10111,Infantry,High,66.9,13.1,6.3,3,166,28.0,3.0,5.1,7.8,65.3,16.1,5.0,3.7,0.431,MODERATE
PX-13243,Artillery,Medium,42.8,0.0,10.7,1,265,29.9,2.9,5.9,2.8,87.1,21.0,4.6,2.9,0.128,LOW
PX-12656,Artillery,High,57.5,7.8,10.0,2,293,15.1,0.7,4.6,7.9,74.3,16.6,3.8,4.0,0.531,MODERATE
PX-12851,Armored,High,59.5,7.7,10.5,2,291,21.2,1.6,5.8,6.5,71.3,16.7,3.8,3.7,0.343,LOW
PX-11902,Logistics & ASC,Medium,53.5,3.1,3.8,3,200,45.7,2.6,6.1,2.6,86.6,22.4,5.0,2.2,0.02,LOW
PX-14147,Signals,Medium,44.7,0.2,5.6,3,203,46.7,3.4,6.8,1.6,81.9,21.2,3.0,1.9,0.02,LOW
PX-12795,Combat Engineers,High,50.6,4.4,7.6,3,205,20.4,1.6,6.6,3.2,83.8,19.7,3.6,3.9,0.124,LOW
PX-14735,Signals,Medium,44.5,0.0,5.8,0,198,37.4,4.4,6.1,2.6,72.3,19.9,4.5,2.6,0.02,LOW
PX-14750,Infantry,Extreme,61.2,8.4,12.7,0,292,12.5,1.9,4.2,10.0,58.2,15.2,4.8,4.2,0.768,ELEVATED
PX-10171,Armored,High,59.4,4.8,6.5,1,191,24.5,1.8,6.1,4.0,69.8,13.6,2.6,4.0,0.263,LOW
PX-11581,Artillery,High,55.2,2.7,9.3,3,231,21.6,1.8,5.8,6.5,70.9,16.0,3.6,3.6,0.395,MODERATE
PX-12998,Medical Corps,Low,54.9,5.0,6.0,1,184,47.7,2.9,6.3,2.1,93.1,21.3,4.9,1.5,0.02,LOW
PX-12258,Infantry,High,70.7,17.2,5.9,3,233,23.8,1.6,5.1,8.5,67.4,15.3,3.3,3.5,0.558,MODERATE
PX-13265,Infantry,Extreme,63.4,10.1,9.2,3,215,20.6,1.8,5.1,8.5,66.9,9.9,3.6,4.6,0.512,MODERATE
PX-11063,Combat Engineers,High,52.0,0.2,6.4,2,201,26.7,1.7,6.5,5.3,67.2,21.1,4.4,4.0,0.197,LOW
PX-11791,Artillery,Medium,55.8,11.2,5.0,3,175,45.9,2.8,6.4,2.9,70.8,18.5,3.6,2.9,0.149,LOW
PX-12076,Medical Corps,Low,41.9,0.0,4.6,1,129,49.8,3.6,6.4,0.6,82.8,23.4,3.7,1.7,0.02,LOW
PX-10582,Infantry,Medium,40.3,0.0,4.6,3,130,37.3,1.8,6.6,3.7,83.1,21.9,3.5,2.6,0.027,LOW
PX-12590,Air Defense,Medium,47.7,0.0,9.5,0,268,31.9,3.0,6.7,2.8,78.4,19.2,3.7,2.0,0.02,LOW
PX-10581,Combat Engineers,High,52.6,4.2,6.3,2,186,35.0,1.3,5.7,4.0,90.7,15.7,3.5,3.7,0.188,LOW
PX-11260,Infantry,Extreme,69.4,13.9,11.0,2,245,22.3,0.2,4.1,10.0,77.6,6.7,4.1,4.3,0.809,ELEVATED
PX-14318,Logistics & ASC,Medium,47.3,1.9,9.2,3,214,28.3,3.4,5.6,3.1,93.6,17.7,3.9,2.2,0.116,LOW
PX-14404,Armored,High,59.1,0.4,7.9,1,199,35.1,2.2,5.8,5.3,61.9,17.2,4.5,4.0,0.284,LOW
PX-13341,Air Defense,High,52.3,6.3,6.9,3,185,26.1,3.5,5.1,6.6,72.8,20.0,5.0,3.0,0.179,LOW
PX-12272,Signals,Low,46.9,0.0,2.3,0,128,54.1,4.9,6.2,2.1,91.2,21.8,4.4,1.6,0.02,LOW
PX-12185,Infantry,High,59.4,10.2,7.8,1,188,41.2,1.9,5.4,7.0,81.3,15.5,4.0,4.1,0.423,MODERATE
PX-10660,Artillery,Medium,55.4,8.2,8.9,5,214,29.7,1.9,6.8,2.1,91.6,13.3,2.7,2.7,0.22,LOW
PX-14120,Medical Corps,Medium,54.1,0.5,8.4,3,198,41.4,3.5,6.6,2.5,85.7,18.7,3.4,2.0,0.044,LOW
PX-11522,Logistics & ASC,Low,36.1,0.0,6.1,3,181,43.5,3.5,8.5,0.0,96.6,29.4,4.0,1.1,0.02,LOW
PX-11895,Infantry,Medium,42.7,0.0,5.8,1,193,42.4,1.9,7.0,1.8,74.6,23.2,3.4,3.0,0.032,LOW
PX-11875,Air Defense,High,51.3,3.7,10.6,3,246,18.7,2.2,7.0,4.8,65.7,12.5,3.1,3.7,0.242,LOW
PX-12005,Logistics & ASC,Medium,45.2,0.0,16.0,5,365,32.0,3.2,5.9,2.7,94.8,13.8,4.0,3.0,0.319,LOW
PX-11234,Infantry,High,60.0,8.3,6.6,3,165,26.6,1.1,5.0,6.0,73.1,13.5,3.9,4.0,0.468,MODERATE
PX-13206,Infantry,High,62.5,10.5,7.9,1,239,27.8,2.0,5.1,8.6,80.6,12.4,3.1,3.3,0.45,MODERATE
PX-10340,Infantry,Medium,52.4,5.5,4.5,4,135,39.0,3.0,6.5,2.6,79.5,17.6,3.8,2.0,0.02,LOW
PX-10043,Artillery,Medium,40.9,0.0,4.7,2,153,49.3,4.5,7.3,1.1,75.7,22.9,3.0,2.6,0.02,LOW
PX-13179,Armored,Medium,42.0,0.0,9.6,2,267,38.5,4.9,6.7,2.8,87.6,19.8,4.5,2.3,0.02,LOW
PX-14506,Armored,High,59.2,7.9,8.6,3,299,8.0,0.4,5.0,7.5,72.3,13.6,3.9,3.5,0.549,MODERATE
PX-12274,Logistics & ASC,Medium,51.2,0.4,4.1,2,138,47.5,2.2,6.0,5.6,92.0,18.1,3.3,2.5,0.117,LOW
PX-13369,Armored,Low,44.6,0.0,2.4,0,136,52.3,5.4,6.6,0.6,72.6,19.9,3.9,2.0,0.02,LOW
PX-14449,Infantry,Medium,50.7,1.6,5.5,4,172,39.6,4.2,7.1,1.2,,15.2,3.1,2.2,0.02,LOW
PX-11712,Medical Corps,Low,38.6,0.0,4.7,2,153,35.2,5.5,6.6,1.5,86.3,21.7,3.6,2.0,0.02,LOW
PX-13363,Combat Engineers,High,60.1,9.2,9.3,4,300,24.7,2.4,5.7,6.7,79.7,19.9,5.0,3.4,0.276,LOW
PX-13868,Combat Engineers,High,61.8,10.3,6.4,0,184,31.6,1.6,5.0,7.6,72.9,13.1,3.4,4.0,0.445,MODERATE
PX-12513,Infantry,High,56.9,3.4,13.0,1,351,19.7,1.9,5.7,5.3,77.5,9.0,2.5,4.0,0.503,MODERATE
PX-12539,Armored,Medium,47.4,0.0,6.8,3,172,43.5,2.4,6.5,4.6,77.1,19.1,3.5,2.1,0.092,LOW
PX-13222,Signals,Low,51.6,0.4,4.5,2,175,50.9,4.7,7.8,0.9,84.4,21.4,3.4,1.4,0.02,LOW
PX-12697,Infantry,Extreme,58.7,9.1,8.0,2,248,19.8,2.8,5.6,6.2,83.6,13.9,3.6,4.4,0.402,MODERATE
PX-13683,Armored,Extreme,67.8,12.0,10.2,6,231,17.7,0.7,4.9,9.1,62.3,,4.6,4.0,0.566,MODERATE
PX-14207,Infantry,High,58.0,7.5,9.2,3,225,28.4,1.1,6.9,3.9,70.4,18.5,5.0,3.9,0.132,LOW
PX-13861,Infantry,High,52.9,2.3,8.1,1,237,20.5,0.9,5.8,6.0,85.8,10.4,2.8,3.8,0.361,LOW
PX-12018,Combat Engineers,Low,51.3,2.7,7.1,1,173,39.8,3.4,7.5,0.9,82.3,20.1,3.3,1.3,0.02,LOW
PX-13730,Logistics & ASC,Low,46.4,0.0,5.7,3,264,59.0,3.8,7.7,0.1,92.9,24.2,3.9,1.4,0.02,LOW
PX-10830,Combat Engineers,High,59.6,7.4,7.4,2,183,37.7,0.6,4.1,7.1,67.8,13.5,4.1,3.7,0.553,MODERATE
PX-12936,Artillery,Medium,57.5,7.2,5.0,5,148,30.5,2.9,6.0,3.3,75.0,18.0,3.1,2.0,0.123,LOW
PX-11139,Signals,Medium,48.6,2.6,3.7,1,194,32.0,3.1,6.6,3.2,81.1,27.0,4.5,2.8,0.02,LOW
PX-14454,Combat Engineers,High,63.6,11.4,11.0,1,260,20.0,1.8,5.9,7.1,71.4,17.2,4.1,4.0,0.427,MODERATE
PX-13313,Combat Engineers,Medium,50.7,2.8,3.9,2,137,32.3,2.9,7.0,2.5,79.3,22.5,4.4,2.3,0.02,LOW
PX-10994,Logistics & ASC,Medium,42.8,0.0,3.6,2,159,47.7,3.0,7.3,3.3,98.4,27.2,4.0,3.0,0.02,LOW
PX-10023,Logistics & ASC,Medium,40.3,0.0,4.3,0,142,41.1,4.0,5.6,4.3,66.8,16.1,3.4,2.9,0.062,LOW
PX-10991,Signals,Medium,52.2,5.4,7.2,3,188,42.1,4.3,6.7,3.7,69.2,17.6,3.1,1.9,0.083,LOW
PX-11005,Artillery,Medium,50.2,0.0,5.7,2,156,45.0,2.9,6.3,3.0,80.5,19.6,3.2,2.4,0.112,LOW
PX-11655,Armored,Medium,50.7,1.5,5.5,2,145,36.4,3.5,6.5,2.6,79.4,20.6,4.0,1.9,0.038,LOW
PX-11693,Signals,High,56.7,5.7,9.3,0,218,31.0,3.0,5.5,7.4,78.4,16.5,4.8,3.8,0.316,LOW
PX-14089,Infantry,High,59.7,10.7,17.9,2,365,7.3,2.2,5.3,5.3,67.0,10.3,4.1,3.3,0.547,MODERATE
PX-10341,Medical Corps,Low,55.5,0.2,2.1,1,99,58.7,1.8,5.6,3.2,83.2,16.1,3.2,1.8,0.118,LOW
PX-14231,Infantry,Extreme,61.1,12.4,10.6,3,239,23.0,0.8,6.1,8.4,69.0,17.3,4.7,4.9,0.397,MODERATE
PX-10584,Logistics & ASC,Medium,46.7,0.0,3.7,2,125,37.9,3.5,6.8,3.5,82.4,23.3,4.7,2.1,0.02,LOW
PX-11842,Infantry,High,55.1,0.3,11.4,3,289,14.2,1.7,6.1,5.9,94.7,18.4,4.0,4.0,0.336,LOW
PX-10525,Artillery,Extreme,62.9,9.4,10.7,4,335,26.9,0.0,4.6,9.3,64.9,11.5,3.9,3.9,0.714,ELEVATED
PX-13192,Combat Engineers,Medium,47.1,0.0,9.6,6,224,24.9,2.4,7.3,1.6,84.6,14.3,3.5,2.8,0.107,LOW
PX-13474,Combat Engineers,Medium,49.5,0.0,5.7,1,149,41.2,3.5,6.8,1.4,81.1,10.3,2.2,2.8,0.02,LOW
PX-11259,Medical Corps,Low,51.1,5.4,9.2,0,213,39.4,3.3,6.7,1.3,83.8,21.5,4.5,1.4,0.043,LOW
PX-11318,Signals,Medium,45.8,0.1,5.9,0,160,37.6,5.2,6.6,3.3,73.3,18.9,3.2,2.6,0.02,LOW
PX-13839,Artillery,High,64.4,9.9,6.5,2,182,17.0,1.6,4.3,8.9,,17.7,4.6,3.2,0.497,MODERATE
PX-10081,Armored,High,58.3,7.2,11.2,2,310,22.4,0.2,6.4,6.0,93.6,11.1,3.4,3.8,0.356,LOW
PX-12919,Signals,Medium,54.0,4.9,5.9,4,165,38.6,2.9,6.7,3.1,85.0,24.6,4.6,2.5,0.02,LOW
PX-10969,Infantry,Extreme,55.4,3.7,10.0,2,272,22.2,0.6,5.5,6.7,78.7,15.6,4.3,4.8,0.485,MODERATE
PX-11882,Armored,Medium,52.0,4.9,3.9,2,238,48.3,1.9,5.7,4.6,75.9,12.1,3.0,2.0,0.283,LOW
PX-14077,Combat Engineers,High,60.6,10.4,5.7,1,165,31.3,2.8,4.9,8.3,72.2,14.6,4.7,4.0,0.412,MODERATE
PX-11138,Infantry,Medium,49.8,1.0,7.1,2,237,30.7,3.4,5.9,3.8,67.6,18.1,4.4,2.4,0.133,LOW
PX-11813,Infantry,Medium,41.2,0.0,7.4,3,184,45.8,2.9,6.1,3.4,89.1,17.1,3.3,2.2,0.105,LOW
PX-10930,Artillery,Extreme,71.2,17.1,9.7,2,232,18.6,0.0,4.7,10.0,72.6,12.8,3.8,4.9,0.673,ELEVATED
PX-10033,Artillery,High,58.5,9.0,6.9,0,202,24.2,2.9,5.1,6.6,83.4,15.4,4.2,3.6,0.373,LOW
PX-13754,Armored,Low,52.0,2.8,2.9,1,113,44.1,4.1,5.7,3.0,82.2,18.5,3.1,1.7,0.043,LOW
PX-11589,Infantry,High,50.5,6.0,8.4,2,214,31.5,1.9,5.9,6.1,,17.0,4.0,4.0,0.346,LOW
PX-11574,Infantry,High,57.1,8.5,7.1,4,293,36.7,2.6,5.3,6.1,68.8,15.9,3.2,3.1,0.467,MODERATE
PX-12224,Logistics & ASC,Medium,47.3,0.0,6.2,0,162,46.4,3.8,5.0,6.3,80.4,15.5,3.4,1.9,0.294,LOW
PX-13853,Artillery,High,57.6,9.8,7.2,2,183,37.6,2.0,4.9,7.0,83.9,10.4,3.7,3.5,0.38,MODERATE
PX-14008,Infantry,High,59.8,7.1,12.1,3,294,9.3,3.2,4.8,5.8,83.9,10.6,3.2,3.3,0.557,MODERATE
PX-13871,Infantry,Extreme,58.6,3.3,11.2,3,320,10.8,2.2,4.5,8.0,66.9,12.7,4.0,4.7,0.599,MODERATE
PX-11618,Medical Corps,Low,40.0,0.0,3.6,2,127,58.0,4.0,7.0,2.2,78.1,25.7,4.4,1.3,0.02,LOW
PX-12510,Armored,High,65.9,10.6,7.1,1,191,29.0,1.5,7.4,5.4,69.5,16.0,3.8,3.4,0.191,LOW
PX-14592,Signals,High,53.0,6.3,6.4,4,172,29.8,1.5,5.5,5.9,86.6,9.7,1.7,3.4,0.427,MODERATE
PX-12137,Air Defense,Medium,47.7,0.0,5.0,2,149,43.9,2.7,5.9,3.9,77.3,21.2,3.9,2.4,0.152,LOW
PX-13053,Air Defense,High,60.7,7.2,6.1,2,168,25.3,3.7,5.3,8.9,73.5,14.6,3.6,3.0,0.353,LOW
PX-14660,Signals,Medium,50.8,0.0,6.5,0,166,37.4,2.6,6.3,3.6,80.2,19.6,4.3,3.0,0.073,LOW
PX-14611,Artillery,High,55.6,8.0,7.9,3,198,17.3,2.1,6.6,4.5,82.2,17.0,3.7,3.8,0.097,LOW
PX-11432,Infantry,Medium,47.3,1.9,10.6,0,236,37.3,4.6,5.9,4.9,76.1,16.8,3.9,2.8,0.263,LOW
PX-13361,Artillery,Extreme,62.3,11.8,8.4,4,242,28.0,1.4,5.1,9.4,61.9,14.0,4.0,4.6,0.571,MODERATE
PX-11719,Air Defense,Medium,54.4,6.7,6.4,0,204,37.5,3.4,6.1,4.0,77.1,14.6,4.0,2.6,0.174,LOW
PX-11339,Artillery,High,60.5,13.3,12.7,2,287,27.8,1.5,4.7,7.3,60.1,10.7,2.5,3.6,0.729,ELEVATED
PX-10125,Armored,Low,47.0,0.0,2.7,2,96,55.7,2.3,6.0,2.5,81.7,13.7,3.2,1.3,0.02,LOW
PX-12082,Signals,Medium,46.0,1.8,4.0,1,120,44.1,3.0,7.1,0.4,79.3,21.2,4.5,2.4,0.02,LOW
PX-14169,Armored,Medium,56.7,6.9,10.5,3,240,25.6,2.8,5.6,3.9,77.5,16.9,4.0,2.7,0.273,LOW
PX-12872,Infantry,Medium,44.0,0.0,5.6,1,150,38.9,2.7,7.0,,89.1,22.1,3.4,2.0,0.02,LOW
PX-10681,Infantry,High,56.5,6.4,12.9,3,365,8.2,0.9,5.3,5.8,72.1,18.0,4.3,3.4,0.496,MODERATE
PX-10387,Medical Corps,Low,50.4,2.2,5.0,1,171,40.9,3.1,7.1,1.0,82.1,22.9,4.1,2.0,0.02,LOW
PX-12767,Signals,Medium,46.7,0.0,5.1,2,164,35.6,2.8,6.0,3.6,82.4,18.5,2.9,2.2,0.116,LOW
PX-13493,Combat Engineers,Extreme,59.3,9.3,9.3,0,214,26.9,0.7,4.0,9.8,73.8,14.4,4.3,4.0,0.574,MODERATE
PX-12073,Logistics & ASC,Medium,45.3,0.0,9.1,1,265,35.7,2.6,6.3,2.8,76.9,17.7,3.3,2.8,0.233,LOW
PX-11223,Signals,Low,36.4,0.0,3.1,3,113,60.0,4.3,7.6,0.0,75.4,27.9,4.3,1.1,0.02,LOW
PX-13852,Artillery,Low,46.3,1.6,6.0,0,213,48.7,2.9,7.0,1.4,86.2,18.5,2.9,1.3,0.02,LOW
PX-11845,Combat Engineers,Low,46.1,0.0,3.1,0,101,47.0,2.9,6.8,1.9,90.4,22.0,4.2,1.5,0.02,LOW
PX-13706,Artillery,Low,39.8,0.0,3.4,1,125,37.2,4.4,7.6,1.8,89.7,29.4,4.3,1.9,0.02,LOW
PX-11494,Armored,High,62.4,12.4,5.7,2,154,29.9,1.1,4.8,8.1,83.9,15.5,3.6,3.6,0.472,MODERATE
PX-11819,Combat Engineers,Extreme,68.9,15.4,11.5,1,262,14.7,0.0,4.5,10.0,76.4,5.2,2.8,4.0,0.852,ELEVATED
PX-12842,Armored,Low,40.5,0.0,9.6,1,225,41.7,4.8,7.0,0.6,89.5,22.5,4.2,1.6,0.02,LOW
PX-11473,Armored,High,56.9,8.4,12.7,0,287,15.0,2.3,6.1,4.7,63.3,14.3,3.2,3.6,0.38,MODERATE
PX-12260,Signals,High,54.0,6.6,7.2,1,197,30.8,1.2,5.7,4.7,69.1,17.0,3.1,3.9,0.237,LOW
PX-10065,Combat Engineers,High,54.4,7.7,8.9,2,254,17.5,2.2,5.8,5.5,81.9,16.6,3.6,4.0,0.373,LOW
PX-10400,Artillery,High,54.9,8.8,8.1,0,195,33.2,1.0,5.8,4.0,84.6,17.6,3.9,3.4,0.209,LOW
PX-13232,Armored,Extreme,62.6,13.4,7.6,1,240,24.5,0.5,4.1,10.0,66.5,14.2,4.5,4.1,0.656,ELEVATED
PX-13677,Combat Engineers,High,57.6,4.3,11.1,1,275,30.7,0.3,4.3,7.8,72.6,10.9,3.0,3.8,0.686,ELEVATED
PX-12117,Infantry,High,57.7,9.0,9.8,1,232,22.6,1.7,5.8,3.3,82.3,12.8,3.5,3.0,0.286,LOW
PX-12363,Logistics & ASC,High,57.6,7.1,6.8,3,177,29.4,1.5,5.3,6.3,,11.1,3.0,3.4,0.454,MODERATE
PX-12679,Artillery,Extreme,63.1,10.6,7.7,2,204,17.1,0.0,4.4,10.0,87.4,10.1,3.2,4.2,0.632,MODERATE
PX-14229,Artillery,Medium,48.8,0.0,4.7,5,131,45.9,2.1,6.2,3.1,89.9,21.3,4.7,2.8,0.02,LOW
PX-13189,Artillery,High,55.9,6.0,9.1,3,233,18.1,1.4,5.7,6.2,82.4,13.1,3.5,3.6,0.402,MODERATE
PX-11375,Infantry,Medium,46.7,2.9,4.6,1,134,46.4,3.6,6.9,1.8,75.9,16.4,3.9,2.5,0.02,LOW
PX-13649,Logistics & ASC,Medium,61.6,10.8,4.0,0,137,47.0,0.8,4.7,6.9,83.3,16.7,4.6,2.9,0.327,LOW
PX-10240,Air Defense,Low,47.8,0.0,8.9,2,214,38.3,2.5,6.9,1.2,75.2,17.8,3.7,1.8,0.02,LOW
PX-12813,Infantry,Medium,55.4,6.4,4.4,1,140,43.4,2.5,5.1,6.0,67.2,19.2,5.0,2.3,0.228,LOW
PX-10618,Infantry,High,57.0,9.0,14.0,1,299,15.0,0.7,5.2,5.7,74.0,12.4,4.2,3.9,0.456,MODERATE
PX-11071,Combat Engineers,Low,41.7,0.0,10.0,2,241,41.3,3.0,7.7,0.0,96.1,22.8,4.0,1.9,0.02,LOW
PX-12529,Combat Engineers,Medium,49.7,2.4,5.7,0,202,45.4,3.3,6.1,4.0,87.3,16.2,4.7,2.9,0.08,LOW
PX-10267,Infantry,Extreme,56.7,7.5,7.0,2,210,13.1,2.5,5.2,7.2,83.3,15.6,3.2,4.5,0.396,MODERATE
PX-10401,Logistics & ASC,Low,43.7,0.0,2.0,0,124,60.0,3.5,6.6,2.5,84.7,20.8,4.1,1.6,0.02,LOW
PX-10046,Artillery,Medium,51.6,1.4,7.7,0,220,35.2,2.3,5.9,5.6,75.6,22.7,4.4,2.9,0.293,LOW
PX-11708,Logistics & ASC,Medium,50.8,3.8,13.2,0,331,28.0,3.3,7.2,1.9,88.6,18.3,4.3,2.8,0.18,LOW
PX-12086,Artillery,High,56.6,7.0,5.9,2,157,29.5,1.0,5.6,6.5,72.3,17.0,4.6,3.6,0.368,LOW
PX-14174,Air Defense,Extreme,56.4,5.9,10.2,4,263,25.2,0.1,4.3,9.2,77.0,10.4,2.8,4.9,0.678,ELEVATED
PX-12808,Infantry,Extreme,60.6,11.1,18.0,2,365,10.4,0.6,4.6,9.3,78.0,6.6,4.6,4.5,0.676,ELEVATED
PX-14452,Signals,High,61.0,9.1,8.3,1,195,30.8,0.4,6.2,7.6,74.6,17.1,3.0,3.4,0.471,MODERATE
PX-12075,Combat Engineers,High,61.3,12.0,6.0,3,159,37.6,2.2,5.1,7.5,62.5,14.9,4.7,3.9,0.328,LOW
PX-13124,Infantry,Extreme,62.0,7.5,7.3,2,290,17.1,0.5,4.5,9.5,67.0,14.8,4.6,4.1,0.595,MODERATE
PX-12002,Medical Corps,Medium,54.7,1.6,4.3,0,139,31.3,4.0,7.1,3.2,77.1,21.8,4.2,2.4,0.02,LOW
PX-10951,Infantry,High,60.6,9.7,9.6,1,232,28.5,1.5,5.4,8.8,73.2,14.4,4.1,3.2,0.508,MODERATE
PX-10898,Infantry,High,54.3,8.2,6.2,0,202,32.3,0.9,6.1,7.0,,15.4,3.7,3.4,0.265,LOW
PX-12353,Combat Engineers,High,58.6,7.9,6.4,3,194,34.5,2.3,5.0,5.5,71.7,11.1,2.5,3.7,0.448,MODERATE
PX-13467,Artillery,High,58.1,4.7,5.9,3,211,29.2,2.6,4.6,7.7,77.6,11.7,3.4,3.8,0.418,MODERATE
PX-13922,Artillery,Low,41.8,0.0,4.1,0,167,55.1,4.0,6.5,1.1,83.4,19.7,2.6,1.3,0.02,LOW
PX-13248,Logistics & ASC,Medium,45.7,0.5,5.2,2,195,37.1,4.5,6.8,3.2,98.3,22.1,3.3,2.5,0.02,LOW
PX-10289,Infantry,High,52.6,1.1,14.8,1,328,17.5,2.2,5.2,5.9,74.9,14.1,4.6,3.7,0.449,MODERATE
PX-13862,Signals,High,62.3,8.0,7.1,1,180,23.4,2.0,6.0,6.1,81.0,18.0,4.4,3.4,0.265,LOW
PX-14559,Signals,Medium,49.6,3.2,4.1,4,162,48.8,0.9,7.2,3.6,74.6,22.5,3.4,2.3,0.047,LOW
PX-11775,Combat Engineers,High,59.4,6.1,8.6,4,214,28.6,0.7,5.9,5.8,77.7,13.5,3.5,3.7,0.405,MODERATE
PX-14542,Medical Corps,Medium,43.2,0.0,7.5,4,194,46.4,2.9,5.9,2.8,62.9,20.6,3.8,2.8,0.119,LOW
PX-13116,Infantry,High,52.3,2.9,18.0,1,365,5.0,1.5,5.8,5.8,78.7,13.7,3.0,3.6,0.47,MODERATE
PX-10195,Infantry,Extreme,61.6,9.3,7.2,2,200,31.4,1.9,5.2,8.5,56.2,12.3,4.7,3.9,0.447,MODERATE
PX-10585,Combat Engineers,Extreme,58.8,6.0,7.1,3,182,26.7,2.2,5.3,7.1,76.1,13.3,3.9,3.8,0.411,MODERATE
PX-11446,Logistics & ASC,Medium,41.7,0.0,5.2,1,152,37.0,2.9,6.2,3.3,88.4,17.3,4.1,2.9,0.02,LOW
PX-11291,Signals,High,51.2,0.0,10.5,4,245,22.4,1.5,5.8,5.9,82.8,19.7,4.5,4.0,0.265,LOW
PX-13097,Artillery,High,66.1,14.6,6.4,1,160,28.3,0.6,4.7,10.0,66.4,9.9,3.0,3.4,0.612,MODERATE
PX-13521,Logistics & ASC,Medium,39.0,0.0,5.5,1,151,40.1,3.6,6.6,2.4,79.4,26.2,5.0,3.0,0.02,LOW
PX-14346,Air Defense,Medium,51.4,1.7,4.8,1,137,36.5,3.0,7.2,3.3,65.3,22.7,4.4,2.8,0.02,LOW
PX-13327,Logistics & ASC,Medium,47.1,1.2,4.9,1,151,40.4,1.6,7.5,1.4,90.9,24.9,3.5,1.9,0.02,LOW
PX-12599,Medical Corps,Medium,43.9,0.0,3.9,2,134,47.7,3.4,7.1,,77.0,25.5,4.3,2.6,0.02,LOW
PX-10980,Medical Corps,Medium,52.6,2.2,5.6,2,219,43.6,2.5,5.8,3.4,68.0,18.0,4.0,2.0,0.168,LOW
PX-10200,Air Defense,Medium,54.6,3.8,9.7,2,236,42.9,2.0,6.1,2.5,83.4,14.3,3.3,2.5,0.271,LOW
PX-11298,Signals,Low,39.2,0.0,11.3,1,253,34.2,2.4,6.4,2.6,86.1,16.7,4.2,1.4,0.102,LOW
PX-11738,Combat Engineers,Extreme,65.9,16.3,11.4,2,302,17.2,0.0,5.0,10.0,67.4,14.5,4.4,4.7,0.714,ELEVATED
PX-11229,Infantry,High,55.4,4.5,15.3,5,365,18.8,1.6,6.0,4.2,72.4,10.0,4.3,3.6,0.346,LOW
PX-13170,Medical Corps,Extreme,54.2,8.4,11.8,4,295,18.8,0.0,4.9,7.4,63.3,11.7,3.9,3.8,0.591,MODERATE
PX-10314,Artillery,Medium,50.1,0.4,4.2,0,136,33.2,1.6,5.7,4.8,75.7,15.6,2.9,2.2,0.147,LOW
PX-13690,Infantry,High,51.5,2.8,7.1,2,190,18.6,1.4,4.3,7.2,84.8,13.5,3.5,3.8,0.504,MODERATE
PX-11636,Armored,Low,43.6,0.3,7.5,1,281,51.4,5.3,8.0,0.1,95.8,25.6,4.4,1.2,0.02,LOW
PX-12859,Armored,High,60.9,10.6,13.1,1,332,35.5,0.9,5.6,7.9,85.3,13.0,3.5,3.6,0.584,MODERATE
PX-10884,Infantry,High,55.3,4.3,5.7,0,150,30.8,1.5,5.2,5.4,75.3,11.1,2.2,3.8,0.352,LOW
PX-12084,Signals,Medium,50.6,1.7,5.7,3,186,37.8,2.4,5.6,4.0,77.6,17.9,4.3,2.1,0.119,LOW
PX-12892,Combat Engineers,Medium,50.2,4.5,7.1,1,269,37.9,2.6,7.0,2.9,91.1,,5.0,2.3,0.02,LOW
PX-12280,Armored,High,57.4,7.6,12.8,4,321,22.9,2.9,5.9,6.1,78.7,14.3,3.9,3.2,0.429,MODERATE
PX-10810,Infantry,High,57.2,8.0,12.0,0,274,14.4,1.5,5.5,5.8,73.8,16.4,4.0,4.0,0.416,MODERATE
PX-13663,Signals,High,53.7,5.4,9.8,4,226,32.6,2.8,4.6,7.9,73.9,13.8,3.6,4.1,0.449,MODERATE
PX-13367,Signals,Medium,42.2,0.0,5.2,2,169,47.6,4.9,6.8,2.6,83.6,24.7,3.4,1.8,0.02,LOW
PX-13543,Infantry,Extreme,56.1,9.7,15.3,1,335,5.0,1.8,4.1,8.8,74.6,10.5,3.5,4.0,0.721,ELEVATED
PX-13038,Infantry,Low,50.6,0.0,2.1,1,87,60.0,3.3,8.1,0.0,83.1,24.3,3.0,1.9,0.02,LOW
PX-12444,Armored,Low,44.6,0.0,9.6,0,268,41.2,4.7,6.7,1.8,81.5,17.0,2.8,2.0,0.096,LOW
PX-14016,Artillery,High,55.0,3.8,5.6,2,210,28.1,2.3,6.5,3.7,83.4,22.3,4.0,3.2,0.155,LOW
PX-13885,Infantry,Medium,44.5,0.0,4.0,1,117,31.3,4.0,7.4,3.1,79.9,25.5,3.7,2.3,0.02,LOW
PX-12370,Armored,Medium,39.4,0.0,4.8,4,131,35.7,2.7,7.2,3.6,67.6,22.7,3.4,2.8,0.026,LOW
PX-12059,Infantry,High,58.3,2.4,10.8,5,316,25.1,0.9,6.0,5.1,79.5,14.1,4.2,3.5,0.349,LOW
PX-10867,Air Defense,High,51.6,0.0,7.0,0,199,25.0,2.2,6.2,3.4,73.2,16.8,3.8,3.9,0.173,LOW
PX-14199,Infantry,High,53.1,4.1,8.7,2,245,35.8,1.9,5.4,6.8,81.1,16.7,2.9,3.8,0.385,MODERATE
PX-13741,Infantry,High,53.7,5.8,9.1,5,223,31.4,2.2,4.9,7.0,64.2,18.0,4.9,3.9,0.393,MODERATE
PX-11706,Infantry,Medium,48.2,3.6,5.4,0,145,35.2,2.3,7.3,,91.0,26.4,4.6,1.9,0.02,LOW
PX-13563,Infantry,Medium,54.1,6.0,6.5,2,186,32.1,2.3,6.5,3.1,87.6,22.3,4.5,2.7,0.066,LOW
PX-14834,Artillery,High,56.3,3.2,6.0,4,179,33.7,2.4,6.0,4.9,78.6,17.2,2.6,3.2,0.252,LOW
PX-14464,Infantry,Extreme,59.9,9.7,7.8,3,196,13.1,0.0,4.3,9.3,56.0,15.3,4.3,3.9,0.644,MODERATE
PX-10072,Logistics & ASC,Medium,48.1,0.1,5.3,0,147,44.9,2.2,5.8,2.4,78.0,20.8,3.8,2.9,0.12,LOW
PX-11466,Armored,Medium,47.9,0.1,5.1,3,152,41.7,3.3,6.5,3.9,73.7,16.7,3.6,2.3,0.065,LOW
PX-11090,Infantry,Low,45.8,0.0,7.4,2,193,44.7,3.0,7.2,0.6,85.9,23.6,3.8,1.1,0.02,LOW
PX-14000,Signals,High,56.0,3.0,5.8,2,187,30.8,2.0,5.1,5.8,74.1,12.0,3.0,3.3,0.359,LOW
PX-11383,Medical Corps,Medium,46.9,1.0,10.8,1,295,30.4,1.7,7.3,1.4,78.2,23.8,3.5,2.1,0.108,LOW
PX-11462,Infantry,High,57.1,5.5,6.2,1,183,34.5,3.8,6.4,4.6,70.2,17.4,3.7,3.3,0.184,LOW
PX-10063,Air Defense,Low,41.8,0.6,3.2,1,135,45.3,3.5,6.8,2.5,87.4,21.2,3.5,2.2,0.02,LOW
PX-11075,Artillery,High,53.0,7.8,6.3,6,227,28.2,1.3,5.3,6.0,78.8,15.3,2.7,4.0,0.393,MODERATE
PX-14263,Air Defense,Extreme,54.5,4.7,8.4,1,271,17.8,1.4,4.1,9.4,67.9,10.0,4.3,5.0,0.587,MODERATE
PX-13083,Air Defense,High,57.2,6.4,6.5,0,167,24.9,2.8,5.5,6.0,85.4,16.6,3.2,3.5,0.242,LOW
PX-12832,Armored,Low,36.8,0.0,3.3,1,107,51.0,1.7,7.4,2.0,71.0,26.1,3.7,1.0,0.02,LOW
PX-11007,Artillery,Extreme,59.5,6.3,8.4,1,201,17.7,0.9,4.3,7.9,65.2,18.6,4.9,4.7,0.522,MODERATE
PX-14237,Logistics & ASC,Medium,46.1,0.7,8.2,1,214,41.5,2.7,6.7,2.1,66.1,17.7,3.2,2.7,0.056,LOW
PX-11091,Signals,Low,45.0,0.0,2.6,1,266,46.6,4.0,7.6,1.6,89.8,,4.2,1.2,0.02,LOW
PX-12643,Logistics & ASC,Medium,44.3,0.0,18.0,2,365,20.2,2.5,7.3,1.0,67.0,17.8,3.2,2.3,0.137,LOW
PX-14082,Signals,Low,46.3,0.0,4.8,3,143,50.8,5.0,7.0,2.1,95.9,22.6,3.5,1.9,0.02,LOW
PX-14341,Infantry,Low,51.3,1.9,4.3,1,144,60.0,5.5,6.6,0.3,72.8,14.6,2.8,1.3,0.02,LOW
PX-14812,Armored,High,59.8,9.0,10.9,4,270,19.3,0.2,5.6,5.3,77.1,16.7,3.8,3.9,0.413,MODERATE
PX-14570,Artillery,Low,51.3,3.5,4.5,5,205,45.1,6.3,7.0,1.8,88.2,21.6,4.1,1.8,0.02,LOW
PX-12993,Combat Engineers,Extreme,60.2,9.0,9.5,6,278,14.9,1.5,4.7,10.0,84.3,11.3,3.3,4.8,0.628,MODERATE
PX-12597,Armored,High,50.2,0.0,5.8,1,173,23.0,2.0,5.3,6.5,79.9,16.1,3.2,3.8,0.361,LOW
PX-11186,Artillery,High,64.6,9.4,8.8,2,207,30.9,2.9,5.6,7.3,71.1,14.1,4.1,3.9,0.435,MODERATE
PX-10044,Air Defense,Medium,50.0,3.3,6.9,1,200,42.8,3.4,5.7,2.4,80.3,19.4,3.2,2.6,0.163,LOW
PX-10661,Logistics & ASC,Low,49.2,0.0,12.1,0,309,43.8,3.0,7.4,1.1,85.7,16.4,2.9,1.3,0.032,LOW
PX-14973,Logistics & ASC,Low,46.0,0.0,2.4,1,91,47.8,4.0,6.2,2.8,79.0,19.8,4.1,1.7,0.02,LOW
PX-13068,Signals,Low,44.0,0.0,2.5,0,125,48.3,4.3,7.5,0.5,87.6,20.5,3.9,1.8,0.02,LOW
PX-10306,Artillery,Extreme,49.4,1.5,10.4,1,248,25.5,1.1,5.2,6.8,83.1,17.7,4.5,3.8,0.388,MODERATE
PX-11248,Logistics & ASC,Medium,48.5,0.5,11.6,2,256,28.2,4.2,5.9,3.8,85.1,19.8,4.1,2.6,0.248,LOW
PX-13874,Medical Corps,Low,41.6,0.0,2.9,1,169,49.4,5.6,7.1,2.0,85.0,21.0,3.4,1.8,0.02,LOW
PX-11184,Infantry,Medium,55.1,3.5,5.5,1,149,41.8,4.9,5.1,4.1,84.6,14.9,3.8,3.0,0.178,LOW
PX-12434,Signals,Low,36.0,0.0,4.3,3,134,48.2,4.1,6.5,0.9,99.6,23.0,3.1,1.7,0.02,LOW
PX-10389,Logistics & ASC,High,56.0,6.1,7.8,2,343,31.2,0.0,7.3,3.2,69.9,21.4,3.5,3.5,0.217,LOW
PX-13427,Logistics & ASC,Low,36.0,0.0,8.0,1,217,40.0,3.3,7.6,0.9,85.5,27.0,3.8,2.0,0.02,LOW
PX-14518,Air Defense,Medium,48.5,1.6,3.7,0,134,44.5,1.8,6.2,4.0,87.4,20.9,3.3,2.0,0.085,LOW
PX-11349,Infantry,High,54.1,3.9,6.0,1,191,20.6,0.9,6.1,5.7,66.9,18.9,3.0,3.7,0.333,LOW
PX-14644,Artillery,Extreme,62.7,10.7,9.1,2,313,15.7,1.8,5.2,9.0,73.8,14.0,4.2,5.0,0.535,MODERATE
PX-12467,Combat Engineers,Medium,53.4,3.2,5.1,4,138,49.8,0.2,4.6,5.7,69.5,16.1,3.9,2.1,0.253,LOW
PX-11637,Logistics & ASC,Medium,41.1,0.0,4.0,0,125,53.9,2.1,6.3,3.1,79.7,20.3,3.7,3.0,0.049,LOW
PX-12169,Armored,Low,45.0,0.0,2.9,5,195,48.1,4.4,7.2,0.2,79.8,26.5,3.8,1.7,0.02,LOW
PX-14045,Artillery,Low,49.6,0.4,3.0,2,114,47.5,3.3,6.5,2.3,77.5,22.2,4.0,1.3,0.02,LOW
PX-11032,Armored,Low,41.2,0.0,8.0,2,196,41.4,4.2,6.4,2.5,86.8,22.9,3.6,1.5,0.02,LOW
PX-10809,Medical Corps,Medium,48.6,3.7,5.2,2,144,33.3,4.2,6.3,3.7,88.8,24.6,4.4,1.9,0.02,LOW
PX-14725,Artillery,High,64.6,10.1,11.3,1,258,15.6,0.2,5.8,8.0,71.3,11.7,3.9,3.9,0.488,MODERATE
PX-10556,Artillery,Medium,43.5,0.0,6.1,4,163,33.8,3.5,6.6,2.9,87.3,20.1,3.2,2.8,0.03,LOW
PX-10312,Infantry,Medium,48.3,0.0,4.9,0,154,34.7,1.8,7.1,0.9,94.2,20.5,3.2,3.0,0.02,LOW
PX-14124,Medical Corps,High,53.2,2.1,6.2,2,192,38.9,0.0,5.4,5.3,72.2,16.2,4.0,4.1,0.258,LOW
PX-12617,Logistics & ASC,Medium,55.3,5.9,12.1,3,263,29.4,1.7,6.8,2.6,79.6,15.8,3.8,2.7,0.203,LOW
PX-13735,Medical Corps,Low,43.3,0.0,2.8,1,133,50.0,4.1,6.0,2.9,79.2,27.0,4.0,1.0,0.02,LOW
PX-10977,Armored,Medium,43.9,1.0,5.2,1,258,37.6,3.1,6.6,2.8,84.1,24.9,4.5,1.9,0.02,LOW
PX-14832,Signals,Medium,52.7,3.5,11.2,1,281,34.1,3.5,6.9,2.9,80.1,20.1,4.8,1.9,0.102,LOW
PX-10553,Logistics & ASC,Low,48.2,0.0,2.5,2,118,44.7,2.6,7.1,2.7,94.0,20.3,3.3,1.7,0.02,LOW
PX-10021,Artillery,High,58.8,7.1,7.4,2,178,30.6,3.1,6.1,4.4,62.5,18.6,4.1,3.5,0.23,LOW
PX-11245,Artillery,Low,51.8,2.7,9.0,2,277,46.2,3.2,6.6,2.0,79.6,16.9,3.3,1.2,0.111,LOW
PX-13999,Infantry,High,61.7,9.9,5.7,2,156,21.0,0.0,5.7,8.5,82.9,,3.3,3.8,0.361,LOW
PX-12789,Artillery,Medium,51.5,6.1,8.1,0,221,37.1,4.9,7.4,2.0,73.7,18.7,2.9,2.2,0.039,LOW
PX-11544,Armored,Medium,50.3,2.1,6.9,2,189,39.5,5.2,6.8,2.7,78.5,16.7,2.8,2.1,0.039,LOW
PX-12820,Artillery,High,63.3,12.3,6.1,2,155,26.4,0.0,5.5,9.1,75.8,15.8,5.0,3.6,0.32,LOW
PX-12615,Armored,High,54.4,6.6,5.6,1,226,29.5,1.9,5.7,6.6,78.3,22.7,3.7,3.6,0.237,LOW
PX-13665,Armored,High,58.6,2.2,11.1,0,303,22.7,0.7,5.1,5.8,86.3,14.0,4.2,3.0,0.503,MODERATE
PX-13302,Artillery,Medium,50.8,2.3,8.7,0,217,31.1,2.1,6.8,1.1,90.3,13.2,3.5,1.9,0.104,LOW
PX-11226,Armored,Medium,52.0,2.3,4.2,0,165,43.1,2.7,6.2,2.6,77.8,19.9,3.1,2.8,0.138,LOW
PX-12487,Air Defense,Low,41.3,0.0,5.6,1,159,50.5,3.2,7.6,0.1,99.7,21.1,3.2,2.0,0.02,LOW
PX-14659,Infantry,High,52.1,3.1,9.9,2,263,21.6,1.2,6.0,5.4,78.7,14.9,3.7,3.6,0.32,LOW
PX-10734,Infantry,Medium,48.0,1.9,7.0,1,179,40.2,1.3,7.0,3.5,87.4,18.2,3.6,2.8,0.055,LOW
PX-10669,Armored,High,51.8,2.3,13.1,4,329,18.4,3.8,5.6,4.8,74.5,15.3,3.0,3.9,0.361,LOW
PX-11041,Signals,Low,45.2,0.0,4.8,1,132,49.2,3.6,6.9,0.0,83.1,15.8,2.5,1.0,0.02,LOW
PX-12636,Armored,Medium,48.9,1.8,3.7,3,219,37.4,3.4,6.2,3.3,75.7,21.1,4.1,2.9,0.071,LOW
PX-14065,Air Defense,High,67.2,13.4,7.5,3,187,22.7,1.3,3.9,10.0,80.8,9.9,4.3,3.2,0.608,MODERATE
PX-10361,Infantry,Low,46.6,0.3,3.2,1,103,48.1,4.9,7.2,1.9,74.3,27.4,4.6,1.4,0.02,LOW
PX-12613,Air Defense,Medium,50.2,4.7,6.0,5,248,52.9,2.9,6.8,3.0,91.0,19.6,3.7,2.2,0.063,LOW
PX-12677,Air Defense,Extreme,58.2,8.4,7.6,2,197,25.4,0.8,5.1,9.1,86.4,,4.6,4.2,0.394,MODERATE
PX-10566,Air Defense,High,53.7,2.4,7.1,4,180,34.7,1.4,5.3,5.5,75.0,15.8,4.3,3.6,0.299,LOW
PX-10165,Artillery,High,57.8,5.4,8.9,1,210,27.1,0.1,5.2,5.9,73.5,15.2,3.3,3.3,0.459,MODERATE
PX-12415,Infantry,Extreme,69.5,12.0,7.9,1,196,12.9,0.0,4.1,10.0,60.8,8.4,3.9,4.8,0.649,MODERATE
PX-13167,Infantry,Extreme,64.9,10.1,10.3,1,235,28.3,0.6,4.5,9.9,68.7,8.0,4.4,4.6,0.593,MODERATE
PX-14545,Artillery,Medium,48.2,2.2,3.9,3,175,43.3,4.6,6.2,2.7,82.1,16.9,3.6,2.4,0.02,LOW
PX-12537,Artillery,High,50.5,1.9,7.3,1,195,24.5,1.3,6.3,4.3,76.0,24.8,5.0,3.6,0.126,LOW
PX-10114,Infantry,Medium,48.3,1.9,7.3,2,291,34.2,3.9,6.6,3.0,83.2,,4.8,3.0,0.02,LOW
PX-14227,Infantry,Extreme,63.2,12.6,8.5,0,250,16.9,1.5,5.0,9.2,75.5,13.3,4.0,4.4,0.55,MODERATE
PX-10726,Infantry,High,54.1,5.3,7.2,1,214,22.4,2.2,5.7,6.2,70.9,22.3,3.8,3.2,0.335,LOW
PX-10366,Air Defense,Medium,51.6,5.5,5.4,2,203,36.7,2.7,6.2,4.5,76.5,20.3,4.8,2.8,0.095,LOW
PX-12494,Logistics & ASC,High,55.8,4.6,5.9,2,153,25.2,1.5,5.3,5.4,68.0,18.1,4.4,3.7,0.223,LOW
PX-13067,Infantry,High,53.9,7.3,6.5,3,206,26.1,2.2,5.3,5.8,87.3,13.5,3.5,3.7,0.352,LOW
PX-13586,Artillery,Low,39.2,0.0,3.3,1,108,56.7,4.7,7.7,0.5,92.3,30.0,4.2,1.9,0.02,LOW
PX-12462,Infantry,Low,49.0,0.0,3.7,2,113,48.8,4.7,6.7,1.1,83.8,20.0,2.6,1.0,0.02,LOW
PX-12845,Combat Engineers,Medium,53.8,3.8,8.3,2,246,21.3,2.2,6.7,3.3,85.3,17.1,3.0,2.0,0.204,LOW
PX-11418,Logistics & ASC,High,53.8,3.4,8.2,4,249,26.0,1.9,5.9,7.2,80.4,20.4,4.1,3.2,0.257,LOW
PX-12424,Logistics & ASC,Medium,53.4,6.0,11.2,1,249,38.6,2.8,6.6,2.9,80.6,21.0,4.7,2.4,0.117,LOW
PX-13449,Air Defense,High,56.1,5.2,10.1,2,232,37.6,2.8,5.8,4.6,64.0,10.9,3.4,3.1,0.44,MODERATE
PX-12947,Air Defense,Medium,44.9,0.0,7.5,1,230,32.8,3.6,6.4,3.2,90.1,17.7,2.3,2.9,0.12,LOW
PX-10890,Artillery,Extreme,63.5,10.4,13.2,3,288,16.6,0.3,5.7,7.6,,11.3,3.9,4.4,0.506,MODERATE
PX-14684,Medical Corps,Low,40.6,0.0,2.4,2,117,50.6,4.9,8.3,0.0,78.4,30.0,3.5,1.6,0.02,LOW
PX-11919,Medical Corps,Medium,58.8,10.7,4.3,2,171,40.7,1.7,4.5,4.6,79.3,14.8,3.2,2.3,0.367,LOW
PX-11840,Infantry,High,59.9,9.0,6.1,1,167,23.9,1.2,5.0,6.0,73.8,12.3,3.8,3.4,0.321,LOW
PX-13748,Artillery,High,46.0,0.0,12.7,2,276,22.4,2.4,5.5,4.6,83.3,14.0,4.1,3.9,0.21,LOW
PX-12556,Infantry,Medium,45.3,0.0,4.1,3,136,42.6,2.8,6.4,2.1,71.8,20.6,2.9,2.3,0.02,LOW
PX-11808,Armored,Medium,47.3,0.0,6.4,0,162,46.8,4.4,7.1,3.1,80.1,18.4,3.2,2.9,0.037,LOW
PX-11463,Artillery,Medium,38.0,0.0,8.8,1,208,37.0,3.7,7.9,0.0,72.6,26.5,3.7,3.0,0.02,LOW
PX-12721,Air Defense,Extreme,72.7,20.4,10.1,2,227,9.3,1.1,4.3,10.0,65.4,14.1,4.3,4.2,0.792,ELEVATED
PX-10344,Air Defense,Medium,45.8,0.0,18.0,4,365,11.8,1.9,6.7,1.9,75.2,21.3,4.9,2.7,0.05,LOW
PX-10557,Armored,Medium,55.9,7.8,10.7,5,333,34.1,3.8,5.8,3.3,67.4,15.3,4.1,2.9,0.342,LOW
PX-14902,Infantry,High,51.6,7.4,8.2,4,196,21.8,1.3,4.8,5.9,66.0,14.5,3.1,3.3,0.433,MODERATE
PX-13125,Infantry,High,53.8,4.8,6.4,3,181,29.5,0.4,5.1,5.8,65.6,22.0,4.2,3.3,0.327,LOW
PX-14273,Logistics & ASC,Medium,51.8,3.2,9.6,3,262,31.6,2.0,4.6,5.4,80.0,15.2,4.1,2.9,0.515,MODERATE
PX-10381,Logistics & ASC,Medium,45.9,0.0,5.3,2,178,43.5,2.1,6.6,3.2,80.8,17.4,2.5,2.2,0.054,LOW
PX-10997,Infantry,Extreme,63.7,10.7,13.9,5,328,13.9,0.0,4.7,8.2,66.8,11.0,4.0,3.9,0.68,ELEVATED
PX-12942,Air Defense,High,53.1,5.4,6.5,1,250,27.3,1.0,5.7,5.3,69.3,15.3,3.2,4.0,0.37,LOW
PX-14167,Armored,Low,48.5,2.2,3.6,1,149,46.6,5.4,7.2,1.4,75.7,26.9,4.9,1.2,0.02,LOW
PX-14479,Medical Corps,Medium,50.7,0.1,4.7,0,142,47.0,2.2,6.8,1.4,79.2,18.9,3.8,2.7,0.02,LOW
PX-13016,Medical Corps,Medium,42.3,0.0,11.6,4,296,43.2,3.5,6.1,3.2,78.4,23.4,4.4,2.4,0.169,LOW
PX-13687,Medical Corps,Low,41.3,0.0,3.1,2,141,55.0,3.6,7.3,0.4,84.2,25.2,3.7,1.1,0.02,LOW
PX-13761,Artillery,Low,45.6,0.0,2.9,1,147,47.8,3.8,7.0,1.9,92.0,22.7,3.5,1.1,0.02,LOW
PX-12395,Medical Corps,High,51.1,3.4,5.7,2,152,27.7,0.0,5.7,6.6,70.2,17.1,4.9,3.1,0.287,LOW
PX-11526,Artillery,Medium,50.5,0.4,5.1,1,151,37.4,3.5,7.0,1.7,78.7,17.6,3.7,2.3,0.02,LOW
PX-13356,Combat Engineers,High,57.3,9.7,8.0,0,252,29.3,1.2,5.0,7.3,77.9,12.8,3.7,3.1,0.514,MODERATE
PX-13480,Armored,Low,50.1,4.0,3.7,1,184,42.5,5.6,7.2,0.1,81.1,23.8,4.0,2.1,0.02,LOW
PX-13537,Combat Engineers,Extreme,65.9,13.8,7.6,1,217,22.6,0.9,5.6,9.7,69.2,12.4,3.7,4.9,0.474,MODERATE
PX-14850,Infantry,Medium,48.4,1.5,8.6,1,212,32.3,2.9,5.2,5.4,76.8,18.5,3.7,1.9,0.293,LOW
PX-12782,Combat Engineers,High,53.2,3.2,8.4,1,272,31.2,1.2,5.2,5.4,61.3,18.1,3.7,4.0,0.406,MODERATE
PX-12990,Air Defense,High,56.8,4.0,5.7,2,232,37.5,0.5,5.7,5.3,72.9,,3.9,3.7,0.268,LOW
PX-14998,Artillery,Medium,46.7,0.4,4.0,2,143,32.9,3.9,7.1,2.0,77.7,22.5,3.7,3.0,0.02,LOW
PX-13040,Artillery,Medium,44.5,0.0,9.4,2,277,34.7,2.4,6.1,3.5,78.4,20.0,4.5,2.2,0.131,LOW
PX-13903,Combat Engineers,Medium,44.5,0.9,4.0,0,191,42.8,4.3,6.1,2.9,77.5,23.7,4.6,2.2,0.02,LOW
PX-10228,Combat Engineers,Medium,49.8,0.0,10.8,1,258,37.5,3.2,7.1,2.7,71.6,20.4,3.7,2.5,0.157,LOW
PX-13732,Combat Engineers,High,61.7,10.8,5.9,1,151,36.6,3.2,4.8,9.3,,14.6,3.6,3.4,0.479,MODERATE
PX-10625,Armored,High,59.3,11.8,6.1,2,158,34.3,2.0,5.5,6.1,86.0,15.3,3.4,3.5,0.24,LOW
PX-13725,Air Defense,Extreme,60.3,7.9,8.4,2,223,19.0,0.6,5.0,7.9,74.3,16.1,4.8,5.0,0.5,MODERATE
PX-11393,Infantry,Medium,44.8,0.0,5.3,1,142,35.4,3.7,6.0,3.0,89.7,21.9,4.2,2.8,0.02,LOW
PX-10131,Logistics & ASC,Low,37.4,0.0,2.9,0,113,48.1,3.7,7.3,0.1,93.8,22.8,3.2,2.1,0.02,LOW
PX-10962,Infantry,High,41.0,0.0,5.9,2,162,30.2,1.8,5.9,5.2,59.5,22.5,4.2,4.0,0.113,LOW
PX-11864,Combat Engineers,High,57.5,5.6,16.9,5,365,16.9,2.5,5.4,5.9,79.7,9.1,3.5,4.1,0.542,MODERATE
PX-11420,Signals,Low,46.2,3.7,2.5,3,183,50.7,3.4,7.1,1.6,96.2,22.6,2.6,2.0,0.02,LOW
PX-13159,Artillery,Medium,55.4,5.9,9.7,0,249,41.4,3.1,6.0,3.3,79.5,12.2,3.3,2.5,0.211,LOW
PX-10370,Air Defense,Low,45.2,0.0,3.2,2,176,48.2,3.9,7.0,3.1,91.3,,3.6,1.2,0.02,LOW
PX-13789,Signals,High,46.8,0.0,6.2,1,161,25.7,1.9,6.6,4.0,64.6,20.3,3.6,3.5,0.127,LOW
PX-11315,Signals,Medium,50.8,3.6,4.6,1,129,50.0,4.2,6.4,3.0,84.2,17.3,3.6,1.9,0.04,LOW
PX-10363,Infantry,Extreme,66.0,14.8,8.2,3,240,34.2,1.4,4.6,9.4,70.4,,3.2,5.0,0.717,ELEVATED
PX-11429,Armored,Low,42.0,0.0,3.9,2,146,54.2,4.2,6.5,1.5,88.7,23.6,4.6,2.1,0.02,LOW
PX-12788,Logistics & ASC,Medium,49.9,5.2,6.1,2,166,42.2,3.6,6.8,2.5,75.3,18.4,3.7,2.8,0.021,LOW
PX-11216,Artillery,High,65.8,11.8,8.3,0,226,32.9,1.0,5.6,8.1,68.2,16.7,3.4,3.8,0.488,MODERATE
PX-13105,Signals,Low,38.3,0.0,3.5,1,152,53.5,3.9,7.5,0.2,73.6,23.4,4.2,1.3,0.02,LOW
PX-12051,Infantry,Medium,47.0,1.8,4.8,1,163,46.5,5.2,5.8,3.7,84.5,18.0,3.5,2.3,0.111,LOW
PX-10640,Signals,Medium,50.9,0.9,4.7,1,144,43.1,4.0,6.5,3.8,72.9,22.5,4.8,2.9,0.02,LOW
PX-12582,Infantry,Medium,48.0,0.0,9.9,1,365,16.8,4.3,6.8,3.1,77.7,21.1,3.9,2.8,0.027,LOW
PX-10117,Signals,Medium,46.5,0.0,6.1,2,157,42.1,4.2,6.9,4.2,82.8,,3.8,2.0,0.02,LOW
PX-11083,Logistics & ASC,Low,43.6,0.0,8.2,2,212,39.8,3.0,6.8,3.1,77.2,21.1,3.3,2.1,0.09,LOW
PX-12088,Signals,Low,44.6,0.5,5.1,2,147,43.4,2.7,7.8,0.0,93.2,22.1,3.2,2.2,0.02,LOW
PX-13579,Infantry,Medium,45.4,0.0,9.8,1,250,41.9,3.1,7.0,1.4,79.6,19.9,3.8,2.9,0.063,LOW
PX-12986,Infantry,Extreme,58.9,6.9,8.3,3,209,14.9,0.0,4.9,8.4,72.0,11.0,3.5,4.5,0.612,MODERATE
PX-12525,Infantry,Medium,50.0,0.9,4.4,2,148,37.9,3.0,6.2,2.3,79.7,15.0,3.9,2.0,0.118,LOW
PX-11830,Armored,Medium,49.1,0.0,3.7,2,198,44.1,2.0,6.9,2.5,83.4,27.1,4.9,2.5,0.02,LOW
PX-10549,Armored,Medium,52.7,0.5,4.6,3,147,48.3,0.8,5.8,4.3,81.1,19.4,5.0,2.6,0.089,LOW
PX-13758,Logistics & ASC,Medium,57.9,4.9,18.0,2,365,23.1,3.0,6.2,3.2,82.1,11.0,3.3,3.0,0.398,MODERATE
PX-13298,Armored,Low,43.7,0.0,2.3,2,155,54.1,5.2,6.3,1.2,96.4,23.6,5.0,1.8,0.02,LOW
PX-11490,Infantry,Medium,55.5,6.5,4.9,2,234,44.0,3.4,5.4,5.4,75.0,15.5,3.3,2.1,0.224,LOW
PX-12295,Infantry,Extreme,57.3,4.3,7.7,2,273,16.5,1.2,5.6,6.7,75.2,16.3,3.2,4.5,0.409,MODERATE
PX-13399,Signals,Medium,48.9,0.0,4.3,1,132,37.1,3.1,6.5,2.2,86.5,21.9,4.1,3.0,0.02,LOW
PX-13623,Air Defense,High,54.8,8.2,11.7,0,264,29.4,3.0,5.9,5.3,77.8,11.6,3.6,4.0,0.34,LOW
PX-13539,Artillery,Medium,53.6,2.9,9.4,1,228,22.5,3.6,5.6,4.5,90.5,21.0,4.2,2.3,0.211,LOW
PX-13271,Combat Engineers,Medium,58.4,8.6,6.9,2,297,33.7,2.4,5.6,5.2,73.4,10.2,2.7,2.4,0.354,LOW
PX-14425,Artillery,High,60.0,9.9,5.9,2,209,35.5,1.3,5.6,6.8,89.9,17.8,3.9,3.3,0.29,LOW
PX-12313,Infantry,High,54.5,6.4,6.1,2,159,27.8,1.8,6.8,4.2,81.2,19.1,4.3,3.0,0.08,LOW
PX-10624,Medical Corps,Low,40.5,0.0,3.8,3,166,51.1,3.8,6.5,1.6,73.6,21.3,3.7,1.5,0.02,LOW
PX-13017,Infantry,High,64.0,6.9,12.3,0,292,21.0,1.9,5.5,7.7,74.0,12.9,4.3,3.5,0.463,MODERATE
PX-12520,Infantry,Low,53.2,1.0,2.6,2,105,40.6,4.1,6.0,1.1,90.9,17.0,3.3,1.1,0.02,LOW
PX-11263,Medical Corps,Medium,53.3,4.4,6.3,3,161,38.9,3.6,6.9,3.5,83.7,15.6,3.3,2.2,0.02,LOW
PX-14317,Air Defense,Medium,50.1,3.6,5.7,2,169,40.1,2.7,5.8,4.7,83.5,16.8,4.2,1.9,0.154,LOW
PX-11795,Artillery,High,54.9,4.4,5.8,1,182,34.0,1.1,6.0,4.5,76.6,19.0,3.8,3.4,0.161,LOW
PX-12922,Infantry,Extreme,61.5,8.3,11.2,1,256,20.0,1.0,4.9,10.0,74.0,13.2,3.7,3.9,0.65,ELEVATED
PX-12065,Logistics & ASC,High,55.0,4.3,8.2,1,204,23.9,1.6,4.9,7.0,74.7,14.7,4.1,3.2,0.46,MODERATE
PX-14880,Infantry,Medium,50.6,4.9,4.1,1,125,40.6,0.9,6.8,2.6,80.7,22.5,3.5,2.9,0.02,LOW
PX-13152,Artillery,High,41.5,0.0,10.1,4,246,17.1,3.0,6.2,4.4,82.3,17.6,4.9,4.0,0.116,LOW
PX-12755,Air Defense,Extreme,60.6,9.5,8.5,2,275,25.1,1.8,4.9,8.5,70.5,13.6,4.3,4.4,0.47,MODERATE
PX-13804,Infantry,Extreme,54.8,6.4,12.8,2,296,8.1,1.3,4.4,9.5,62.7,15.2,3.7,4.1,0.626,MODERATE
PX-10440,Logistics & ASC,Low,43.2,0.0,5.5,3,198,56.3,4.6,7.4,0.0,86.1,20.9,2.9,1.1,0.02,LOW
PX-10230,Infantry,Extreme,61.1,7.9,8.6,3,216,13.7,0.1,5.2,8.1,73.8,12.8,3.1,3.9,0.536,MODERATE
PX-11755,Combat Engineers,Low,49.4,0.8,2.7,1,105,57.4,4.1,6.9,1.2,71.2,23.4,4.1,1.0,0.02,LOW
PX-13681,Infantry,High,67.4,13.1,6.6,1,173,24.0,0.4,5.9,6.9,78.2,,2.8,3.9,0.429,MODERATE
PX-14790,Armored,Medium,41.4,0.0,5.6,1,266,40.8,2.3,5.7,2.8,89.5,21.9,3.9,3.0,0.122,LOW
PX-10500,Signals,Low,47.2,0.0,11.3,1,251,32.4,5.9,6.9,2.2,78.8,18.7,4.5,1.6,0.066,LOW
PX-13435,Combat Engineers,Extreme,61.4,8.7,9.8,4,235,15.8,2.3,5.4,8.2,65.4,12.2,4.0,3.9,0.503,MODERATE
PX-10319,Medical Corps,Low,36.0,0.0,2.1,3,117,52.0,5.4,7.8,2.6,88.9,23.5,3.0,1.8,0.02,LOW
PX-11689,Artillery,Medium,52.3,0.7,4.0,2,120,35.3,2.4,6.9,2.9,87.9,23.4,3.6,3.0,0.02,LOW
PX-13731,Logistics & ASC,Medium,47.7,1.4,3.7,1,166,35.9,1.0,7.5,1.8,83.4,19.9,2.6,2.8,0.047,LOW
PX-13881,Logistics & ASC,High,63.5,10.6,8.7,3,242,18.4,1.1,5.3,8.5,60.4,12.0,4.6,3.6,0.556,MODERATE
PX-14247,Infantry,High,60.8,6.1,8.2,4,250,25.1,2.7,5.9,8.0,78.8,17.1,3.4,4.1,0.388,MODERATE
PX-11631,Logistics & ASC,Low,38.9,0.0,4.6,1,162,54.3,4.2,7.8,0.0,90.0,24.2,2.6,1.2,0.02,LOW
PX-10558,Combat Engineers,High,54.8,6.9,7.8,0,240,28.2,1.7,5.2,4.7,75.6,11.2,2.5,3.7,0.39,MODERATE
PX-10064,Combat Engineers,Extreme,61.0,6.8,7.2,1,271,24.9,0.6,5.2,9.4,,11.5,3.6,4.3,0.6,MODERATE
PX-14621,Logistics & ASC,Medium,47.7,0.0,4.3,1,187,44.3,4.0,6.0,5.1,,18.5,3.6,2.1,0.035,LOW
PX-12386,Medical Corps,Medium,55.8,4.1,6.9,1,196,31.8,1.9,5.0,4.9,81.4,17.5,4.3,2.2,0.345,LOW
PX-11334,Medical Corps,Medium,49.5,0.0,3.7,2,114,47.7,3.0,5.9,4.2,73.5,21.9,3.6,2.4,0.02,LOW
PX-10026,Armored,Medium,48.4,0.0,9.1,0,238,22.7,3.6,6.7,3.8,84.8,17.1,2.9,2.3,0.133,LOW
PX-13164,Combat Engineers,High,50.6,0.0,5.5,6,208,22.7,1.3,5.7,5.1,77.2,18.6,4.2,3.8,0.197,LOW
PX-11665,Logistics & ASC,Medium,49.2,0.0,4.9,0,134,46.2,1.6,6.2,3.2,,21.0,3.3,2.3,0.037,LOW
PX-12338,Combat Engineers,Medium,49.4,0.0,5.5,4,200,48.9,3.1,5.9,5.0,70.9,17.5,3.6,2.7,0.179,LOW
PX-12923,Signals,Medium,44.4,0.0,8.0,2,208,34.5,2.8,6.1,2.7,72.9,20.4,4.7,2.0,0.104,LOW
PX-10006,Air Defense,High,57.8,9.1,7.6,3,216,19.7,0.3,5.5,6.0,74.8,16.7,3.1,3.2,0.444,MODERATE
PX-12940,Medical Corps,Low,40.6,0.0,2.1,0,96,52.5,5.0,6.9,1.3,87.2,,3.0,1.2,0.02,LOW
PX-11963,Infantry,High,53.6,0.0,9.1,1,272,14.6,1.9,4.9,6.7,70.6,16.3,4.3,3.8,0.411,MODERATE
PX-12418,Infantry,High,51.5,3.2,6.6,2,197,33.2,2.3,6.3,5.5,72.3,18.5,3.3,4.1,0.267,LOW
PX-12793,Medical Corps,Medium,54.9,5.7,4.2,1,154,42.9,2.1,5.6,4.3,82.8,17.6,3.6,2.8,0.219,LOW
PX-14747,Combat Engineers,Extreme,65.9,11.1,15.5,1,355,14.0,0.0,3.8,10.0,71.1,6.1,3.7,5.0,0.89,ELEVATED
PX-12312,Artillery,Medium,46.1,0.9,4.6,3,128,52.7,4.2,6.2,2.7,77.7,25.0,4.1,1.9,0.02,LOW
PX-12267,Armored,High,55.6,8.8,7.2,1,212,33.1,2.2,5.0,6.4,74.8,16.0,3.8,3.3,0.366,LOW
PX-14865,Infantry,High,59.5,9.9,15.8,5,365,14.4,1.6,5.4,5.9,82.4,14.2,3.5,4.1,0.609,MODERATE
PX-12381,Infantry,High,53.8,3.0,5.9,0,197,23.5,1.9,4.7,7.2,70.7,20.8,3.4,3.9,0.407,MODERATE
PX-12130,Infantry,High,52.6,4.8,6.0,1,195,36.2,1.5,5.4,6.6,83.8,19.3,3.6,4.0,0.355,LOW
PX-12840,Air Defense,Extreme,62.9,12.2,7.3,2,179,28.8,0.8,4.2,10.0,71.1,9.3,3.2,4.4,0.735,ELEVATED
PX-11162,Air Defense,Medium,53.1,3.5,4.0,1,130,39.8,2.5,6.2,2.6,81.4,20.7,3.8,2.7,0.02,LOW
PX-13184,Infantry,High,59.3,12.1,8.7,3,213,26.8,1.0,5.3,6.8,71.1,,3.7,3.0,0.46,MODERATE
PX-11668,Infantry,Medium,48.8,0.0,4.0,3,120,40.7,3.2,7.7,2.0,90.9,,4.7,2.1,0.02,LOW
PX-13145,Combat Engineers,High,59.6,8.0,6.2,2,191,33.9,0.9,5.3,6.9,66.8,21.7,4.1,3.2,0.352,LOW
PX-14617,Combat Engineers,Low,49.7,1.2,3.3,2,108,50.4,3.1,6.5,2.4,77.0,17.5,2.3,1.4,0.02,LOW
PX-13580,Air Defense,High,45.9,0.0,7.1,0,187,32.1,0.0,5.5,6.8,85.3,21.8,4.4,4.1,0.295,LOW
PX-14918,Logistics & ASC,Low,43.0,0.0,6.1,2,223,50.1,4.8,7.1,0.1,73.3,24.6,2.7,2.1,0.02,LOW
PX-10632,Infantry,High,51.3,0.3,9.5,1,241,26.4,1.1,5.7,6.8,72.2,18.2,3.4,3.0,0.4,MODERATE
PX-13073,Signals,Medium,50.3,0.0,3.6,1,178,51.7,3.8,7.4,1.4,77.7,24.1,3.5,2.7,0.02,LOW
PX-11265,Air Defense,High,52.9,2.9,7.0,2,193,27.6,1.9,6.3,3.9,76.5,19.1,4.3,3.5,0.133,LOW
PX-10175,Infantry,Low,45.4,0.0,5.6,1,172,52.2,4.7,7.8,0.0,78.9,25.0,3.3,2.2,0.02,LOW
PX-14496,Armored,Low,41.2,0.0,2.2,0,117,52.0,3.3,6.1,2.7,73.8,20.1,3.1,1.8,0.02,LOW
PX-11826,Armored,Low,38.5,0.0,3.3,0,124,43.6,3.9,6.0,1.5,87.1,19.2,3.7,1.5,0.02,LOW
PX-12681,Logistics & ASC,Medium,45.0,0.0,4.3,1,164,39.4,3.7,7.4,2.2,83.6,23.1,3.9,3.0,0.02,LOW
PX-10753,Armored,High,58.5,6.1,8.9,3,267,29.3,1.8,5.6,4.6,82.7,14.3,3.8,3.3,0.37,LOW
PX-10259,Combat Engineers,Medium,45.8,0.0,9.4,1,230,29.6,3.4,6.0,4.2,82.2,19.2,4.1,2.9,0.174,LOW
PX-12184,Combat Engineers,Low,43.1,0.0,6.6,2,168,43.3,4.9,7.2,2.0,78.3,23.1,3.6,1.3,0.02,LOW
PX-12248,Artillery,High,47.7,2.3,7.3,0,229,29.1,2.4,5.8,6.4,71.9,16.9,4.3,4.1,0.22,LOW
PX-13727,Infantry,High,59.2,6.6,5.7,3,171,41.0,3.0,4.5,6.6,66.4,13.1,3.5,4.1,0.524,MODERATE
PX-11909,Logistics & ASC,Medium,45.2,1.6,9.2,4,215,39.7,3.5,6.1,3.6,100.0,18.7,3.5,2.9,0.114,LOW
PX-11761,Infantry,High,58.5,9.0,11.1,1,278,19.8,2.3,5.5,5.6,85.3,9.2,3.1,3.0,0.435,MODERATE
PX-12019,Artillery,High,59.2,8.6,6.0,3,176,30.1,3.0,5.4,6.2,70.6,14.3,3.3,3.0,0.383,MODERATE
PX-14538,Infantry,High,61.1,7.2,5.5,2,151,32.4,2.2,5.3,7.2,69.2,15.0,4.3,4.0,0.389,MODERATE
PX-10610,Combat Engineers,Low,37.2,0.0,10.1,0,283,36.6,3.6,6.9,0.6,87.4,21.9,3.6,1.3,0.02,LOW
PX-10785,Artillery,High,55.0,7.1,8.9,3,206,28.0,0.1,6.3,5.0,79.9,16.0,3.9,4.0,0.277,LOW
PX-14745,Infantry,Extreme,58.4,8.4,7.3,0,310,21.3,0.0,4.3,8.1,58.7,12.1,3.0,4.3,0.715,ELEVATED
PX-13046,Armored,High,58.6,5.5,5.7,1,206,29.7,0.8,6.6,5.3,68.0,16.4,4.0,3.2,0.249,LOW
PX-13172,Signals,Medium,48.1,2.0,7.3,1,178,42.2,3.9,6.1,4.3,75.4,14.7,2.5,3.0,0.238,LOW
PX-10231,Armored,Extreme,62.9,12.3,7.8,3,186,13.6,0.5,4.1,10.0,76.5,13.7,3.6,4.4,0.634,MODERATE
PX-12368,Artillery,Extreme,64.9,14.8,9.1,1,284,17.7,0.6,4.7,10.0,74.6,13.2,3.8,4.9,0.574,MODERATE
PX-14091,Air Defense,High,58.2,7.0,6.1,2,163,29.6,1.8,4.4,8.0,86.9,14.9,4.1,3.9,0.44,MODERATE
PX-12683,Combat Engineers,Extreme,61.1,7.3,11.8,4,351,12.5,0.1,4.3,10.0,81.1,7.0,3.6,3.9,0.822,ELEVATED
PX-12670,Combat Engineers,Extreme,69.6,14.2,8.6,1,209,20.9,0.0,5.4,9.4,74.9,10.6,3.6,4.7,0.583,MODERATE
PX-11798,Combat Engineers,High,57.1,5.9,7.5,4,225,35.4,1.8,5.8,4.3,70.9,16.3,4.3,3.3,0.252,LOW
PX-10295,Logistics & ASC,Medium,44.9,0.0,4.6,1,143,40.2,2.8,6.4,3.1,77.6,29.7,4.5,2.7,0.02,LOW
PX-14933,Artillery,Medium,54.4,5.8,11.0,2,355,31.9,3.2,4.5,5.0,63.5,13.7,4.4,1.9,0.515,MODERATE
PX-14164,Combat Engineers,High,59.9,10.7,6.1,4,156,29.8,1.7,5.4,6.4,58.5,15.1,3.6,3.4,0.371,LOW
PX-13150,Infantry,High,52.5,1.9,6.9,2,180,20.8,2.5,6.1,5.8,68.6,17.9,5.0,3.8,0.181,LOW
PX-12831,Armored,High,65.2,13.9,5.6,3,152,35.9,3.1,5.8,6.7,84.5,11.7,3.2,4.1,0.327,LOW
PX-12711,Infantry,Extreme,64.2,8.1,12.0,0,280,9.5,0.4,3.6,10.0,65.9,7.7,3.5,4.7,0.847,ELEVATED
PX-11408,Logistics & ASC,Medium,52.6,5.3,5.0,0,162,33.7,3.8,6.6,3.4,86.4,16.5,2.8,2.4,0.066,LOW
PX-12916,Infantry,Extreme,54.1,5.8,14.6,4,323,9.9,0.4,5.7,6.9,81.4,18.4,4.7,4.8,0.379,LOW
PX-10093,Artillery,Medium,49.8,1.3,5.0,5,163,41.1,1.6,4.7,6.3,78.9,17.3,3.9,2.7,0.268,LOW
PX-13897,Armored,Medium,47.5,0.0,4.2,0,127,53.7,1.9,6.9,2.5,94.3,17.5,3.3,2.6,0.02,LOW
PX-12472,Signals,Medium,56.2,5.3,8.7,1,276,33.6,2.6,7.3,1.5,91.4,20.1,4.5,2.7,0.051,LOW
PX-11822,Combat Engineers,High,61.8,9.6,7.7,1,218,21.3,1.0,4.2,8.2,82.3,13.0,3.7,3.7,0.59,MODERATE
PX-10034,Armored,High,47.2,0.4,8.3,6,259,21.1,2.4,4.6,,68.1,14.8,3.8,3.0,0.449,MODERATE
PX-10162,Infantry,Medium,52.6,6.5,7.2,2,222,31.8,2.8,6.1,4.3,72.0,16.2,3.9,2.5,0.231,LOW
PX-12103,Logistics & ASC,Low,52.2,0.0,5.8,1,168,54.7,4.8,7.4,0.7,87.6,17.4,3.5,1.7,0.02,LOW
PX-11219,Infantry,High,58.0,3.7,9.3,2,230,37.7,1.1,5.7,5.7,78.4,13.7,3.1,3.6,0.42,MODERATE
PX-13749,Infantry,High,60.9,8.2,5.6,1,200,30.1,2.3,5.7,7.1,78.0,14.8,4.0,3.3,0.315,LOW
PX-10347,Artillery,High,60.7,9.7,6.4,3,195,33.2,1.7,4.8,8.5,76.9,12.8,3.8,3.2,0.467,MODERATE
PX-13591,Artillery,Low,55.1,3.4,4.1,0,118,45.8,2.1,6.6,1.5,86.5,16.6,4.1,1.1,0.02,LOW
PX-10090,Infantry,High,57.7,6.5,8.8,0,242,28.3,0.5,4.2,7.3,82.7,17.0,4.7,3.9,0.555,MODERATE
PX-14825,Armored,Low,45.1,0.0,4.4,0,139,46.4,4.2,7.9,0.9,96.0,20.4,3.3,1.2,0.02,LOW
PX-10186,Artillery,Low,52.7,3.0,2.5,0,95,46.4,4.6,7.6,1.1,83.5,27.5,4.7,1.2,0.02,LOW
PX-14134,Armored,Low,36.0,0.0,6.4,1,174,44.2,4.1,7.2,1.4,71.7,27.4,4.2,2.0,0.02,LOW
PX-14499,Air Defense,Medium,52.3,7.2,3.9,5,124,38.3,2.3,6.5,2.3,80.1,19.7,3.9,2.9,0.052,LOW
PX-12201,Logistics & ASC,Low,45.2,0.6,5.5,2,180,52.1,4.1,6.7,0.8,83.2,24.0,4.6,1.5,0.02,LOW
PX-11021,Signals,High,60.4,5.7,9.5,4,221,22.4,2.7,5.2,7.8,75.7,12.1,3.8,3.4,0.419,MODERATE
PX-11227,Armored,Medium,57.6,9.6,13.0,2,319,34.2,2.8,5.0,4.9,93.9,15.9,4.2,2.6,0.39,MODERATE
PX-13592,Air Defense,Extreme,53.5,1.2,11.1,1,358,15.3,1.4,5.0,8.1,70.4,12.4,4.4,5.0,0.549,MODERATE
PX-12456,Combat Engineers,High,46.3,0.0,6.2,2,164,28.9,1.4,6.4,4.4,80.7,20.6,4.1,3.0,0.092,LOW
PX-14640,Infantry,High,56.3,3.4,11.1,3,246,28.8,1.8,5.5,5.5,80.6,12.5,3.3,3.1,0.39,MODERATE
PX-10870,Signals,Medium,56.4,5.9,5.0,1,244,59.4,1.7,6.6,2.6,73.1,18.8,3.8,2.3,0.116,LOW
PX-12583,Infantry,Extreme,55.6,7.8,10.7,2,264,12.4,0.0,4.7,9.1,77.4,10.4,4.4,4.5,0.686,ELEVATED
PX-13549,Logistics & ASC,Medium,42.9,0.0,4.9,3,168,39.7,3.0,6.9,2.8,,20.4,3.2,2.9,0.02,LOW
PX-13051,Infantry,Extreme,54.2,3.5,7.8,2,193,24.8,0.2,5.2,6.2,,15.9,4.4,5.0,0.384,MODERATE
PX-12873,Infantry,Low,47.7,0.0,7.5,3,207,46.3,3.6,7.0,2.7,97.7,20.1,3.9,1.4,0.02,LOW
PX-12869,Infantry,High,46.8,0.0,8.0,0,226,22.0,2.7,4.4,6.1,69.8,12.9,3.8,3.8,0.46,MODERATE
PX-13718,Logistics & ASC,Medium,55.5,2.9,4.1,1,223,35.5,4.2,5.1,4.0,83.7,14.6,3.4,2.7,0.219,LOW
PX-10716,Combat Engineers,Extreme,70.6,17.3,8.2,2,193,17.7,0.4,4.5,10.0,79.0,,3.1,4.1,0.696,ELEVATED
PX-14125,Infantry,Extreme,68.4,15.5,8.5,2,219,15.2,0.1,5.8,7.4,64.5,16.0,3.8,4.2,0.511,MODERATE
PX-12113,Combat Engineers,High,62.4,9.1,6.2,1,183,48.0,2.7,5.9,6.4,82.7,15.0,3.5,3.0,0.375,LOW
PX-11156,Infantry,High,59.8,6.7,16.7,2,361,17.3,3.2,6.2,5.2,70.1,12.4,3.8,4.0,0.404,MODERATE
PX-11767,Infantry,High,57.1,3.6,6.0,4,155,18.9,0.0,4.6,6.8,69.2,12.9,3.6,3.6,0.52,MODERATE
PX-13879,Armored,Medium,41.8,0.0,4.1,3,151,34.6,4.2,7.1,2.4,80.4,24.1,4.1,2.0,0.02,LOW
PX-12663,Infantry,Extreme,66.3,11.5,8.3,2,215,17.6,0.3,4.3,10.0,73.8,16.8,5.0,4.8,0.543,MODERATE
PX-11333,Medical Corps,Medium,46.3,0.0,8.9,5,290,35.6,1.7,7.6,,80.2,23.6,3.6,2.2,0.056,LOW
PX-12311,Infantry,Medium,47.6,0.0,10.6,1,244,28.2,2.0,6.6,2.5,70.6,19.1,4.6,2.9,0.125,LOW
PX-13406,Armored,Medium,44.4,0.0,5.0,2,170,45.4,1.4,6.0,4.6,,20.0,3.6,3.0,0.186,LOW
PX-13314,Artillery,Medium,58.9,8.9,8.8,0,211,45.7,1.9,5.5,5.9,77.0,10.5,2.3,2.0,0.46,MODERATE
PX-10311,Armored,Medium,41.6,0.0,3.7,2,143,47.8,3.9,6.2,3.3,57.3,22.2,3.1,1.9,0.054,LOW
PX-10573,Air Defense,Extreme,70.0,12.5,11.1,3,264,20.2,0.0,5.2,9.0,68.1,8.5,3.6,4.9,0.776,ELEVATED
PX-12252,Artillery,Extreme,61.9,13.6,10.5,4,241,8.1,1.1,5.6,10.0,74.8,14.6,3.6,4.9,0.545,MODERATE
PX-10232,Medical Corps,Medium,53.9,6.1,8.9,1,235,34.2,2.5,5.3,4.9,75.0,8.7,3.1,1.8,0.4,MODERATE
PX-14674,Signals,Medium,56.1,8.2,8.5,3,219,24.5,2.3,5.5,3.5,76.8,15.1,4.0,2.2,0.317,LOW
PX-12551,Armored,High,54.8,4.5,7.6,1,195,31.2,0.0,5.2,6.4,69.7,19.0,4.6,3.8,0.345,LOW
PX-10015,Infantry,Medium,58.8,9.5,4.1,0,122,44.0,3.1,5.8,3.9,80.4,21.0,4.7,2.2,0.137,LOW
PX-13380,Artillery,Medium,58.0,12.1,3.6,2,120,50.9,2.1,6.3,2.2,79.9,16.8,3.3,2.5,0.094,LOW
PX-10332,Signals,Low,38.9,0.0,3.1,2,128,47.9,4.5,7.1,1.0,90.9,25.5,3.6,2.0,0.02,LOW
PX-11575,Infantry,High,58.5,5.9,8.5,4,273,24.1,0.7,5.0,5.2,72.0,10.1,4.5,3.4,0.454,MODERATE
PX-10808,Armored,Low,46.6,1.6,2.3,2,187,47.0,4.6,8.1,0.3,97.6,26.6,3.9,2.1,0.02,LOW
PX-13590,Air Defense,High,55.4,0.8,9.7,2,222,28.7,1.1,5.8,4.3,79.1,16.5,3.6,3.6,0.312,LOW
PX-12637,Infantry,Extreme,61.9,11.9,7.0,1,187,21.8,0.0,5.5,9.2,72.9,14.6,4.7,4.4,0.436,MODERATE
PX-12888,Infantry,High,51.7,4.5,7.1,1,196,27.5,1.4,5.4,5.6,79.9,19.8,4.2,3.4,0.3,LOW
PX-12836,Signals,Low,44.9,0.0,2.1,1,144,43.1,3.8,6.6,1.7,79.5,16.7,2.6,1.5,0.02,LOW
PX-13765,Air Defense,Medium,46.8,0.0,5.9,0,151,33.6,3.2,6.4,4.6,74.7,19.4,3.9,2.3,0.057,LOW
PX-10144,Armored,Medium,51.6,4.5,7.4,3,198,39.6,3.4,5.9,2.9,90.2,17.1,3.2,2.1,0.143,LOW
PX-10542,Air Defense,High,53.3,4.5,9.8,2,269,21.6,4.1,5.6,6.0,72.0,22.3,4.6,3.8,0.258,LOW
PX-14311,Air Defense,High,61.7,9.0,6.1,3,190,27.6,0.0,4.7,9.5,84.9,16.6,3.7,3.2,0.518,MODERATE
PX-13252,Artillery,High,59.4,8.6,7.5,3,207,32.0,2.0,5.5,7.3,84.1,16.9,3.5,3.3,0.414,MODERATE
PX-14770,Signals,Medium,44.6,0.0,5.1,1,139,38.8,3.4,6.4,3.0,89.8,17.5,4.0,2.9,0.02,LOW
PX-14920,Artillery,Medium,56.5,4.3,3.6,1,110,50.3,4.0,7.2,2.1,95.8,21.6,3.7,2.3,0.02,LOW
PX-14950,Infantry,Low,46.8,0.0,3.6,2,146,56.8,3.8,6.5,2.1,72.8,24.4,3.5,1.9,0.02,LOW
PX-11931,Combat Engineers,High,53.6,3.1,14.0,1,358,24.3,2.3,6.6,4.8,89.6,21.9,3.8,3.0,0.284,LOW
PX-14267,Air Defense,Extreme,54.8,9.1,7.1,2,190,16.6,0.2,5.8,7.6,79.9,17.2,3.1,4.2,0.446,MODERATE
PX-10203,Infantry,High,55.8,4.2,16.3,1,339,24.7,0.4,4.9,7.3,69.7,13.2,4.3,3.5,0.666,ELEVATED
PX-13495,Air Defense,High,55.6,6.4,10.4,0,265,24.8,2.4,6.6,4.0,94.3,17.9,3.1,3.6,0.209,LOW
PX-12747,Infantry,High,55.5,5.4,6.4,3,179,27.8,2.6,4.1,8.5,78.2,14.9,3.7,3.6,0.488,MODERATE
PX-12160,Armored,High,51.7,3.7,6.7,1,174,26.7,1.4,5.7,4.9,76.1,18.2,4.3,4.1,0.223,LOW
PX-11739,Air Defense,Medium,46.4,0.0,3.6,3,141,52.4,2.6,6.3,,77.1,20.9,3.6,2.0,0.02,LOW
PX-14086,Combat Engineers,Medium,49.9,0.0,5.9,3,187,43.0,3.2,6.8,2.2,80.6,18.1,3.2,2.7,0.02,LOW
PX-13207,Infantry,Medium,51.2,0.0,7.3,0,200,42.0,3.1,7.0,1.2,78.4,21.4,3.8,2.2,0.02,LOW
PX-12680,Air Defense,Extreme,55.6,5.4,9.2,1,246,21.7,1.6,5.4,6.6,57.4,12.7,3.7,4.8,0.506,MODERATE
PX-10032,Artillery,Low,37.3,0.0,3.2,0,114,60.0,4.6,6.2,2.3,73.2,25.5,4.5,1.4,0.02,LOW
PX-10468,Infantry,High,62.6,10.2,6.6,2,188,34.2,2.1,5.3,7.8,62.1,16.3,3.7,3.0,0.475,MODERATE
PX-12956,Infantry,High,65.9,14.4,6.5,1,166,30.8,0.7,5.5,7.6,75.7,11.5,3.2,3.9,0.423,MODERATE
PX-14907,Infantry,Extreme,63.9,10.9,7.2,2,182,18.7,1.2,4.9,9.1,68.2,15.9,4.8,3.8,0.464,MODERATE
PX-14921,Infantry,High,50.5,0.8,14.5,1,318,5.6,1.9,5.9,5.3,75.0,18.5,3.9,3.2,0.327,LOW
PX-13138,Air Defense,High,60.2,4.0,5.8,1,179,34.4,1.8,5.4,7.6,79.6,16.2,3.9,4.1,0.353,LOW
PX-13955,Combat Engineers,High,56.5,5.5,11.9,3,323,18.7,1.8,5.8,5.4,75.3,17.0,4.9,4.0,0.304,LOW
PX-14416,Combat Engineers,High,64.6,11.2,6.9,4,186,27.4,0.0,4.6,9.0,89.7,13.7,4.9,4.2,0.551,MODERATE
PX-10458,Air Defense,Medium,43.1,0.0,6.6,2,165,47.1,3.3,6.6,3.0,75.1,,3.7,2.1,0.02,LOW
PX-13101,Infantry,Medium,49.4,1.2,18.0,3,365,31.1,4.1,6.2,4.2,89.0,16.3,3.6,1.9,0.205,LOW
PX-14549,Artillery,Low,36.1,0.0,2.3,0,91,57.2,3.5,6.7,2.6,76.9,22.6,3.7,2.2,0.02,LOW
PX-12411,Medical Corps,Medium,39.7,0.0,4.7,4,160,43.5,3.9,6.7,1.4,84.1,28.1,4.5,2.0,0.02,LOW
PX-11514,Logistics & ASC,Low,39.1,0.0,2.0,1,114,57.8,3.5,8.0,0.3,90.6,25.2,3.4,1.5,0.02,LOW
PX-13819,Logistics & ASC,High,52.7,5.1,15.1,2,319,18.3,2.3,5.5,6.8,87.1,14.9,3.6,3.7,0.494,MODERATE
PX-12461,Signals,Medium,47.3,0.0,6.3,0,182,45.4,3.6,6.5,4.7,81.9,21.4,4.3,2.9,0.081,LOW
PX-12243,Artillery,High,55.5,7.3,7.7,1,235,28.0,1.6,6.3,4.6,81.8,18.9,4.1,3.0,0.147,LOW
PX-11560,Medical Corps,Medium,46.1,0.6,4.1,3,249,46.5,3.4,7.0,,79.1,21.7,4.2,2.9,0.02,LOW
PX-11671,Combat Engineers,Medium,51.8,3.5,4.4,3,152,38.8,1.9,5.7,4.0,76.9,19.7,3.8,2.5,0.108,LOW
PX-11966,Signals,Medium,61.8,10.9,4.6,0,164,49.8,1.7,5.5,5.5,84.2,18.9,4.4,2.4,0.181,LOW
PX-11943,Infantry,High,68.2,12.3,15.4,3,365,14.9,0.5,4.3,8.8,74.6,12.0,3.7,3.8,0.836,ELEVATED
PX-14260,Medical Corps,Extreme,62.9,9.8,8.6,5,212,28.0,0.6,4.0,10.0,68.6,7.7,3.2,4.4,0.792,ELEVATED
PX-13606,Infantry,Medium,39.8,0.0,4.2,0,120,45.3,3.8,6.8,2.0,66.3,23.6,3.8,2.3,0.02,LOW
PX-10859,Armored,Medium,43.4,0.0,4.1,3,191,40.4,2.9,7.2,2.5,88.6,21.8,4.5,2.2,0.02,LOW
PX-12010,Infantry,Low,50.4,2.0,6.4,0,170,39.9,2.2,5.9,1.9,76.1,18.5,3.2,1.8,0.093,LOW
PX-12944,Artillery,High,68.2,13.0,7.1,2,250,28.2,1.5,3.7,9.3,77.4,6.4,3.2,4.0,0.709,ELEVATED
PX-11128,Signals,Medium,48.1,0.0,4.7,0,141,45.1,2.7,6.4,,85.7,20.2,3.8,2.1,0.02,LOW
PX-10193,Air Defense,High,59.9,11.8,6.0,3,158,29.7,0.4,5.4,6.7,81.0,17.8,3.8,3.1,0.326,LOW
PX-10264,Logistics & ASC,Medium,59.8,7.0,9.9,3,228,37.4,3.3,4.4,5.4,73.1,12.8,3.9,2.5,0.492,MODERATE
PX-11893,Infantry,Medium,47.4,0.0,12.1,4,312,25.4,3.0,5.6,3.2,81.7,21.5,5.0,2.0,0.118,LOW
PX-12652,Air Defense,High,58.8,7.8,10.5,4,251,27.8,2.5,5.6,6.0,85.1,13.0,3.9,3.2,0.382,MODERATE
PX-13647,Artillery,Medium,44.1,0.0,3.7,0,128,47.5,2.7,7.9,0.5,83.0,28.3,4.4,2.8,0.02,LOW
PX-12914,Armored,Extreme,62.1,8.2,8.4,6,255,12.6,2.3,4.5,9.8,64.0,12.7,4.3,4.1,0.567,MODERATE
PX-13297,Armored,Medium,58.8,9.9,3.8,1,128,42.8,3.5,6.2,3.5,74.4,14.4,4.2,2.4,0.12,LOW
PX-12639,Infantry,High,53.1,4.4,8.9,2,238,26.0,0.2,5.0,6.2,75.6,13.9,3.7,3.8,0.414,MODERATE
PX-11411,Medical Corps,Medium,47.8,0.0,5.8,1,153,42.4,1.7,6.7,4.1,78.9,18.1,2.6,2.5,0.059,LOW
PX-12333,Infantry,High,50.0,1.4,6.8,3,181,12.1,1.3,5.8,4.8,69.5,21.2,4.7,3.8,0.228,LOW
PX-14323,Infantry,High,54.4,5.3,5.6,0,182,35.4,1.9,4.7,6.1,75.8,11.1,2.9,3.9,0.439,MODERATE
PX-14942,Combat Engineers,Extreme,59.2,9.2,7.5,6,240,17.5,0.9,4.6,8.2,51.2,13.1,4.1,4.3,0.491,MODERATE
PX-10719,Medical Corps,Low,50.9,5.0,4.7,0,132,51.6,3.6,7.0,0.1,78.0,20.7,3.5,1.6,0.02,LOW
PX-14085,Logistics & ASC,Low,46.0,0.0,10.8,0,240,34.0,4.7,7.3,1.0,77.9,21.6,3.7,1.5,0.02,LOW
PX-11198,Artillery,Medium,44.4,1.0,3.9,1,125,43.0,1.5,6.8,2.7,63.1,20.8,3.6,2.6,0.02,LOW
PX-11080,Infantry,Medium,55.8,6.8,5.1,0,164,37.0,1.2,5.8,4.9,80.7,20.9,3.6,2.1,0.149,LOW
PX-13048,Logistics & ASC,Medium,46.1,0.0,8.1,2,212,25.4,3.5,6.2,3.3,84.9,18.1,3.0,2.6,0.157,LOW
PX-14778,Artillery,High,57.6,11.1,5.6,4,148,29.4,1.6,5.7,5.9,76.6,14.9,3.4,3.9,0.198,LOW
PX-12293,Artillery,Low,49.9,0.6,2.7,1,105,55.6,2.3,7.2,1.6,91.2,15.7,2.3,1.7,0.02,LOW
PX-12455,Combat Engineers,High,56.0,8.3,5.9,1,159,23.1,0.6,6.7,3.3,87.0,18.9,3.5,3.1,0.117,LOW
PX-13744,Infantry,High,56.9,9.5,6.7,2,176,29.3,3.2,4.4,7.6,77.3,15.4,3.9,3.8,0.429,MODERATE
PX-13633,Armored,High,58.7,9.2,8.7,2,211,19.2,0.0,5.9,4.7,67.5,17.3,3.1,3.8,0.389,MODERATE
PX-13391,Signals,Medium,45.9,0.0,10.3,1,230,41.4,4.6,7.1,2.3,90.3,17.4,3.0,2.1,0.068,LOW
PX-13968,Armored,Extreme,57.5,7.6,8.5,0,295,16.6,0.0,4.8,6.7,72.3,11.6,2.8,4.9,0.613,MODERATE
PX-10686,Armored,Low,41.4,0.0,2.3,2,95,45.7,4.7,7.5,1.0,85.3,23.1,3.2,1.8,0.02,LOW
PX-14336,Infantry,High,47.9,0.0,7.6,3,190,30.1,2.5,6.1,6.2,75.6,21.6,4.1,3.8,0.272,LOW
PX-11970,Artillery,High,57.8,9.3,6.2,2,166,38.7,2.3,5.3,7.3,63.3,12.2,3.5,3.0,0.397,MODERATE
PX-13321,Armored,High,59.2,7.4,7.5,1,269,35.2,0.0,5.5,5.8,,17.4,3.4,3.3,0.412,MODERATE
PX-11974,Infantry,High,58.4,7.2,7.9,0,192,22.0,2.5,4.5,7.7,66.7,11.6,3.0,4.0,0.488,MODERATE
PX-13511,Signals,Medium,46.7,0.0,3.8,3,119,44.5,2.7,6.6,1.0,69.4,20.2,4.0,2.0,0.02,LOW
PX-11528,Infantry,High,52.6,1.4,11.0,4,264,14.5,2.6,5.0,5.0,61.5,12.5,3.7,3.1,0.423,MODERATE
PX-11846,Artillery,Medium,49.9,1.0,5.7,0,179,51.6,3.7,6.3,2.0,82.8,14.4,3.0,3.0,0.073,LOW
PX-12704,Signals,Medium,53.3,3.8,5.7,2,150,37.0,3.4,5.9,3.8,88.2,14.0,3.7,2.5,0.168,LOW
PX-13471,Armored,High,54.9,5.8,5.9,2,226,29.5,2.0,6.5,5.1,71.1,15.3,3.9,3.2,0.201,LOW
PX-11003,Infantry,Medium,56.9,5.5,4.7,1,187,45.0,1.7,5.8,2.9,74.4,16.3,3.2,2.0,0.19,LOW
PX-13767,Artillery,Extreme,65.8,15.4,8.8,3,231,16.7,0.0,4.2,9.2,82.6,7.7,3.7,5.0,0.73,ELEVATED
PX-13780,Infantry,High,55.4,4.0,5.7,2,173,19.7,1.1,6.6,5.0,78.3,19.8,3.9,3.5,0.204,LOW
PX-14129,Logistics & ASC,Medium,45.3,0.0,8.1,1,194,38.5,3.6,6.3,4.1,,22.7,4.4,2.1,0.02,LOW
PX-11956,Combat Engineers,Medium,36.6,0.0,4.0,1,140,36.4,4.0,6.3,3.2,78.9,26.1,3.6,2.9,0.02,LOW
PX-10749,Logistics & ASC,Extreme,56.1,3.2,10.5,0,315,18.4,0.7,4.9,7.7,74.3,11.4,4.1,4.1,0.531,MODERATE
PX-12500,Infantry,High,57.1,6.0,5.5,1,235,42.2,2.0,5.1,6.2,76.9,23.8,4.0,3.3,0.395,MODERATE
PX-10761,Infantry,Extreme,67.6,14.7,7.1,2,201,11.9,0.8,5.6,9.8,77.6,13.6,4.9,3.8,0.51,MODERATE
PX-13295,Medical Corps,Medium,45.4,0.0,5.3,3,171,29.8,2.7,5.1,3.8,92.4,16.4,3.8,2.3,0.121,LOW
PX-13397,Infantry,Extreme,60.7,6.6,11.2,2,271,15.3,0.0,4.9,10.0,75.3,13.9,4.0,4.1,0.644,MODERATE
PX-11279,Combat Engineers,Low,49.5,2.7,4.4,2,184,49.4,2.6,6.8,0.9,92.7,22.6,3.4,2.1,0.02,LOW
PX-11068,Infantry,Medium,53.4,6.7,4.4,1,162,44.1,1.6,6.4,3.0,75.5,13.7,3.1,2.6,0.102,LOW
PX-10966,Medical Corps,Medium,44.5,0.0,6.5,3,249,33.7,0.6,7.1,1.9,79.1,23.1,3.7,2.9,0.097,LOW
PX-14495,Artillery,Medium,54.9,6.4,4.3,1,216,36.7,2.5,6.2,3.4,80.3,16.5,2.8,2.3,0.207,LOW
PX-10457,Armored,High,56.7,4.4,6.3,3,182,38.9,1.9,5.8,5.5,68.7,16.3,4.1,4.0,0.254,LOW
PX-14709,Artillery,High,55.8,0.4,6.4,1,190,29.2,1.8,5.1,5.4,70.1,,3.8,3.2,0.317,LOW
PX-10697,Combat Engineers,Extreme,65.5,10.9,7.4,2,210,27.8,1.3,6.4,8.0,74.4,12.4,4.2,4.7,0.383,MODERATE
PX-13160,Medical Corps,Medium,52.5,2.7,8.3,1,202,35.1,3.3,7.0,1.7,70.9,26.3,4.1,2.7,0.02,LOW
PX-12638,Air Defense,High,57.6,4.0,15.9,2,365,18.9,1.3,6.0,5.2,75.0,13.5,4.1,3.9,0.506,MODERATE
PX-12706,Logistics & ASC,Low,43.1,0.0,7.4,0,178,43.8,4.8,7.5,0.0,94.0,27.2,4.2,1.2,0.02,LOW
PX-11569,Armored,Extreme,61.0,6.5,7.6,2,279,17.1,0.9,3.7,9.4,69.5,14.7,4.3,3.9,0.656,ELEVATED
PX-13760,Medical Corps,Medium,46.8,0.0,6.0,1,175,37.9,3.3,6.5,4.0,64.8,20.6,3.8,2.4,0.03,LOW
PX-10235,Air Defense,High,60.7,9.7,10.9,1,248,22.3,0.2,5.7,6.8,69.0,17.1,4.1,3.4,0.416,MODERATE
PX-11484,Combat Engineers,Extreme,67.7,14.2,11.1,1,269,15.7,0.9,5.1,10.0,73.1,4.3,2.9,4.9,0.806,ELEVATED
PX-11877,Artillery,Medium,49.5,0.0,3.7,3,131,36.9,3.9,6.4,4.0,80.7,20.2,3.8,2.5,0.026,LOW
PX-13409,Infantry,High,55.0,5.5,7.3,0,247,25.9,0.6,5.9,5.8,65.3,15.3,3.2,4.1,0.359,LOW
PX-14874,Armored,Medium,58.3,7.3,4.6,3,201,34.1,3.5,6.5,1.9,83.0,21.9,4.3,2.8,0.055,LOW
PX-12777,Armored,Extreme,57.9,9.0,8.9,0,237,19.8,0.0,4.5,8.4,69.2,10.5,3.6,4.3,0.552,MODERATE
PX-13404,Logistics & ASC,High,52.5,1.8,5.9,2,165,46.6,2.7,6.6,4.9,77.7,19.3,3.1,3.6,0.162,LOW
PX-12083,Infantry,Medium,44.9,0.0,13.8,2,325,30.4,4.0,7.1,2.8,75.8,20.2,3.6,2.9,0.081,LOW
PX-10701,Artillery,Low,45.5,1.8,3.5,0,120,45.1,5.4,6.0,2.1,77.8,19.3,3.4,1.2,0.02,LOW
PX-12056,Medical Corps,High,50.5,2.8,9.2,1,227,27.9,3.2,5.3,7.6,93.4,11.5,3.0,3.0,0.367,LOW
PX-10098,Infantry,Extreme,68.4,17.8,7.1,1,178,19.3,1.8,4.4,10.0,59.6,11.3,3.1,4.2,0.733,ELEVATED
PX-14314,Infantry,Medium,54.2,7.4,7.7,2,190,34.6,4.4,6.8,2.1,85.6,19.2,4.7,2.8,0.02,LOW
PX-10248,Artillery,Low,48.5,1.4,5.7,2,182,43.8,3.5,7.1,1.9,80.5,21.0,4.3,1.3,0.02,LOW
PX-10755,Infantry,High,58.9,7.6,5.9,3,213,30.7,2.8,5.6,5.3,82.5,18.3,4.3,3.9,0.284,LOW
PX-13939,Infantry,Extreme,67.3,13.7,8.5,4,216,15.8,2.4,4.8,10.0,72.8,6.7,2.9,4.6,0.667,ELEVATED
PX-10409,Medical Corps,High,58.7,2.7,11.8,2,328,22.3,0.7,4.3,7.5,65.8,9.1,3.4,3.4,0.722,ELEVATED
PX-11685,Infantry,High,62.7,9.5,8.2,3,193,27.8,2.4,5.2,8.2,66.7,9.1,3.7,3.5,0.547,MODERATE
PX-11644,Infantry,High,52.2,2.5,8.2,1,212,30.7,1.6,5.1,6.0,,,3.7,3.8,0.373,LOW
PX-13444,Logistics & ASC,High,57.6,8.7,7.4,0,183,27.9,2.8,4.8,7.2,61.5,13.0,3.9,3.8,0.501,MODERATE
PX-11853,Signals,Medium,42.8,0.0,4.8,2,174,38.2,3.0,6.5,2.3,79.4,18.8,3.8,2.2,0.02,LOW
PX-10955,Logistics & ASC,Medium,45.3,0.0,7.8,1,229,41.7,3.6,5.8,4.3,76.7,15.0,3.3,2.8,0.173,LOW
PX-14096,Combat Engineers,High,50.9,4.8,8.0,6,193,35.0,2.4,5.3,6.3,73.8,16.2,3.8,3.3,0.365,LOW
PX-14360,Infantry,Medium,46.9,0.3,3.6,1,144,39.6,3.4,6.8,1.0,81.6,23.8,3.5,2.0,0.02,LOW
PX-13934,Armored,High,51.7,1.0,10.5,3,236,24.1,2.4,5.2,5.7,85.5,12.5,3.7,3.3,0.345,LOW
PX-11188,Infantry,High,56.8,6.7,18.0,4,365,20.2,1.6,4.7,5.8,65.8,10.0,3.7,3.4,0.555,MODERATE
PX-12159,Infantry,Medium,47.3,0.0,4.2,0,148,39.6,3.1,6.1,3.5,77.0,22.1,4.3,2.8,0.054,LOW
PX-12527,Logistics & ASC,Medium,45.8,0.0,7.1,1,285,47.8,3.3,6.0,5.1,68.4,16.6,2.4,2.4,0.282,LOW
PX-10147,Combat Engineers,High,48.4,0.0,8.1,2,200,28.3,1.1,5.3,6.7,68.6,14.5,5.0,4.0,0.38,MODERATE
PX-10392,Combat Engineers,Extreme,58.4,5.2,9.4,2,243,18.2,0.0,4.5,9.4,70.7,12.7,4.5,4.1,0.598,MODERATE
PX-13786,Medical Corps,Medium,47.2,0.0,5.3,0,193,43.9,3.4,6.6,3.5,88.9,18.2,2.5,3.0,0.104,LOW
PX-12398,Infantry,Extreme,63.2,11.8,9.3,0,255,19.3,1.2,4.7,9.8,70.3,12.6,3.2,4.7,0.692,ELEVATED
PX-12431,Signals,Medium,49.4,0.0,5.3,2,143,27.8,2.4,5.6,4.6,70.8,19.5,3.1,2.0,0.139,LOW
PX-12147,Medical Corps,Medium,47.3,0.0,4.1,0,155,42.3,1.9,6.7,3.6,85.8,17.2,2.9,2.1,0.07,LOW
PX-12728,Artillery,High,54.8,4.7,6.5,5,170,28.2,2.1,5.5,5.9,90.0,14.3,3.0,4.1,0.279,LOW
PX-13005,Air Defense,High,54.1,4.8,6.6,1,166,24.7,2.7,8.1,4.8,86.1,21.7,3.7,4.0,0.138,LOW
PX-14007,Infantry,High,46.1,0.0,12.7,3,284,19.6,1.5,6.1,5.9,92.1,14.5,4.4,3.3,0.297,LOW
PX-13926,Combat Engineers,High,48.0,0.0,8.6,3,206,25.7,1.2,5.6,,75.1,21.1,4.2,4.0,0.157,LOW
PX-10022,Medical Corps,High,60.3,9.6,6.5,1,237,39.1,0.8,4.7,9.7,74.9,13.8,4.0,3.2,0.601,MODERATE
PX-11578,Medical Corps,Extreme,60.3,9.8,18.0,1,365,9.5,0.0,5.2,8.2,74.7,10.2,3.7,4.2,0.658,ELEVATED
PX-10806,Signals,Medium,47.1,3.1,4.7,2,151,33.2,0.8,7.0,2.3,80.1,19.0,3.3,2.1,0.02,LOW
PX-11807,Armored,Extreme,64.8,12.6,9.4,2,247,13.1,0.2,3.9,10.0,72.1,8.3,3.4,4.5,0.814,ELEVATED
PX-10708,Armored,Low,52.3,3.2,4.0,2,329,49.7,5.4,5.9,2.6,78.9,17.6,3.9,2.1,0.054,LOW
PX-14354,Logistics & ASC,Medium,48.4,0.0,10.0,0,254,34.8,1.5,6.8,1.5,80.0,19.1,3.2,2.8,0.137,LOW
PX-13994,Infantry,High,64.1,9.1,6.8,1,264,27.9,1.2,4.2,8.2,68.1,10.7,3.5,3.2,0.634,MODERATE
PX-13917,Combat Engineers,Medium,50.6,3.8,3.8,4,200,43.8,4.7,6.2,2.9,77.1,18.9,3.3,3.0,0.026,LOW
PX-13655,Infantry,Medium,53.4,1.3,5.2,3,196,42.5,2.9,5.6,1.7,70.6,16.9,4.2,2.6,0.161,LOW
PX-14154,Combat Engineers,High,63.7,12.3,7.0,3,235,37.0,2.0,4.1,7.6,68.5,13.8,3.3,3.5,0.614,MODERATE
PX-13913,Artillery,Medium,40.9,0.0,6.5,1,178,42.7,3.9,7.4,1.3,94.3,22.6,3.5,2.1,0.02,LOW
PX-10251,Logistics & ASC,Low,42.8,0.0,2.0,1,90,56.4,5.0,6.8,0.7,73.8,24.6,3.7,1.2,0.02,LOW
PX-13279,Infantry,Medium,48.8,0.0,5.7,6,186,51.7,4.2,6.7,1.8,70.5,23.5,4.4,1.9,0.02,LOW
PX-10467,Medical Corps,Low,45.0,1.4,3.2,1,125,47.6,3.8,6.4,0.9,88.6,20.9,3.8,1.5,0.02,LOW
PX-11717,Combat Engineers,Extreme,56.5,5.7,9.5,2,325,16.5,1.2,4.8,6.5,75.4,12.3,3.5,4.5,0.484,MODERATE
PX-10100,Logistics & ASC,Medium,43.4,0.0,3.7,3,114,45.6,2.1,7.5,2.6,95.3,23.9,4.7,2.2,0.02,LOW
PX-12784,Infantry,High,66.8,10.2,5.6,2,156,29.6,0.0,5.4,6.3,67.9,17.6,4.8,3.3,0.337,LOW
PX-12391,Signals,Low,37.5,0.0,3.4,0,111,51.0,1.1,6.8,0.6,80.8,26.3,3.2,2.0,0.02,LOW
PX-12550,Combat Engineers,Extreme,68.0,16.6,11.1,2,264,23.5,0.0,4.6,9.7,87.0,7.1,3.8,4.4,0.753,ELEVATED
PX-13798,Armored,Low,44.2,0.0,2.5,0,90,46.8,4.1,6.8,3.0,72.1,20.8,3.8,1.7,0.02,LOW
PX-14295,Armored,Medium,49.5,0.0,6.3,6,177,35.6,2.0,6.0,4.5,74.0,17.7,4.7,3.0,0.118,LOW
PX-11926,Artillery,Medium,45.4,2.6,4.6,1,133,60.0,2.5,5.6,3.9,88.0,22.9,4.2,3.0,0.087,LOW
PX-13009,Signals,Medium,52.8,0.0,6.4,1,186,42.1,3.2,6.5,3.2,82.4,21.7,4.0,2.4,0.087,LOW
PX-14767,Combat Engineers,High,60.8,8.8,5.6,2,237,28.9,0.8,6.3,6.8,71.2,19.3,4.4,3.9,0.229,LOW
PX-14584,Signals,High,54.1,6.0,8.7,5,216,29.4,1.2,6.3,5.3,81.2,20.9,4.4,3.8,0.242,LOW
PX-10656,Logistics & ASC,High,51.5,0.9,8.0,1,195,33.3,1.1,4.8,7.2,65.3,18.1,4.3,3.5,0.391,MODERATE
PX-14049,Signals,Medium,51.4,1.0,5.8,1,149,39.7,4.0,6.0,2.3,80.8,21.0,4.3,2.5,0.052,LOW
PX-13605,Infantry,High,62.8,9.1,6.8,3,206,30.0,0.0,4.8,7.2,84.5,15.8,4.3,3.9,0.416,MODERATE
PX-13436,Artillery,Medium,54.6,3.4,9.4,0,228,26.3,2.8,6.4,3.3,86.6,18.8,3.6,2.2,0.226,LOW
PX-10771,Combat Engineers,Extreme,63.2,9.1,9.6,2,224,28.7,1.1,5.2,9.2,71.0,15.0,3.8,4.1,0.533,MODERATE
PX-13372,Logistics & ASC,Low,53.0,4.2,2.8,2,121,49.7,4.1,6.8,,74.7,22.9,3.2,1.0,0.02,LOW
PX-10455,Infantry,High,55.0,3.3,11.8,4,352,29.9,1.3,6.1,2.7,82.0,16.5,3.4,3.7,0.301,LOW
PX-14774,Infantry,Extreme,60.9,8.9,11.7,4,256,20.0,1.5,5.9,9.2,73.9,15.7,3.6,4.3,0.509,MODERATE
PX-11593,Armored,High,51.2,3.6,5.7,1,215,30.4,3.9,6.0,5.1,69.1,21.6,3.9,3.7,0.151,LOW
PX-10456,Medical Corps,Low,46.2,0.0,14.4,4,304,33.4,2.8,6.7,2.6,81.1,16.7,4.2,2.2,0.157,LOW
PX-12930,Combat Engineers,Medium,47.5,0.0,4.4,2,130,50.4,3.0,7.7,1.6,91.1,15.5,2.6,2.6,0.02,LOW
PX-12875,Infantry,Medium,46.2,0.0,4.5,1,166,36.1,3.2,6.5,2.9,88.8,24.6,3.9,2.2,0.02,LOW
PX-10217,Infantry,Low,48.0,2.7,2.8,2,107,50.1,4.3,6.6,0.1,87.3,22.4,2.5,1.7,0.02,LOW
PX-11439,Medical Corps,Medium,53.2,5.3,10.7,2,241,42.0,2.2,6.3,3.4,76.7,16.3,4.2,2.4,0.227,LOW
PX-12208,Infantry,Medium,53.2,3.6,7.1,0,175,43.2,3.9,6.1,3.7,81.9,21.4,4.3,2.4,0.05,LOW
PX-13988,Medical Corps,Low,45.1,0.3,2.4,0,117,55.1,3.9,6.8,0.9,86.2,24.6,3.5,2.1,0.02,LOW
PX-10592,Artillery,High,52.6,2.7,7.5,2,324,36.2,1.9,5.4,5.1,74.5,15.1,3.7,3.1,0.397,MODERATE
PX-10149,Infantry,Medium,46.9,0.0,5.2,5,234,44.0,3.0,5.5,3.8,72.1,14.9,3.7,2.3,0.25,LOW
PX-10138,Air Defense,Medium,55.6,2.5,6.9,0,178,45.2,1.9,6.1,5.5,81.7,19.6,5.0,2.5,0.167,LOW
PX-11200,Combat Engineers,High,66.3,13.5,6.8,1,210,28.3,1.1,5.8,8.7,58.6,13.9,3.9,3.7,0.436,MODERATE
PX-13283,Infantry,High,51.1,3.2,15.3,1,365,12.0,0.9,5.2,5.7,65.4,12.6,4.4,3.7,0.481,MODERATE
PX-12342,Signals,High,50.7,5.0,12.7,2,340,15.6,0.3,6.0,5.5,71.0,9.3,2.9,3.9,0.477,MODERATE
PX-10244,Combat Engineers,High,60.3,4.3,6.9,2,172,30.1,1.4,5.0,7.1,82.3,14.5,3.2,3.9,0.438,MODERATE
PX-12905,Signals,Low,41.7,0.0,2.2,1,116,47.7,4.4,7.8,0.8,81.0,26.5,3.3,2.2,0.02,LOW
PX-14303,Artillery,High,53.7,2.4,6.5,3,215,22.2,0.0,5.1,5.7,67.6,18.1,3.4,3.4,0.37,LOW
PX-10931,Artillery,Medium,46.2,0.0,3.8,0,123,41.9,0.5,7.1,1.8,87.4,27.5,5.0,2.1,0.02,LOW
PX-12337,Artillery,Medium,43.5,0.0,4.2,2,143,37.5,4.0,5.8,3.9,81.5,16.6,3.3,2.5,0.044,LOW
PX-12289,Artillery,Medium,47.1,0.0,3.5,0,155,41.0,3.8,6.3,4.5,80.1,18.5,3.5,3.0,0.041,LOW
PX-14186,Infantry,High,56.6,6.8,5.8,4,211,19.9,0.1,6.1,6.0,69.9,20.2,4.7,4.0,0.297,LOW
PX-10376,Logistics & ASC,Low,41.0,0.0,7.1,3,222,44.3,6.6,7.9,0.0,89.7,26.0,4.2,1.6,0.02,LOW
PX-12812,Signals,Medium,55.1,7.5,5.0,0,254,45.1,1.7,5.5,4.4,97.5,16.3,3.2,2.1,0.208,LOW
PX-12307,Armored,High,63.6,14.7,10.1,1,249,24.3,1.9,4.4,8.9,82.1,10.6,3.1,3.2,0.665,ELEVATED
PX-11649,Air Defense,Medium,50.0,0.1,4.8,3,139,36.4,2.9,6.4,2.6,84.2,20.6,3.2,2.2,0.04,LOW
PX-12167,Armored,Medium,47.1,0.0,4.6,2,141,31.3,1.7,5.7,6.0,82.9,,4.1,3.0,0.155,LOW
PX-14759,Logistics & ASC,Low,48.2,0.6,3.2,3,105,43.9,4.7,6.5,1.6,80.8,20.8,3.8,2.0,0.02,LOW
PX-14402,Infantry,High,59.0,7.6,5.5,1,192,40.8,0.8,5.2,4.1,72.0,10.2,2.8,3.5,0.432,MODERATE
PX-12053,Logistics & ASC,Medium,42.3,0.0,7.0,1,176,30.2,2.0,7.1,1.4,79.8,19.0,3.9,2.0,0.02,LOW
PX-10993,Infantry,Extreme,63.8,15.5,9.2,2,288,14.7,0.0,5.2,8.9,83.9,15.5,4.2,3.9,0.562,MODERATE
PX-12518,Combat Engineers,High,44.8,0.0,5.9,3,189,32.1,1.3,7.4,4.1,77.9,17.9,3.4,3.0,0.02,LOW
PX-14298,Combat Engineers,High,54.8,6.5,10.1,3,259,32.1,1.3,5.4,7.1,73.4,15.3,3.3,3.8,0.421,MODERATE
PX-11189,Signals,Medium,49.9,2.5,4.1,2,129,46.9,2.8,7.2,3.0,92.4,22.9,4.8,2.8,0.02,LOW
PX-12526,Logistics & ASC,Medium,40.8,0.0,11.0,3,263,30.5,3.7,5.8,3.8,89.6,18.7,4.1,2.5,0.175,LOW
PX-10173,Logistics & ASC,Low,37.4,0.0,3.0,0,120,41.3,4.6,8.2,0.0,88.7,27.3,5.0,1.5,0.02,LOW
PX-11052,Artillery,High,66.6,10.6,5.8,1,212,43.3,1.9,4.4,9.9,81.5,13.5,3.5,3.6,0.592,MODERATE
PX-11157,Infantry,Low,45.7,0.0,5.1,3,137,47.2,3.4,7.7,0.8,83.5,22.4,4.1,1.8,0.02,LOW
PX-11301,Combat Engineers,High,58.3,7.4,8.0,1,222,30.1,1.3,4.8,6.6,66.4,15.9,3.2,3.1,0.458,MODERATE
PX-12964,Artillery,Medium,40.8,0.0,4.5,1,174,44.2,1.6,7.5,1.7,76.2,20.5,3.5,2.4,0.02,LOW
PX-14863,Air Defense,Extreme,63.7,8.5,13.0,1,330,6.5,0.9,4.7,8.1,64.7,8.7,3.9,4.5,0.712,ELEVATED
PX-12994,Combat Engineers,Low,44.0,0.0,2.8,3,103,44.4,4.8,6.1,2.8,85.3,18.7,4.1,2.1,0.02,LOW
PX-11353,Artillery,Medium,47.9,0.9,4.3,2,124,48.9,3.9,7.2,2.8,76.7,24.9,4.0,2.7,0.02,LOW
PX-12058,Infantry,High,54.1,1.9,8.0,2,244,26.8,1.3,5.2,5.6,82.5,20.8,4.1,3.9,0.404,MODERATE
PX-14010,Artillery,Medium,58.8,9.9,3.5,2,127,41.7,2.6,5.4,3.1,79.6,15.5,3.8,2.5,0.202,LOW
PX-10317,Signals,High,63.5,12.1,10.8,2,241,27.8,0.8,4.8,10.0,72.1,9.4,3.5,4.0,0.72,ELEVATED
PX-11726,Artillery,Low,49.1,2.9,3.3,1,104,56.9,3.2,6.8,1.0,79.9,23.1,3.6,1.8,0.02,LOW
PX-10087,Armored,Medium,41.1,0.0,7.6,2,209,39.7,2.7,6.7,4.3,88.2,26.0,4.7,2.6,0.02,LOW
PX-12150,Signals,Medium,49.5,2.6,7.0,1,183,29.6,2.9,6.2,6.1,94.0,23.7,4.2,3.0,0.165,LOW
PX-12800,Medical Corps,Low,42.6,0.0,4.8,1,149,39.2,4.4,6.7,2.5,74.7,26.1,3.8,1.1,0.02,LOW
PX-12882,Combat Engineers,Medium,43.7,0.0,4.5,1,160,40.3,2.9,6.3,1.6,83.6,23.7,5.0,2.4,0.02,LOW
PX-12221,Armored,Medium,48.7,0.0,3.6,1,157,45.2,3.8,6.2,3.4,85.4,21.1,4.1,2.9,0.07,LOW
PX-13431,Combat Engineers,Low,36.3,0.0,2.1,0,98,45.2,4.7,7.5,2.5,83.6,23.4,4.5,1.2,0.02,LOW
PX-12535,Combat Engineers,Extreme,62.7,12.3,14.9,1,315,12.0,0.6,4.1,9.8,68.3,4.5,3.8,4.5,0.801,ELEVATED
PX-10437,Armored,Medium,48.2,2.1,4.3,4,137,50.4,3.9,5.8,2.7,89.2,24.4,3.9,2.0,0.02,LOW
PX-14551,Signals,Low,42.1,0.0,3.3,2,124,49.3,4.1,8.0,0.6,97.6,27.3,3.6,2.1,0.02,LOW
PX-10654,Logistics & ASC,Low,49.1,1.5,3.7,5,130,44.6,3.9,6.3,,80.0,18.0,3.4,1.1,0.02,LOW
PX-12245,Infantry,Extreme,56.3,7.2,7.0,3,174,26.6,1.3,6.1,5.1,71.8,17.0,3.5,4.6,0.31,LOW
PX-14536,Signals,High,51.7,1.2,10.3,2,235,12.3,0.5,5.1,5.9,62.3,16.1,4.2,3.0,0.414,MODERATE
PX-10718,Signals,Low,49.6,0.0,3.0,1,206,50.1,4.2,6.2,1.0,78.2,20.9,4.3,1.8,0.02,LOW
PX-10108,Infantry,High,46.3,0.0,7.6,3,197,29.8,2.3,5.7,5.1,72.9,16.5,3.3,4.0,0.287,LOW
PX-10535,Infantry,Extreme,60.2,8.5,9.3,4,308,25.9,0.3,4.8,9.5,64.4,13.3,4.3,4.4,0.639,MODERATE
PX-13382,Logistics & ASC,Low,51.9,3.2,9.9,2,223,35.1,0.7,6.3,0.7,72.3,16.8,4.3,1.7,0.124,LOW
PX-14334,Logistics & ASC,Medium,50.6,6.5,8.8,1,277,33.1,2.4,6.6,2.7,90.8,20.3,3.6,2.0,0.1,LOW
PX-14836,Infantry,Medium,46.1,0.1,7.9,3,188,41.0,3.3,6.8,3.5,81.9,24.0,3.8,2.7,0.02,LOW
PX-11879,Combat Engineers,Medium,42.3,0.0,6.6,2,200,42.2,3.8,6.6,3.0,73.7,17.7,3.7,2.3,0.034,LOW
PX-10634,Infantry,Medium,42.2,0.0,3.9,1,145,32.5,2.3,5.6,4.4,80.9,15.7,2.4,2.8,0.159,LOW
PX-11351,Air Defense,Extreme,57.5,3.0,8.2,1,243,25.2,0.1,5.6,6.8,76.4,13.1,2.5,3.9,0.505,MODERATE
PX-10873,Artillery,Medium,45.2,0.0,11.1,2,309,22.2,3.6,7.3,2.5,84.0,21.5,4.9,2.9,0.02,LOW
PX-14330,Infantry,High,49.2,0.0,6.9,1,253,23.1,1.5,6.5,3.9,83.1,17.5,3.3,3.1,0.141,LOW
PX-11347,Artillery,High,59.2,7.5,6.4,2,227,28.5,0.9,4.7,8.5,79.2,10.8,2.8,4.0,0.573,MODERATE
PX-10234,Logistics & ASC,Medium,48.0,0.9,4.1,1,168,37.5,1.7,6.2,3.9,92.4,21.2,3.6,2.0,0.02,LOW
PX-12620,Logistics & ASC,Low,40.5,0.0,2.6,2,182,54.1,4.5,7.5,0.7,91.5,30.0,4.7,1.6,0.02,LOW
PX-14671,Artillery,Extreme,57.5,6.2,8.8,0,218,21.9,1.2,4.7,7.4,71.9,12.8,3.7,4.5,0.579,MODERATE
PX-12384,Infantry,Medium,47.0,0.1,4.4,6,199,47.6,3.7,6.7,2.1,76.4,23.8,3.6,2.5,0.02,LOW
PX-11509,Signals,Medium,51.1,0.0,3.6,1,112,32.7,3.4,7.2,2.8,91.5,19.7,3.9,1.9,0.02,LOW
PX-12804,Infantry,Medium,43.4,0.0,6.7,1,177,43.0,2.2,5.8,5.1,90.0,22.0,4.1,3.0,0.087,LOW
PX-13457,Logistics & ASC,High,47.4,0.0,11.5,1,256,16.0,1.6,6.3,4.6,67.8,15.9,3.5,4.1,0.325,LOW
PX-10834,Signals,Medium,47.6,2.2,5.4,3,182,35.2,2.0,7.3,1.7,73.4,18.8,3.2,2.2,0.027,LOW
PX-14830,Combat Engineers,Extreme,57.6,7.8,7.3,3,207,17.2,0.1,4.5,8.1,78.6,8.9,2.9,4.6,0.552,MODERATE
PX-11000,Infantry,High,58.3,8.0,10.6,3,268,24.5,0.6,5.1,6.2,72.1,10.0,3.5,4.0,0.525,MODERATE
PX-12519,Infantry,Low,42.2,0.0,4.7,1,154,39.4,4.5,7.1,1.5,81.1,25.0,3.5,1.3,0.02,LOW
PX-11608,Armored,Low,48.6,1.1,5.0,2,156,44.8,3.4,7.6,0.0,82.6,19.9,3.3,1.4,0.02,LOW
PX-12957,Infantry,Medium,59.2,8.8,4.4,1,138,54.3,4.4,6.4,3.9,97.3,18.5,4.4,1.9,0.02,LOW
PX-12819,Logistics & ASC,Medium,53.2,3.1,4.9,0,166,31.9,1.5,5.6,4.6,84.6,19.2,3.8,1.9,0.223,LOW
PX-14791,Infantry,Medium,45.7,0.0,6.1,3,164,43.9,4.0,6.1,2.3,70.0,18.5,2.9,2.3,0.021,LOW
PX-12879,Infantry,Extreme,58.5,7.3,7.0,4,175,28.9,2.2,4.3,5.9,66.2,14.1,4.0,4.1,0.456,MODERATE
PX-10990,Combat Engineers,Medium,49.8,2.3,7.2,4,180,38.0,4.4,6.7,2.6,85.8,20.7,4.2,2.4,0.02,LOW
PX-11603,Air Defense,Medium,42.8,0.0,10.3,0,265,16.2,4.4,6.0,4.1,85.8,19.2,4.0,2.7,0.081,LOW
PX-12507,Logistics & ASC,High,53.7,2.9,7.8,1,196,23.6,4.4,5.3,6.9,83.0,15.2,3.9,3.0,0.33,LOW
PX-10209,Armored,Low,43.9,0.0,10.1,4,237,36.1,4.4,7.7,1.0,83.3,22.9,4.4,1.5,0.02,LOW
PX-10916,Infantry,Extreme,65.4,10.2,7.2,2,255,5.9,0.3,5.2,8.3,72.2,11.0,3.3,4.1,0.597,MODERATE
PX-11656,Infantry,High,59.0,6.0,6.2,4,179,33.2,0.7,5.2,7.3,66.6,13.3,2.8,3.8,0.458,MODERATE
PX-13530,Infantry,High,53.8,5.8,5.9,5,211,41.7,1.7,5.3,5.7,79.6,18.1,4.5,3.3,0.31,LOW
PX-13695,Armored,Medium,49.2,2.7,5.1,1,155,36.0,2.6,5.6,4.0,78.0,17.8,3.7,2.5,0.174,LOW
PX-13534,Signals,Medium,53.1,2.9,5.5,0,160,51.6,2.7,6.8,2.4,89.8,20.1,3.5,2.6,0.034,LOW
PX-10832,Artillery,Medium,43.7,0.0,10.9,2,263,30.8,4.1,6.8,2.1,85.3,22.0,4.5,2.2,0.02,LOW
PX-10446,Medical Corps,High,54.2,9.2,5.8,2,165,34.2,2.5,5.2,5.4,79.6,17.1,4.2,4.1,0.258,LOW
PX-11100,Infantry,High,47.2,1.6,11.0,0,267,27.9,2.5,5.4,5.7,67.3,15.4,3.6,3.8,0.385,MODERATE
PX-12868,Logistics & ASC,Medium,48.3,1.2,3.9,2,188,37.9,3.0,5.9,4.0,83.6,21.3,4.7,2.6,0.075,LOW
PX-12382,Infantry,Extreme,58.3,9.5,10.5,0,274,20.4,0.0,5.0,9.1,77.4,13.6,3.5,3.8,0.624,MODERATE
PX-10699,Artillery,Low,43.5,0.0,9.1,2,296,31.8,4.0,7.0,1.1,82.7,25.3,4.3,1.2,0.02,LOW
PX-11360,Signals,Low,40.2,0.0,6.0,2,224,51.1,4.1,7.6,2.0,73.3,26.3,3.8,1.0,0.02,LOW
PX-11548,Artillery,High,48.8,0.2,9.1,1,231,26.0,0.0,5.3,6.3,79.2,16.6,4.6,3.3,0.392,MODERATE
PX-14612,Signals,Medium,43.7,0.0,10.1,3,229,24.0,3.2,7.0,3.2,89.8,24.0,4.0,2.8,0.047,LOW
PX-13260,Infantry,High,49.8,0.5,7.7,2,206,32.8,3.2,5.3,6.4,80.7,15.4,3.1,3.5,0.43,MODERATE
PX-12553,Medical Corps,Low,44.1,0.0,4.3,1,222,48.5,3.4,6.7,3.1,78.4,18.8,3.5,2.2,0.02,LOW
PX-10463,Artillery,High,60.7,8.3,7.5,2,223,32.7,2.1,4.8,7.4,72.1,17.7,4.1,3.3,0.362,LOW
PX-13095,Infantry,Extreme,71.9,14.1,7.7,0,196,18.7,0.7,5.2,8.1,74.1,13.7,4.7,4.4,0.506,MODERATE
PX-13037,Infantry,High,53.7,2.8,12.5,2,365,33.1,1.0,5.1,6.2,63.1,14.1,4.3,3.6,0.524,MODERATE
PX-10062,Combat Engineers,Medium,53.6,3.6,7.2,1,305,41.8,2.5,5.7,4.4,86.2,11.6,3.3,2.8,0.281,LOW
PX-13320,Infantry,Low,47.0,0.5,2.8,0,162,58.5,4.5,6.6,1.7,94.1,20.1,3.4,1.5,0.02,LOW
PX-14482,Air Defense,Extreme,69.3,19.4,13.9,4,306,14.5,0.0,5.0,9.7,66.9,7.5,3.8,3.9,0.885,ELEVATED
PX-14916,Signals,Medium,51.0,2.7,10.6,1,329,32.2,0.5,6.2,2.2,83.5,18.7,4.6,2.5,0.273,LOW
PX-14847,Signals,Medium,42.1,0.0,10.1,2,240,30.7,4.0,7.6,1.3,75.8,20.7,3.4,2.0,0.079,LOW
PX-14945,Air Defense,Low,50.7,4.1,8.4,3,220,42.4,4.0,7.3,0.8,94.6,21.6,4.3,1.8,0.02,LOW
PX-13625,Combat Engineers,Low,44.2,0.3,3.6,0,131,46.7,4.7,6.5,2.9,79.8,17.2,3.4,1.3,0.02,LOW
PX-13787,Infantry,High,56.7,10.5,8.4,4,204,20.8,3.4,5.1,5.5,71.3,14.9,3.8,4.0,0.358,LOW
PX-12666,Logistics & ASC,Medium,46.0,0.0,18.0,1,365,13.3,3.3,5.9,4.0,66.4,12.0,3.3,2.0,0.266,LOW
PX-13710,Logistics & ASC,Medium,46.4,0.0,10.8,1,292,31.1,4.9,6.6,1.2,86.9,22.6,4.4,1.9,0.033,LOW
PX-12991,Air Defense,Extreme,63.2,12.0,15.6,3,329,5.0,0.6,4.7,10.0,77.2,,2.8,3.9,0.817,ELEVATED
PX-12089,Armored,Medium,50.0,4.2,18.0,3,365,23.8,3.2,6.2,3.7,,14.2,3.5,2.9,0.197,LOW
PX-10504,Combat Engineers,Extreme,67.7,11.5,9.9,1,233,13.9,0.0,5.6,10.0,70.5,10.3,3.2,4.0,0.651,ELEVATED
PX-10042,Signals,Low,36.5,0.0,7.2,0,195,41.8,5.1,7.3,0.0,87.1,23.7,3.5,1.2,0.02,LOW
PX-13728,Signals,Low,42.1,0.0,2.3,2,131,48.7,1.8,7.6,1.8,88.0,26.3,4.0,2.1,0.02,LOW
PX-11705,Medical Corps,Medium,51.9,4.5,3.6,2,119,45.0,2.2,6.5,3.8,80.5,19.6,4.4,2.3,0.02,LOW
PX-10608,Signals,Medium,44.5,0.0,3.9,2,128,34.7,3.2,5.7,4.0,70.8,27.5,5.0,2.6,0.032,LOW
PX-10652,Signals,Medium,46.2,0.0,12.1,4,288,32.1,4.5,5.8,3.4,80.2,16.5,4.1,2.6,0.166,LOW
PX-13205,Armored,Medium,41.7,0.0,5.9,2,164,29.6,3.6,6.0,4.0,87.4,16.6,2.7,2.4,0.101,LOW
PX-11122,Air Defense,High,56.1,4.9,14.0,2,312,15.0,0.8,4.9,6.3,79.3,8.5,2.8,3.2,0.635,MODERATE
PX-13733,Combat Engineers,High,57.6,5.2,9.7,1,267,14.6,3.0,5.2,6.8,71.1,17.0,4.3,4.0,0.467,MODERATE
PX-12999,Infantry,Extreme,63.4,11.8,8.1,4,206,20.4,2.2,5.6,8.2,74.7,14.8,3.6,4.0,0.393,MODERATE
PX-13584,Logistics & ASC,High,48.0,0.0,7.4,0,196,29.5,1.9,5.6,5.1,76.2,16.6,3.3,3.4,0.254,LOW
PX-14623,Logistics & ASC,Medium,43.5,0.0,3.7,0,220,47.8,2.8,7.4,2.7,89.1,24.2,4.5,2.7,0.02,LOW
PX-13930,Combat Engineers,High,51.8,4.1,8.7,0,224,23.3,0.0,6.0,7.3,73.6,10.5,2.8,3.9,0.477,MODERATE
PX-13084,Air Defense,Low,46.5,0.0,7.3,2,214,42.1,4.8,6.9,0.7,86.6,21.2,3.6,1.8,0.02,LOW
PX-10910,Air Defense,Extreme,61.6,7.9,14.7,3,319,5.0,0.0,4.5,9.8,62.8,,3.5,4.0,0.765,ELEVATED
PX-10211,Combat Engineers,Medium,43.0,0.0,8.1,1,235,34.0,4.4,6.3,4.0,84.8,21.4,4.9,2.0,0.02,LOW
PX-14478,Air Defense,Medium,51.5,1.5,13.8,2,303,26.8,2.3,6.7,2.7,78.3,17.2,4.2,2.4,0.161,LOW
PX-10818,Combat Engineers,High,51.5,4.7,6.1,3,163,43.6,2.4,5.4,5.6,65.8,18.7,3.3,3.9,0.288,LOW
PX-14067,Signals,Medium,56.9,7.0,9.8,6,229,40.4,2.6,6.4,2.3,82.8,10.1,2.9,2.4,0.301,LOW
PX-14666,Air Defense,Extreme,61.7,7.9,9.9,2,249,18.3,1.6,5.4,9.5,67.2,14.6,3.5,4.1,0.518,MODERATE
PX-10408,Infantry,Medium,47.1,0.0,7.2,0,234,47.8,4.9,6.6,4.2,78.2,17.8,3.7,2.8,0.077,LOW
PX-10857,Logistics & ASC,Medium,54.2,4.8,8.5,0,216,40.4,2.0,6.8,2.6,76.9,12.2,2.2,2.8,0.236,LOW
PX-11095,Armored,Medium,59.7,8.8,4.4,3,125,28.0,3.1,6.0,4.4,87.0,17.3,3.5,2.4,0.077,LOW
PX-14801,Infantry,High,63.6,11.5,5.7,2,168,38.1,2.4,3.9,10.0,59.4,12.3,4.0,3.6,0.559,MODERATE
PX-13139,Artillery,Medium,45.9,0.0,13.8,1,299,30.8,2.7,7.2,2.1,85.1,19.6,3.6,2.8,0.155,LOW
PX-11386,Signals,Low,44.7,0.0,2.9,3,128,48.5,3.5,8.0,0.0,78.5,25.7,4.6,1.3,0.02,LOW
PX-12586,Artillery,Low,44.9,0.2,3.5,2,125,42.9,1.6,8.5,0.0,84.0,24.9,3.2,1.3,0.02,LOW
PX-10927,Logistics & ASC,High,59.3,7.3,6.3,4,187,27.2,0.9,6.3,2.9,72.0,13.5,2.9,3.5,0.24,LOW
PX-10030,Signals,Low,37.8,0.0,2.2,3,148,48.8,1.8,7.0,1.4,70.4,28.6,4.5,1.8,0.02,LOW
PX-12177,Air Defense,Extreme,69.7,14.7,9.1,1,277,19.1,0.2,4.5,10.0,69.7,12.5,4.1,4.7,0.695,ELEVATED
PX-10854,Infantry,Low,48.7,0.0,5.2,2,170,50.1,3.1,6.1,2.5,83.9,23.0,4.4,2.2,0.02,LOW
PX-10298,Air Defense,Medium,44.5,0.0,6.5,3,162,40.1,4.4,6.6,3.4,86.3,25.1,3.8,3.0,0.02,LOW
PX-11180,Signals,Low,44.4,0.0,10.9,0,244,50.0,4.4,7.4,0.0,91.9,20.0,2.7,1.1,0.02,LOW
PX-13743,Armored,High,54.0,3.4,7.3,4,186,9.8,2.7,5.8,7.3,83.6,17.7,4.5,3.2,0.107,LOW
PX-11918,Combat Engineers,Medium,50.8,6.1,4.1,0,127,44.4,3.7,5.6,4.8,80.0,19.5,3.0,2.8,0.176,LOW
PX-13684,Infantry,Medium,48.8,0.0,9.3,1,221,44.5,2.4,6.6,2.7,84.5,20.9,4.4,2.7,0.105,LOW
PX-14180,Signals,Medium,48.9,0.0,4.0,0,132,46.7,3.2,6.7,1.6,68.6,18.5,3.6,2.7,0.02,LOW
PX-11215,Combat Engineers,Medium,44.4,0.0,5.9,0,164,42.0,5.3,7.4,1.3,92.2,26.8,3.3,2.2,0.02,LOW
PX-11231,Combat Engineers,High,57.0,3.7,7.1,1,189,28.3,3.8,5.4,5.5,73.9,20.5,4.6,3.1,0.291,LOW
PX-11817,Armored,Medium,40.7,0.0,5.5,0,144,37.9,4.9,6.7,3.2,82.5,18.6,2.9,2.3,0.02,LOW
PX-11710,Air Defense,Medium,63.2,10.8,7.4,4,210,32.5,3.5,5.9,5.1,67.6,14.8,3.0,2.1,0.28,LOW
PX-10596,Signals,High,65.0,13.2,5.9,3,211,32.5,3.4,5.8,8.8,72.6,8.4,2.9,3.9,0.474,MODERATE
PX-14546,Medical Corps,Medium,57.5,9.6,9.5,1,218,35.7,2.5,4.8,3.9,75.6,15.5,3.8,2.5,0.334,LOW
PX-13246,Artillery,Medium,47.3,0.0,4.2,3,138,47.2,1.9,5.3,5.5,79.4,17.6,3.2,2.2,0.165,LOW
PX-13679,Infantry,High,57.9,8.9,12.3,6,283,25.6,1.7,6.0,6.9,75.0,12.4,3.4,3.4,0.494,MODERATE
PX-14656,Logistics & ASC,Medium,38.7,0.0,5.3,1,169,52.0,3.9,7.4,3.8,72.7,23.1,3.9,2.6,0.02,LOW
PX-11036,Artillery,Extreme,55.7,7.4,9.5,2,269,20.0,0.0,4.7,9.9,76.3,17.8,4.2,4.7,0.704,ELEVATED
PX-13843,Combat Engineers,High,48.5,0.6,10.3,3,243,20.7,3.5,5.3,6.2,83.1,15.4,3.6,3.7,0.392,MODERATE
PX-14396,Infantry,High,54.9,5.3,6.8,2,195,19.5,2.2,5.6,6.6,61.2,15.5,3.4,3.4,0.368,LOW
PX-11612,Air Defense,High,59.1,7.6,9.1,3,260,23.3,1.6,5.2,6.7,64.7,16.0,4.3,4.0,0.484,MODERATE
PX-12594,Artillery,High,59.8,9.5,7.3,4,183,31.3,0.7,4.3,5.9,82.4,11.9,3.3,3.6,0.535,MODERATE
PX-11758,Logistics & ASC,Medium,51.3,4.9,8.6,1,252,41.9,2.8,6.9,2.8,78.4,25.1,5.0,2.8,0.02,LOW
PX-12356,Armored,High,57.0,11.0,5.7,3,201,35.0,3.1,5.6,4.9,78.9,13.6,4.0,4.1,0.273,LOW
PX-11729,Artillery,High,64.6,12.1,6.2,1,161,30.4,2.6,6.0,7.4,69.8,15.7,3.9,3.0,0.299,LOW
PX-10913,Medical Corps,Low,44.0,0.0,3.4,5,122,46.2,2.7,7.5,0.3,84.0,24.4,3.8,1.4,0.02,LOW
PX-14249,Air Defense,High,54.2,7.1,11.2,0,253,17.9,2.3,5.0,6.5,82.2,14.8,4.1,3.5,0.458,MODERATE
PX-12205,Combat Engineers,High,56.9,5.6,9.1,1,266,21.8,1.9,5.6,7.0,77.0,20.4,5.0,3.9,0.291,LOW
PX-12603,Signals,Medium,52.1,2.9,7.4,1,277,49.3,2.8,7.0,3.4,78.2,16.1,2.7,2.7,0.177,LOW
PX-10276,Artillery,High,48.4,2.5,7.1,3,219,23.0,1.9,5.2,5.7,,16.3,3.7,3.6,0.301,LOW
PX-12951,Air Defense,High,47.2,0.0,7.8,1,191,23.8,2.3,5.7,6.8,81.9,16.9,3.9,3.1,0.26,LOW
PX-12273,Logistics & ASC,Low,45.6,0.0,13.7,3,306,37.3,3.4,6.6,2.2,74.1,23.7,4.5,1.3,0.121,LOW
PX-13461,Air Defense,High,57.6,3.3,9.9,0,237,28.4,1.5,6.3,2.9,74.3,18.1,4.3,4.1,0.237,LOW
PX-11089,Armored,High,50.9,4.4,12.0,5,287,25.2,0.5,5.2,4.8,73.0,13.3,4.3,3.3,0.423,MODERATE
PX-14993,Artillery,Low,41.8,0.0,5.1,1,172,56.9,3.0,6.9,1.2,76.4,23.4,3.7,1.8,0.02,LOW
PX-11440,Infantry,High,61.5,8.6,11.2,3,300,21.6,0.9,5.2,9.7,82.1,11.3,3.3,3.4,0.552,MODERATE
PX-10393,Signals,Medium,49.1,3.4,4.9,0,214,49.0,4.1,6.3,2.8,83.2,22.9,5.0,2.2,0.02,LOW
PX-14462,Artillery,Medium,45.2,0.3,4.7,2,132,37.7,1.7,6.6,3.4,79.9,19.1,3.3,2.8,0.02,LOW
PX-11561,Combat Engineers,High,60.2,11.8,5.9,1,170,36.8,2.9,6.5,6.4,72.7,17.0,3.4,3.0,0.27,LOW
PX-14908,Signals,Low,44.7,0.0,7.3,3,297,42.1,3.3,8.0,0.3,86.3,23.4,4.2,1.1,0.02,LOW
PX-10309,Infantry,Medium,51.4,0.0,4.4,0,135,34.6,3.4,5.4,4.3,73.2,11.6,2.6,2.4,0.232,LOW
PX-12377,Combat Engineers,Extreme,61.7,9.2,13.9,3,311,18.2,0.3,3.7,10.0,75.7,,3.8,4.1,0.82,ELEVATED
PX-10772,Combat Engineers,Medium,42.9,0.0,3.7,3,132,39.2,4.5,6.0,3.7,80.4,,3.5,2.3,0.02,LOW
PX-10028,Infantry,High,56.7,6.2,13.0,0,293,11.5,2.1,5.7,6.6,82.6,14.4,3.6,3.3,0.468,MODERATE
PX-12648,Signals,Low,51.2,0.0,4.4,1,135,47.4,3.2,6.5,1.8,85.4,23.0,3.6,1.8,0.02,LOW
PX-11224,Infantry,High,58.9,10.0,7.3,2,190,22.8,1.0,5.3,6.7,75.7,13.5,3.9,3.8,0.353,LOW
PX-13502,Infantry,Medium,46.3,0.0,5.0,1,147,42.4,2.8,6.1,2.9,72.5,14.7,2.7,2.6,0.106,LOW
PX-12278,Logistics & ASC,Medium,51.9,6.6,10.4,2,304,38.3,4.5,6.9,2.6,83.7,22.9,4.8,2.1,0.026,LOW
PX-13611,Artillery,High,57.6,6.3,6.9,2,240,19.7,1.1,5.3,6.1,76.3,15.8,2.9,3.4,0.367,LOW
PX-12106,Signals,Medium,57.1,5.3,6.6,4,209,35.1,1.0,6.2,1.9,91.6,14.7,3.4,2.1,0.141,LOW
PX-14188,Infantry,Extreme,57.7,9.7,8.8,3,214,17.8,0.7,3.6,7.4,75.6,15.6,4.2,4.6,0.533,MODERATE
PX-14211,Artillery,Medium,47.3,0.0,4.3,2,172,35.1,3.0,6.2,4.1,81.2,20.5,3.8,2.9,0.036,LOW
PX-13508,Signals,High,42.3,0.0,8.5,3,206,19.4,3.3,5.0,6.4,69.7,16.6,3.4,3.1,0.331,LOW
PX-14624,Infantry,Extreme,64.6,14.6,12.8,0,284,5.0,0.4,4.4,10.0,73.3,11.2,3.2,4.6,0.759,ELEVATED
PX-13405,Air Defense,High,66.5,9.7,6.1,1,157,29.6,2.5,5.2,8.6,85.5,17.5,3.8,3.6,0.382,MODERATE
PX-14355,Signals,Low,46.2,0.0,2.2,2,121,55.2,3.2,7.1,0.4,81.2,19.6,3.5,1.2,0.02,LOW
PX-14970,Combat Engineers,High,45.8,0.0,10.8,2,275,29.2,2.7,5.7,4.7,,18.8,3.8,3.9,0.258,LOW
PX-13055,Armored,High,58.0,7.4,5.5,1,155,33.1,2.3,5.5,5.1,80.7,16.4,3.4,3.5,0.24,LOW
PX-13950,Armored,Medium,45.2,0.0,7.6,2,184,20.8,3.4,6.3,3.6,81.2,18.2,3.5,2.4,0.065,LOW
PX-12203,Infantry,Extreme,64.1,15.1,8.3,6,211,17.1,1.5,3.7,10.0,69.6,14.1,3.7,4.9,0.763,ELEVATED
PX-14424,Combat Engineers,High,56.8,7.6,8.3,2,206,26.1,2.6,6.2,4.4,69.7,25.0,4.4,3.6,0.281,LOW
PX-14529,Combat Engineers,Medium,48.7,0.0,4.9,2,134,44.7,3.6,6.0,4.1,79.1,24.2,4.0,2.4,0.02,LOW
PX-11217,Combat Engineers,High,66.0,10.5,7.3,5,196,31.0,0.5,5.5,6.1,74.0,12.0,3.8,4.0,0.404,MODERATE
PX-13889,Artillery,Low,43.2,0.0,2.8,1,116,59.2,4.0,6.6,1.4,82.3,20.2,3.3,1.4,0.02,LOW
PX-13640,Artillery,Medium,53.5,3.4,5.3,4,142,42.3,2.3,6.1,2.4,80.8,18.8,3.8,2.7,0.12,LOW
PX-11601,Infantry,Medium,46.1,0.0,4.0,1,120,45.5,2.8,6.1,,75.1,19.1,4.0,2.7,0.022,LOW
PX-12482,Infantry,High,52.2,2.4,8.7,0,218,22.3,0.7,4.9,7.3,,14.7,3.3,4.1,0.496,MODERATE
PX-12112,Infantry,High,48.4,0.9,6.8,4,183,23.0,1.2,6.9,4.6,75.8,23.0,3.9,3.1,0.077,LOW
PX-12969,Infantry,Low,52.7,2.7,4.3,1,219,37.5,3.3,6.7,1.7,84.5,18.1,3.5,1.5,0.02,LOW
PX-12096,Infantry,High,55.6,3.7,10.7,4,277,20.2,1.8,5.7,4.2,88.4,16.2,3.5,4.1,0.37,LOW
PX-12814,Infantry,High,63.5,13.5,6.3,3,171,33.8,1.4,5.0,8.4,64.0,13.6,3.7,3.5,0.477,MODERATE
PX-14112,Air Defense,Medium,52.3,4.4,6.2,3,160,31.5,4.3,5.5,4.5,84.7,14.5,2.8,2.6,0.223,LOW
PX-12029,Combat Engineers,Extreme,60.5,7.0,9.2,5,213,15.9,0.4,4.8,10.0,73.8,13.1,3.5,4.9,0.712,ELEVATED
PX-14437,Infantry,Extreme,63.7,12.9,7.7,2,190,30.1,2.3,5.6,8.2,69.1,18.4,4.5,4.1,0.351,LOW
PX-11376,Signals,Low,40.2,0.0,4.2,6,174,48.1,6.5,7.0,0.6,74.4,28.8,4.2,1.5,0.02,LOW
PX-11210,Signals,Low,44.1,0.0,3.1,2,122,58.9,3.4,6.7,1.3,88.1,26.0,5.0,1.1,0.02,LOW
PX-10590,Logistics & ASC,Medium,57.5,4.3,4.9,3,153,40.3,3.6,5.8,4.1,73.4,22.4,4.9,2.6,0.12,LOW
PX-13079,Artillery,Extreme,63.6,9.2,7.1,3,217,26.9,1.1,4.6,8.5,66.7,5.9,3.8,4.8,0.615,MODERATE
PX-13973,Infantry,Low,45.0,0.0,3.5,2,108,51.2,3.3,6.9,0.8,85.0,17.5,3.7,1.8,0.02,LOW
PX-10638,Air Defense,Low,44.7,0.0,2.1,0,95,48.2,2.7,8.1,,78.7,23.7,2.7,1.9,0.02,LOW
PX-10539,Air Defense,Low,36.9,0.0,3.0,1,146,42.7,4.8,8.1,1.0,80.7,30.0,4.5,1.4,0.02,LOW
PX-10791,Armored,High,53.8,2.0,7.5,4,251,26.7,0.9,5.7,5.1,66.4,19.4,4.1,3.1,0.306,LOW
PX-12034,Infantry,Medium,47.9,2.6,5.5,1,156,43.5,1.8,6.4,3.7,81.3,22.9,3.7,2.5,0.02,LOW
PX-14483,Infantry,High,52.6,3.5,6.8,2,180,28.7,3.1,5.6,5.4,63.4,16.2,4.4,3.3,0.318,LOW
PX-10497,Combat Engineers,Medium,52.1,2.9,10.0,0,277,40.7,2.9,5.8,4.4,80.2,18.2,2.3,2.1,0.273,LOW
PX-14715,Infantry,High,60.7,7.3,6.5,3,170,26.1,2.8,5.0,8.2,86.6,12.1,4.3,3.5,0.467,MODERATE
PX-12164,Logistics & ASC,High,53.9,4.8,9.8,2,265,27.5,1.0,6.3,5.6,67.4,18.4,3.3,3.3,0.324,LOW
PX-13479,Combat Engineers,Extreme,61.3,10.0,7.9,3,193,25.2,2.0,4.6,8.9,71.9,13.7,4.5,4.4,0.573,MODERATE
PX-10215,Signals,Medium,54.2,3.7,6.2,1,250,30.2,0.5,7.5,2.5,88.3,23.5,4.5,2.0,0.164,LOW
PX-10513,Artillery,Medium,46.5,0.0,3.9,1,146,44.5,5.7,6.9,1.9,68.5,16.5,2.6,3.0,0.02,LOW
PX-12641,Signals,High,62.5,9.8,9.0,0,224,20.0,2.6,4.9,8.1,71.0,15.2,3.1,3.4,0.552,MODERATE
PX-13286,Combat Engineers,High,53.4,5.3,9.1,3,214,28.1,3.3,6.4,,79.7,18.5,3.1,3.2,0.214,LOW
PX-14541,Infantry,Extreme,61.0,5.8,7.2,0,189,6.8,0.4,6.5,8.6,79.6,13.3,3.0,4.2,0.434,MODERATE
PX-14105,Infantry,High,56.9,10.5,9.3,1,289,20.1,0.0,5.8,5.3,70.4,15.4,3.2,3.3,0.395,MODERATE
PX-14931,Combat Engineers,High,50.3,1.2,13.5,3,290,10.2,1.8,5.9,4.3,71.2,10.5,2.7,3.8,0.427,MODERATE
PX-11764,Infantry,Medium,52.3,4.2,4.8,3,136,47.7,2.1,6.6,2.2,86.2,16.1,3.8,2.8,0.02,LOW
PX-10844,Infantry,High,55.0,9.1,6.1,4,164,33.4,1.7,5.4,5.3,74.0,17.2,4.1,3.1,0.247,LOW
PX-11802,Infantry,High,58.9,7.1,10.7,5,260,26.2,0.5,5.9,5.1,78.7,17.6,4.0,3.0,0.34,LOW
PX-10266,Artillery,Medium,41.3,0.0,8.7,0,203,27.8,4.7,7.0,1.7,71.7,20.6,4.5,2.3,0.02,LOW
PX-12640,Signals,Low,43.1,0.0,6.1,0,182,45.0,2.7,7.1,3.0,79.3,23.4,4.6,2.0,0.02,LOW
PX-11661,Combat Engineers,Extreme,52.8,0.9,7.3,0,213,20.4,0.6,3.9,9.7,68.3,13.0,4.3,4.3,0.603,MODERATE
PX-12937,Infantry,Medium,59.7,9.5,3.7,3,140,37.7,0.5,6.2,2.6,83.5,15.2,3.7,2.4,0.133,LOW
PX-11537,Signals,Medium,47.6,0.0,8.5,0,199,34.6,1.4,6.3,2.4,73.1,16.5,3.3,2.6,0.106,LOW
PX-12926,Signals,Low,44.6,0.0,6.6,2,170,51.9,3.9,7.9,0.4,90.1,23.6,4.1,1.5,0.02,LOW
PX-14405,Combat Engineers,High,53.3,2.3,6.5,4,163,33.0,0.0,5.4,6.2,68.9,12.9,3.0,3.1,0.367,LOW
PX-11173,Signals,Medium,48.2,2.5,18.0,0,365,22.9,2.7,7.0,1.9,74.0,19.4,3.4,2.8,0.207,LOW
PX-11471,Infantry,High,55.1,5.4,8.9,3,226,14.1,0.9,5.8,6.2,92.0,16.5,3.3,4.1,0.38,MODERATE
PX-10663,Infantry,Medium,54.5,7.7,4.7,3,138,42.5,3.5,5.8,3.8,79.8,19.2,4.3,2.5,0.178,LOW
PX-13700,Logistics & ASC,Low,36.7,0.0,5.2,0,176,39.9,5.2,7.7,1.4,83.9,22.9,3.5,2.1,0.02,LOW
PX-10721,Armored,Low,46.1,0.0,5.4,1,307,49.5,3.7,6.3,2.8,76.6,23.8,4.4,1.7,0.02,LOW
PX-11934,Signals,Medium,52.8,5.6,12.8,4,280,29.0,3.0,6.7,2.7,86.6,18.1,3.9,2.9,0.272,LOW
PX-14527,Signals,Low,41.4,0.0,2.0,3,109,54.8,2.7,5.8,3.4,78.5,15.3,3.6,1.2,0.02,LOW
PX-11001,Armored,Low,47.2,0.0,2.6,1,96,51.6,4.0,7.0,2.1,78.1,23.7,3.5,1.7,0.02,LOW
PX-14297,Combat Engineers,Extreme,63.5,13.9,7.0,6,189,26.5,0.8,4.4,8.9,76.0,14.9,5.0,4.0,0.521,MODERATE
PX-11856,Infantry,Medium,44.2,0.0,3.9,1,119,39.9,3.3,7.0,0.8,76.2,22.1,3.6,2.2,0.02,LOW
PX-10739,Armored,Medium,55.7,3.6,7.6,2,323,34.5,1.8,6.2,3.3,79.2,17.7,4.0,2.0,0.132,LOW
PX-12628,Artillery,Low,41.8,0.0,2.4,2,89,46.8,4.3,7.0,1.9,86.1,26.1,4.6,1.0,0.02,LOW
PX-12216,Infantry,High,55.3,5.5,6.6,3,166,27.9,2.2,4.5,6.7,70.5,16.6,3.9,3.9,0.416,MODERATE
PX-10174,Infantry,Medium,44.3,0.0,6.0,1,189,45.7,3.7,6.2,3.5,79.8,18.9,3.7,2.1,0.057,LOW
PX-13919,Armored,High,61.5,11.8,8.0,2,200,24.2,2.7,5.7,7.7,75.6,12.9,3.9,3.3,0.366,LOW
PX-13753,Signals,High,56.5,4.8,5.7,1,212,22.8,2.7,5.2,6.0,78.9,16.4,4.7,3.5,0.277,LOW
PX-12452,Signals,Medium,54.7,7.2,4.2,0,130,36.4,3.6,6.9,3.0,74.5,19.9,3.3,2.5,0.02,LOW
PX-14448,Combat Engineers,Medium,48.8,0.0,4.2,4,124,30.4,2.5,5.6,3.4,71.7,16.3,4.3,2.0,0.139,LOW
PX-12300,Medical Corps,Medium,60.1,10.3,4.5,1,141,39.4,4.4,4.4,7.2,,12.9,3.9,2.3,0.28,LOW
PX-11718,Signals,Medium,51.1,4.1,8.1,1,227,43.6,3.8,5.3,4.2,94.4,15.3,4.4,2.4,0.195,LOW
PX-14006,Armored,Low,55.7,9.8,2.0,0,82,60.0,3.6,5.6,3.1,85.5,17.0,3.6,1.0,0.052,LOW
PX-14116,Combat Engineers,Medium,54.9,8.4,4.2,4,157,42.0,4.1,5.2,5.2,79.5,18.3,4.0,2.3,0.123,LOW
PX-13583,Signals,Low,38.3,0.0,9.2,2,245,36.7,4.2,7.4,1.0,83.7,22.9,3.2,2.2,0.02,LOW
PX-10545,Armored,Medium,44.4,0.0,10.1,3,270,33.0,3.5,6.7,2.8,80.8,17.0,4.0,3.0,0.02,LOW
PX-12803,Combat Engineers,High,57.9,6.1,8.1,2,262,18.5,0.4,5.1,5.9,67.0,17.5,3.4,3.9,0.498,MODERATE
PX-13257,Artillery,Medium,44.5,0.0,4.2,1,121,54.9,1.6,6.8,1.8,81.3,23.2,4.2,2.0,0.02,LOW
PX-13790,Infantry,Extreme,60.8,12.3,9.9,3,319,18.5,0.7,4.8,10.0,68.7,8.1,2.5,4.5,0.662,ELEVATED
PX-10620,Air Defense,Medium,53.3,5.1,6.5,1,167,42.5,3.8,5.8,3.2,83.4,13.2,2.8,3.0,0.207,LOW
PX-13368,Infantry,Medium,51.8,2.1,5.8,0,162,43.0,1.9,6.3,3.7,86.2,21.4,3.0,2.1,0.073,LOW
PX-13888,Logistics & ASC,Medium,40.0,0.0,8.8,3,209,48.7,3.0,6.7,2.3,96.2,23.7,4.2,1.9,0.02,LOW
PX-12908,Logistics & ASC,Medium,41.0,0.0,7.7,2,216,32.0,2.8,5.3,4.3,79.4,18.5,3.6,2.6,0.224,LOW
PX-12378,Infantry,High,45.3,0.0,8.2,5,235,24.0,2.4,5.9,4.6,80.2,16.2,3.1,3.8,0.274,LOW
PX-13242,Logistics & ASC,Extreme,63.5,10.6,8.5,2,211,20.0,0.0,4.3,8.4,75.3,11.1,3.8,4.4,0.645,MODERATE
PX-10348,Combat Engineers,High,54.2,6.3,9.1,2,229,34.2,2.2,5.6,5.9,75.1,16.6,3.8,3.6,0.366,LOW
PX-12478,Artillery,Medium,54.1,4.6,4.8,0,145,34.7,2.7,5.7,3.7,69.7,14.0,3.7,2.8,0.218,LOW
PX-12724,Infantry,Extreme,63.3,10.0,7.4,1,278,22.2,1.2,5.1,9.4,76.7,15.6,3.6,4.3,0.557,MODERATE
PX-12354,Armored,Medium,52.0,2.5,4.2,1,168,30.5,2.4,5.7,3.3,66.6,20.8,4.5,2.1,0.116,LOW
PX-10080,Signals,Low,43.9,0.0,5.3,1,149,50.1,3.5,7.8,0.0,89.5,22.5,2.9,1.2,0.02,LOW
PX-13891,Signals,Medium,49.3,3.3,18.0,1,365,18.2,2.8,7.0,3.1,91.3,15.9,3.5,2.6,0.232,LOW
PX-13533,Infantry,Extreme,72.5,14.0,9.8,3,270,14.0,0.7,5.2,8.7,83.5,7.4,2.8,3.9,0.773,ELEVATED
PX-12419,Logistics & ASC,Low,46.5,0.7,11.9,0,260,34.0,4.7,6.5,1.9,80.9,21.1,4.1,2.2,0.106,LOW
PX-12191,Combat Engineers,Medium,46.4,0.0,12.2,3,282,33.2,2.0,6.3,3.9,67.4,19.5,4.3,2.0,0.183,LOW
PX-13709,Signals,Medium,45.2,0.0,9.6,1,293,35.4,3.4,7.4,2.8,90.5,21.9,4.4,2.6,0.02,LOW
PX-12374,Artillery,High,60.5,10.6,9.3,3,215,23.2,3.5,5.4,8.9,66.6,14.6,3.0,3.9,0.514,MODERATE
PX-14561,Infantry,Medium,56.4,9.4,3.7,0,113,47.0,1.4,4.9,4.6,97.1,19.4,3.5,1.9,0.28,LOW
PX-12967,Artillery,High,66.3,13.8,6.0,0,174,36.7,2.9,6.0,5.8,77.4,14.6,3.8,4.1,0.383,MODERATE
PX-14964,Infantry,Low,52.3,1.0,2.1,1,132,57.9,4.3,6.5,2.3,80.7,18.3,3.7,1.8,0.02,LOW
PX-14585,Air Defense,Extreme,56.7,6.4,9.0,3,214,10.5,0.0,5.2,8.7,80.3,17.1,4.0,4.2,0.465,MODERATE
PX-11300,Infantry,Medium,54.7,3.1,9.2,3,218,45.7,3.2,5.4,4.0,73.1,17.2,2.6,1.9,0.315,LOW
PX-13664,Infantry,Low,48.5,0.7,2.6,0,154,48.6,4.0,6.3,2.8,81.6,17.0,3.2,1.1,0.02,LOW
PX-14356,Medical Corps,Extreme,60.2,9.7,9.4,4,332,16.5,1.0,4.7,9.1,73.5,16.7,4.4,4.0,0.543,MODERATE
PX-11316,Combat Engineers,High,63.8,10.1,8.1,4,202,30.0,2.5,5.4,6.1,67.7,11.0,2.9,3.9,0.501,MODERATE
PX-13169,Combat Engineers,High,61.0,6.0,6.5,4,163,28.8,0.1,7.1,5.0,73.8,19.4,3.8,3.5,0.224,LOW
PX-12584,Infantry,High,58.1,8.8,6.6,4,170,30.4,2.2,6.8,4.4,65.9,16.6,4.1,4.1,0.181,LOW
PX-14897,Armored,High,47.9,0.0,5.5,1,152,20.5,3.2,6.0,6.0,90.5,20.6,5.0,3.6,0.136,LOW
PX-12148,Air Defense,High,56.2,6.3,7.6,2,216,39.1,2.8,5.8,5.5,69.6,16.9,3.1,3.8,0.397,MODERATE
PX-10019,Combat Engineers,High,61.6,12.7,5.5,3,153,26.7,2.8,5.4,7.4,80.9,14.8,4.1,3.8,0.353,LOW
PX-11960,Combat Engineers,High,64.2,13.7,7.4,3,267,18.3,1.1,4.6,7.8,72.5,11.8,4.0,3.9,0.517,MODERATE
PX-12929,Signals,Medium,40.0,0.0,6.6,2,173,48.2,3.9,6.4,4.5,74.0,21.0,3.7,2.2,0.121,LOW
PX-11585,Logistics & ASC,Low,38.2,0.0,2.5,2,167,47.7,1.2,7.6,1.1,,21.4,2.9,1.5,0.02,LOW
PX-12841,Armored,Medium,49.9,3.2,7.0,3,207,33.5,4.1,6.1,2.5,86.2,18.6,3.9,2.3,0.069,LOW
PX-11994,Armored,High,51.7,4.1,5.7,1,152,34.5,1.2,6.3,5.6,75.4,15.2,3.1,3.7,0.237,LOW
PX-13615,Signals,Medium,55.2,6.2,5.1,1,142,43.6,3.0,5.6,3.8,81.1,12.5,3.4,2.7,0.201,LOW
PX-13609,Infantry,Medium,46.1,0.0,5.0,2,159,31.8,3.1,6.7,2.9,84.6,18.0,3.7,2.2,0.02,LOW
PX-10658,Combat Engineers,Medium,50.0,4.5,5.5,0,147,45.8,2.0,5.8,4.1,74.6,18.4,4.8,2.1,0.135,LOW
PX-13197,Infantry,Medium,53.7,2.6,5.0,3,148,40.7,2.5,5.5,2.9,59.0,16.4,3.8,2.9,0.168,LOW
PX-11543,Infantry,High,53.4,1.7,6.0,1,155,33.3,0.7,6.0,5.5,70.7,15.5,3.3,3.4,0.255,LOW
PX-11066,Artillery,Medium,48.2,1.8,10.8,1,241,22.5,2.6,6.7,2.6,80.9,17.0,3.4,2.5,0.105,LOW
PX-12878,Combat Engineers,Extreme,62.4,11.0,12.5,3,272,13.0,0.4,4.3,10.0,72.6,10.1,4.1,4.7,0.739,ELEVATED
PX-10986,Artillery,Low,41.1,0.0,3.9,2,118,53.2,3.9,7.6,1.8,85.9,28.6,3.6,2.1,0.02,LOW
PX-11872,Medical Corps,Medium,59.1,7.1,3.6,3,117,36.4,3.3,6.4,3.4,82.8,19.3,4.1,2.3,0.031,LOW
PX-10848,Infantry,Medium,44.8,0.0,5.5,2,184,48.8,1.7,4.7,5.3,73.6,15.7,3.3,2.6,0.35,LOW
PX-10974,Artillery,Extreme,65.3,12.9,12.9,1,307,20.9,1.4,4.6,9.4,57.9,16.6,4.0,4.5,0.735,ELEVATED
PX-11847,Signals,Medium,54.9,5.4,3.9,0,157,46.5,4.1,5.2,4.5,76.4,19.3,3.9,2.5,0.099,LOW
PX-12862,Artillery,Low,53.3,5.3,11.6,2,299,40.9,4.2,7.4,1.3,84.4,17.7,3.2,1.4,0.099,LOW
PX-11130,Medical Corps,Low,40.1,0.0,9.4,0,250,32.9,4.3,8.5,0.1,82.6,21.8,3.7,1.2,0.02,LOW
PX-10424,Combat Engineers,Extreme,64.2,14.5,11.6,3,256,22.6,0.0,4.9,8.0,73.0,7.8,2.9,4.1,0.734,ELEVATED
PX-13672,Artillery,Extreme,64.1,9.7,7.3,1,192,20.2,0.3,4.3,10.0,74.4,13.7,4.4,4.4,0.632,MODERATE
PX-14469,Infantry,Medium,49.9,0.0,3.9,3,150,53.3,2.4,6.5,2.4,78.7,23.9,4.9,2.2,0.02,LOW
PX-12081,Infantry,Extreme,68.0,11.0,9.3,1,233,24.4,0.0,4.9,10.0,80.8,9.4,2.2,4.3,0.666,ELEVATED
PX-10047,Artillery,High,59.6,8.9,6.9,2,245,32.4,0.7,5.8,5.0,73.1,17.0,3.1,3.7,0.393,MODERATE
PX-10459,Combat Engineers,Low,36.0,0.0,4.0,1,220,42.6,5.2,8.5,0.0,100.0,20.5,2.2,1.9,0.02,LOW
PX-13100,Medical Corps,Low,36.5,0.0,5.3,2,194,46.0,5.4,6.5,2.3,72.8,19.9,2.8,1.6,0.059,LOW
PX-10210,Signals,Medium,44.2,0.0,3.7,1,121,41.3,2.3,6.0,4.4,69.9,18.5,3.6,2.0,0.055,LOW
PX-12771,Air Defense,Low,46.1,0.0,4.8,0,154,45.0,3.7,6.5,1.3,82.2,21.2,3.4,2.2,0.02,LOW
PX-12540,Armored,Extreme,62.7,11.1,9.0,2,221,17.9,0.0,4.5,9.5,66.8,6.6,2.8,4.8,0.692,ELEVATED
PX-12707,Infantry,High,51.8,0.0,11.7,2,298,29.8,2.3,5.7,5.3,93.4,15.4,4.5,4.0,0.317,LOW
PX-10833,Signals,Medium,50.5,3.4,9.6,0,244,34.0,1.7,6.8,2.7,91.6,21.3,4.4,2.0,0.02,LOW
PX-13066,Armored,Low,43.7,0.0,5.0,2,153,48.5,4.3,6.3,2.6,78.9,23.8,4.2,1.2,0.02,LOW
PX-14409,Infantry,High,61.3,9.4,6.6,3,167,31.0,1.7,4.3,9.5,76.2,14.0,3.6,3.0,0.585,MODERATE
PX-14681,Infantry,Low,44.7,0.0,7.1,2,190,39.1,3.3,6.0,0.8,89.7,20.7,4.1,1.1,0.02,LOW
PX-14588,Signals,Medium,54.4,3.2,3.5,0,113,42.2,3.5,5.6,3.6,65.2,16.9,3.1,1.9,0.195,LOW
PX-10982,Signals,High,47.2,0.0,6.3,1,294,30.5,2.6,5.9,6.1,72.5,20.1,4.4,3.4,0.197,LOW
PX-14178,Signals,Medium,42.2,0.0,4.7,1,129,37.4,4.3,7.7,1.8,69.7,24.5,3.2,3.0,0.02,LOW
PX-13278,Artillery,Extreme,60.8,5.2,8.6,2,237,9.7,1.0,4.4,9.6,72.3,12.2,3.5,4.5,0.725,ELEVATED
PX-10780,Artillery,Extreme,55.5,2.1,7.2,1,204,12.3,0.0,4.9,8.4,80.4,18.3,4.3,4.6,0.508,MODERATE
PX-11604,Infantry,High,62.0,11.8,6.1,0,180,42.3,0.4,4.6,9.4,67.0,10.1,3.7,3.2,0.549,MODERATE
PX-13228,Signals,High,55.6,5.6,6.9,4,170,22.3,1.4,5.3,5.8,77.5,17.6,4.3,3.9,0.339,LOW
PX-13282,Artillery,Medium,49.7,1.1,3.7,2,131,46.5,1.4,6.3,4.7,79.5,21.5,3.8,2.7,0.071,LOW
PX-14230,Medical Corps,Low,44.5,0.0,3.4,1,119,53.8,3.7,7.4,1.3,86.3,21.2,3.5,1.4,0.02,LOW
PX-11116,Infantry,High,55.4,5.6,9.3,2,215,26.0,0.0,5.4,6.2,66.1,16.2,4.1,3.0,0.426,MODERATE
PX-10781,Logistics & ASC,Extreme,57.2,5.2,7.5,4,208,25.2,0.0,4.0,8.0,65.0,14.1,4.0,4.0,0.573,MODERATE
PX-12974,Armored,High,52.1,1.5,7.2,2,178,23.7,3.4,5.7,5.6,71.6,21.2,3.3,3.8,0.21,LOW
PX-13029,Artillery,High,48.9,0.0,11.9,1,268,24.7,2.5,4.7,5.6,75.8,15.8,3.6,3.6,0.534,MODERATE
PX-12758,Signals,Low,45.3,0.0,10.9,0,305,42.8,3.7,6.4,2.5,89.4,17.6,4.1,1.4,0.02,LOW
PX-10881,Combat Engineers,Medium,37.8,0.0,3.6,2,132,47.8,4.9,7.4,2.3,74.6,23.2,3.1,2.3,0.02,LOW
PX-10045,Air Defense,Extreme,64.8,13.1,9.0,0,212,11.6,1.5,5.4,9.3,72.0,10.6,4.5,4.2,0.539,MODERATE
PX-14910,Infantry,Medium,44.3,0.0,4.8,1,142,56.5,3.0,6.6,3.9,90.5,20.8,3.0,2.2,0.03,LOW
PX-11579,Logistics & ASC,Extreme,64.7,12.2,9.7,1,244,22.4,0.4,5.4,8.2,77.8,14.2,3.7,5.0,0.606,MODERATE
PX-13133,Infantry,Extreme,65.8,10.8,8.4,2,226,14.2,0.5,6.0,8.7,73.1,13.4,3.8,4.8,0.506,MODERATE
PX-14296,Armored,Low,49.9,0.0,2.1,2,84,44.4,4.9,8.5,0.7,80.9,26.1,3.9,1.2,0.02,LOW
PX-13468,Artillery,High,49.1,0.0,6.7,4,188,24.6,0.6,6.4,5.1,60.0,22.8,5.0,3.4,0.196,LOW
PX-13287,Armored,Extreme,63.1,10.7,10.5,3,252,12.6,2.6,3.7,10.0,,12.2,4.3,4.3,0.687,ELEVATED
PX-13256,Infantry,Extreme,56.1,5.5,8.7,1,212,20.4,0.0,4.9,7.0,77.5,17.7,4.2,4.2,0.461,MODERATE
PX-10586,Infantry,High,55.5,3.7,7.5,2,200,15.0,0.5,5.3,5.7,81.1,13.7,2.8,3.2,0.293,LOW
PX-13777,Infantry,Extreme,63.8,10.3,10.1,2,254,13.0,0.1,4.6,7.9,66.4,9.0,3.6,4.4,0.673,ELEVATED
PX-11857,Artillery,Medium,47.9,0.0,3.8,2,119,36.4,3.8,5.9,4.3,89.8,19.0,3.8,2.3,0.059,LOW
PX-10414,Infantry,High,58.3,8.1,5.7,4,308,30.4,1.5,4.9,7.3,74.6,12.0,4.0,4.1,0.408,MODERATE
PX-14572,Infantry,High,54.2,1.0,7.1,2,278,25.6,3.3,6.0,5.1,69.7,16.0,3.7,4.0,0.326,LOW
PX-12385,Air Defense,High,47.3,0.0,6.5,5,162,23.2,0.3,5.6,6.6,74.3,14.8,3.0,3.7,0.368,LOW
PX-10727,Infantry,Medium,47.8,0.3,5.7,2,155,31.3,2.3,5.9,4.8,84.7,16.2,3.3,2.6,0.161,LOW
PX-11127,Signals,Low,41.0,0.0,4.2,3,227,48.6,5.4,7.1,3.0,73.8,21.4,3.5,2.1,0.02,LOW
PX-10236,Armored,Medium,49.7,1.7,15.2,2,319,34.0,2.3,5.7,2.8,,13.2,2.9,2.3,0.326,LOW
PX-11556,Logistics & ASC,High,60.1,7.6,6.5,3,229,38.8,1.8,5.9,7.5,75.8,12.7,3.3,3.2,0.446,MODERATE
PX-14337,Infantry,High,63.7,5.8,7.0,1,174,29.2,1.2,5.3,7.0,82.2,13.2,2.8,4.1,0.486,MODERATE
PX-12011,Artillery,Extreme,68.7,13.9,12.6,6,276,15.8,0.6,3.5,10.0,65.5,12.7,4.6,4.7,0.877,ELEVATED
PX-12179,Medical Corps,Low,40.8,0.0,9.0,0,212,45.0,4.2,6.4,1.2,88.8,21.7,4.0,1.8,0.032,LOW
PX-12769,Medical Corps,Medium,51.9,2.9,4.9,2,158,37.3,0.0,5.9,3.3,75.4,21.6,4.9,2.0,0.117,LOW
PX-12202,Logistics & ASC,Low,45.7,0.0,4.9,1,152,60.0,5.1,7.2,0.2,89.5,20.2,3.7,1.1,0.02,LOW
PX-14185,Air Defense,Extreme,65.2,13.7,8.3,5,236,22.8,1.0,4.6,10.0,79.0,14.7,4.3,4.9,0.634,MODERATE
PX-12233,Medical Corps,Medium,43.2,0.0,4.9,2,163,41.1,2.3,6.7,3.1,81.6,22.4,4.1,2.0,0.02,LOW
PX-12509,Signals,Medium,56.0,7.8,4.8,2,242,37.8,2.8,6.0,5.1,95.1,14.8,3.6,2.4,0.248,LOW
PX-11513,Signals,Medium,48.8,0.0,4.0,3,127,43.5,4.0,5.6,3.8,77.2,16.7,3.8,3.0,0.066,LOW
PX-10449,Combat Engineers,High,58.9,6.5,5.8,6,158,28.0,0.0,5.5,6.3,92.5,16.1,4.0,4.0,0.367,LOW
PX-14299,Signals,Low,36.0,0.0,2.9,1,115,53.2,3.3,7.1,2.4,93.2,26.6,4.4,1.6,0.02,LOW
PX-10911,Logistics & ASC,Low,42.1,0.0,7.6,1,202,37.3,4.5,7.7,0.0,78.1,19.3,3.5,1.8,0.02,LOW
PX-12036,Medical Corps,Low,44.0,0.0,2.2,0,96,52.7,5.2,7.2,0.0,87.9,24.2,3.1,1.3,0.02,LOW
PX-13813,Infantry,Extreme,56.5,5.1,8.7,1,272,24.5,1.1,5.4,7.9,87.1,21.1,4.2,4.2,0.443,MODERATE
PX-14288,Medical Corps,Medium,52.9,5.8,3.6,0,140,48.3,3.5,5.7,3.3,94.2,,4.4,2.0,0.02,LOW
PX-13648,Infantry,High,56.9,3.7,9.1,2,215,29.8,0.7,5.9,5.6,88.1,14.5,3.9,3.6,0.372,LOW
PX-11304,Air Defense,High,64.3,14.1,5.6,2,231,45.7,0.0,5.2,6.7,71.1,14.2,4.6,3.2,0.449,MODERATE
PX-10812,Medical Corps,Medium,53.3,6.6,9.7,1,226,49.7,1.6,5.6,3.9,,19.6,4.6,2.5,0.329,LOW
PX-11683,Artillery,High,52.6,0.0,7.4,3,282,26.3,4.1,5.0,6.4,65.7,12.9,2.6,3.5,0.452,MODERATE
PX-11591,Infantry,High,53.5,3.7,7.8,3,199,27.5,1.6,6.1,5.0,59.2,16.5,4.0,3.5,0.304,LOW
PX-10923,Combat Engineers,Medium,53.0,2.1,4.0,2,178,39.2,3.0,6.4,3.2,91.3,20.0,2.9,2.3,0.061,LOW
PX-13505,Combat Engineers,Medium,55.3,4.0,6.6,2,198,39.7,2.7,5.7,4.3,82.6,14.5,2.4,2.8,0.379,LOW
PX-12675,Armored,High,49.9,0.0,6.5,4,187,26.9,2.5,5.2,7.0,77.2,16.2,3.7,3.5,0.319,LOW
PX-12749,Infantry,Extreme,61.1,8.7,8.1,3,197,31.5,0.5,5.7,9.1,82.0,15.1,3.5,4.3,0.449,MODERATE
PX-11312,Combat Engineers,Extreme,65.7,15.2,9.4,0,239,18.8,0.0,4.5,9.9,72.1,18.2,4.3,4.0,0.633,MODERATE
PX-10451,Logistics & ASC,Medium,59.3,4.6,6.0,2,156,37.9,3.6,6.2,3.8,86.8,15.3,3.9,2.0,0.117,LOW
PX-13156,Infantry,Extreme,59.7,6.5,7.2,4,239,20.9,0.4,5.7,7.5,65.8,16.3,3.6,3.9,0.434,MODERATE
PX-10089,Armored,Medium,45.6,0.0,8.1,2,210,37.2,2.4,7.2,,75.3,16.4,3.1,1.9,0.105,LOW
PX-10531,Signals,High,59.9,8.0,8.0,1,189,24.7,0.2,6.3,4.2,77.2,16.4,3.2,3.3,0.295,LOW
PX-14259,Artillery,Medium,43.8,0.2,6.4,4,195,42.2,3.2,6.2,1.8,84.7,20.1,3.4,2.2,0.042,LOW
PX-10188,Signals,High,68.9,12.3,6.6,1,170,24.7,1.5,5.0,7.3,81.2,17.5,3.9,3.6,0.511,MODERATE
PX-11319,Logistics & ASC,Medium,55.5,7.7,4.9,1,145,40.9,3.7,5.3,3.9,84.3,18.5,5.0,2.2,0.205,LOW
PX-11424,Artillery,Low,50.0,0.0,7.3,1,177,42.9,6.4,7.9,0.0,93.0,17.4,4.2,1.1,0.02,LOW
PX-11477,Medical Corps,Medium,52.8,2.7,5.0,2,136,43.6,2.9,6.5,3.3,71.5,15.2,2.5,2.3,0.109,LOW
PX-12104,Combat Engineers,Medium,59.5,8.6,4.1,2,126,33.6,3.6,5.6,4.3,80.0,15.7,3.2,2.4,0.187,LOW
PX-13213,Combat Engineers,High,64.3,10.3,5.9,1,157,34.8,0.0,5.6,6.9,69.4,15.7,3.4,4.0,0.401,MODERATE
PX-12912,Combat Engineers,High,54.7,5.4,6.8,4,214,34.9,3.2,5.4,5.3,65.8,21.4,5.0,3.1,0.275,LOW
PX-10748,Air Defense,Extreme,63.5,9.2,10.2,1,254,16.8,0.0,4.5,9.6,63.8,16.7,4.2,3.9,0.665,ELEVATED
PX-11268,Armored,Low,37.8,0.0,3.4,1,136,49.5,3.6,8.4,0.0,84.1,26.9,3.3,1.4,0.02,LOW
PX-12349,Infantry,Medium,53.0,2.4,4.6,2,142,29.7,3.0,5.8,3.2,74.0,20.1,3.7,2.1,0.064,LOW
PX-13103,Air Defense,High,64.4,10.4,5.6,4,222,28.9,1.7,4.9,8.8,70.0,13.3,3.6,3.7,0.434,MODERATE
PX-11540,Air Defense,Extreme,66.7,15.1,9.1,2,233,5.9,0.7,5.1,8.6,73.1,12.2,3.7,4.9,0.584,MODERATE
PX-13596,Logistics & ASC,Medium,49.9,5.0,4.4,3,144,28.5,1.8,6.6,3.5,84.5,22.5,4.4,2.6,0.02,LOW
PX-11030,Combat Engineers,High,62.2,8.3,10.3,2,264,25.6,0.9,5.0,9.6,78.5,12.6,4.0,3.4,0.58,MODERATE
PX-14811,Signals,Medium,47.6,0.4,6.8,5,173,32.3,3.5,6.6,3.0,81.5,19.9,3.9,2.1,0.02,LOW
PX-11752,Logistics & ASC,Medium,47.3,3.4,3.9,2,169,39.9,4.1,6.3,1.8,92.7,19.8,3.9,2.7,0.02,LOW
PX-10488,Combat Engineers,High,66.6,15.5,9.1,1,289,20.7,2.2,4.5,10.0,64.4,11.9,3.9,3.2,0.666,ELEVATED
PX-11586,Artillery,Low,47.3,0.0,5.8,0,282,50.6,5.7,7.5,0.3,72.7,21.9,3.3,1.2,0.02,LOW
PX-10197,Logistics & ASC,Low,46.6,0.0,6.9,0,207,48.4,3.7,7.0,1.6,75.7,18.5,3.1,1.4,0.02,LOW
PX-11328,Artillery,Medium,55.2,7.8,5.5,2,158,30.8,3.1,5.9,2.4,77.1,20.8,4.0,1.9,0.127,LOW
PX-13585,Air Defense,Medium,42.2,0.0,4.7,1,153,40.3,3.3,6.8,1.7,79.9,17.7,3.3,2.9,0.02,LOW
PX-11257,Air Defense,Low,51.1,6.9,2.4,4,136,57.5,5.5,6.7,1.1,75.3,22.2,3.6,2.0,0.02,LOW
PX-12316,Infantry,Extreme,60.8,6.0,12.4,4,278,13.1,0.0,4.1,10.0,63.9,8.9,4.4,4.1,0.816,ELEVATED
PX-12153,Air Defense,High,57.9,6.4,6.2,3,194,26.4,2.6,5.6,5.4,71.7,13.0,3.8,3.9,0.334,LOW
PX-13928,Infantry,High,56.3,3.4,6.2,2,162,31.9,1.3,5.2,6.3,75.3,16.8,3.7,3.7,0.343,LOW
PX-12534,Medical Corps,Low,52.0,1.4,7.6,0,192,51.2,1.9,6.7,0.9,86.1,21.9,4.3,1.4,0.02,LOW
PX-10950,Combat Engineers,Medium,51.3,4.2,5.6,2,254,37.9,2.7,5.2,4.0,76.8,19.6,3.6,2.3,0.28,LOW
PX-13176,Logistics & ASC,Medium,36.0,0.0,7.0,0,204,49.5,3.1,7.3,1.6,88.0,21.9,3.9,2.3,0.02,LOW
PX-13745,Signals,Medium,43.1,0.0,4.0,0,126,37.8,4.1,7.0,1.9,78.8,19.4,3.0,2.4,0.02,LOW
PX-13532,Armored,Medium,45.7,0.0,4.1,1,178,47.3,5.2,6.0,4.6,81.7,23.7,3.9,3.0,0.07,LOW
PX-12134,Armored,Medium,51.0,1.7,3.6,1,190,37.6,3.4,6.4,3.2,74.9,24.4,4.1,2.7,0.043,LOW
PX-14250,Artillery,Medium,49.4,2.0,4.8,0,232,28.6,4.7,6.8,1.5,78.6,24.9,3.5,2.3,0.02,LOW
PX-10204,Infantry,Medium,38.7,0.0,5.2,1,164,33.5,4.0,6.3,3.8,87.9,23.0,3.6,2.4,0.02,LOW
PX-11874,Logistics & ASC,Low,36.0,0.0,2.0,0,110,54.9,3.3,7.5,0.1,90.8,24.6,3.2,1.3,0.02,LOW
PX-14618,Armored,High,52.4,6.5,18.0,1,365,14.1,3.3,4.0,7.7,72.8,15.2,5.0,3.5,0.503,MODERATE
PX-10860,Signals,Medium,54.7,6.4,7.3,1,211,42.2,4.9,5.7,3.5,78.3,16.5,4.1,2.2,0.23,LOW
PX-14516,Armored,Extreme,60.4,9.9,7.3,3,193,16.8,0.0,5.1,9.6,64.6,14.2,3.7,3.9,0.497,MODERATE
PX-12469,Artillery,High,57.1,5.2,12.1,1,284,28.5,1.8,4.5,6.1,72.8,13.0,4.2,3.3,0.597,MODERATE
PX-14429,Infantry,Extreme,65.0,12.0,14.8,0,340,19.1,1.1,5.0,9.5,70.2,8.5,3.7,4.9,0.736,ELEVATED
PX-14957,Infantry,Medium,51.5,2.0,6.2,2,160,42.4,1.7,6.1,4.2,73.6,20.3,4.2,2.0,0.175,LOW
PX-10740,Infantry,High,60.7,8.4,7.1,3,212,29.6,0.0,4.9,8.8,75.9,13.9,4.6,3.2,0.515,MODERATE
PX-12949,Logistics & ASC,High,61.6,9.7,7.3,2,275,34.0,2.7,5.3,8.6,82.9,15.2,4.0,3.9,0.442,MODERATE
PX-10324,Logistics & ASC,Low,41.5,0.0,2.4,2,113,52.0,3.2,7.5,0.7,81.0,27.0,4.1,1.0,0.02,LOW
PX-13565,Air Defense,Medium,58.0,5.2,5.3,1,188,47.5,3.6,5.7,4.8,61.1,16.2,3.8,2.7,0.216,LOW
PX-11072,Armored,Low,42.8,0.0,6.8,2,207,50.9,3.5,8.2,0.8,83.5,27.3,4.2,2.0,0.02,LOW
PX-13924,Infantry,High,56.1,5.1,13.9,6,331,17.3,1.9,5.2,6.7,70.4,7.1,2.0,4.1,0.607,MODERATE
PX-14101,Signals,Medium,47.2,0.0,12.0,2,266,26.1,3.6,7.0,2.3,78.4,17.1,3.4,2.3,0.132,LOW
PX-10355,Combat Engineers,Extreme,53.8,1.6,14.6,2,313,9.3,1.2,5.0,7.3,61.9,9.1,3.4,4.6,0.683,ELEVATED
PX-11160,Infantry,High,57.4,3.7,11.5,2,269,25.2,2.0,5.6,5.9,81.1,16.5,4.2,3.8,0.444,MODERATE
PX-11947,Logistics & ASC,Medium,46.1,0.0,5.0,1,143,37.1,2.4,6.6,3.7,85.5,22.3,4.5,2.9,0.02,LOW
PX-13724,Air Defense,High,57.5,8.2,6.8,4,167,30.2,0.0,5.4,5.3,66.1,16.3,4.0,3.5,0.349,LOW
PX-10428,Infantry,Extreme,59.1,8.6,14.9,1,315,8.6,1.6,5.0,8.7,71.2,11.4,4.6,4.4,0.611,MODERATE
PX-12981,Artillery,Extreme,59.1,6.2,9.1,1,273,16.5,0.6,4.8,8.5,64.8,14.6,4.2,3.9,0.617,MODERATE
PX-13182,Armored,High,54.5,4.2,5.5,3,190,34.4,1.8,5.0,5.1,80.7,16.4,4.1,3.8,0.362,LOW
PX-10922,Combat Engineers,High,53.5,4.4,8.2,2,225,29.1,3.8,5.2,5.8,76.4,17.4,3.8,3.6,0.326,LOW
PX-10630,Logistics & ASC,Medium,53.4,0.0,10.5,1,245,35.6,3.1,7.1,1.5,86.6,15.0,3.6,2.6,0.037,LOW
PX-10929,Signals,Low,47.8,0.2,4.0,0,193,53.2,3.5,5.8,2.4,79.0,16.2,3.3,1.8,0.062,LOW
PX-14092,Air Defense,Low,47.0,0.3,4.2,0,156,49.4,4.0,5.7,2.2,85.8,22.8,4.3,1.9,0.053,LOW
PX-12060,Medical Corps,Low,48.2,3.2,18.0,1,365,21.6,2.7,7.5,0.0,82.0,17.3,4.1,1.6,0.108,LOW
PX-14133,Armored,High,60.2,9.0,6.6,2,191,31.3,2.1,4.8,9.6,78.9,9.5,3.6,3.7,0.467,MODERATE
PX-11505,Armored,Low,43.4,0.0,5.4,2,193,39.2,4.3,6.2,2.1,84.2,18.1,4.6,2.0,0.02,LOW
PX-12170,Armored,High,64.4,16.7,6.3,2,176,20.9,1.7,5.3,7.9,78.4,13.8,3.5,3.5,0.408,MODERATE
PX-13795,Signals,Medium,48.8,0.0,4.3,3,136,43.6,1.3,6.9,2.5,87.2,21.1,4.4,2.9,0.02,LOW
PX-13554,Artillery,High,61.8,5.9,6.8,0,272,35.9,1.9,4.8,8.1,74.7,14.0,4.7,3.1,0.369,LOW
PX-13793,Infantry,High,58.5,5.8,7.7,2,266,33.0,2.4,5.1,6.8,74.2,11.5,3.3,4.1,0.562,MODERATE
PX-12269,Logistics & ASC,Medium,39.2,0.0,5.8,3,187,40.8,3.0,6.1,6.0,78.3,19.4,4.3,2.7,0.108,LOW
PX-13077,Combat Engineers,Medium,50.2,0.7,4.5,2,139,46.0,2.7,6.3,2.6,79.7,17.0,2.2,2.1,0.153,LOW
PX-11580,Logistics & ASC,High,55.5,3.9,5.8,1,195,20.8,4.1,5.3,5.5,80.2,16.5,3.9,3.0,0.237,LOW
PX-13553,Armored,High,57.7,8.5,12.1,1,274,18.1,1.8,5.0,6.1,73.6,12.6,3.5,4.0,0.547,MODERATE
PX-14922,Artillery,High,55.6,5.8,7.4,3,202,27.1,0.5,5.6,4.7,65.9,19.4,4.6,3.6,0.332,LOW
PX-10975,Combat Engineers,Medium,47.7,2.9,7.7,1,234,37.5,3.2,6.7,2.9,83.1,21.2,4.3,2.1,0.033,LOW
PX-12244,Artillery,Medium,36.1,0.0,11.5,1,365,30.6,3.3,6.5,2.3,,27.3,4.9,1.9,0.02,LOW
PX-13893,Combat Engineers,Medium,58.7,7.5,4.3,0,155,43.8,2.4,5.7,4.5,87.6,14.7,4.0,2.5,0.172,LOW
PX-10318,Artillery,Medium,49.0,0.0,4.0,1,149,48.3,2.4,7.2,2.7,84.5,26.2,4.5,2.4,0.02,LOW
PX-12629,Infantry,Extreme,60.0,11.1,8.8,3,269,16.9,0.0,5.4,8.3,69.1,19.6,4.0,4.0,0.527,MODERATE
PX-11370,Infantry,Extreme,64.0,12.7,7.3,4,192,31.9,0.9,5.2,8.8,66.5,13.0,3.6,4.8,0.505,MODERATE
PX-12891,Medical Corps,High,64.1,13.5,10.4,3,249,30.2,2.3,4.3,9.0,71.0,14.4,3.9,3.2,0.59,MODERATE
PX-10835,Combat Engineers,Low,43.5,0.0,2.1,0,154,45.8,3.5,6.4,3.0,91.1,23.5,4.7,1.2,0.02,LOW
PX-11230,Infantry,Extreme,65.4,8.3,9.5,5,353,23.4,0.0,4.2,10.0,72.4,9.9,3.6,4.5,0.736,ELEVATED
PX-14848,Infantry,High,63.4,10.1,8.8,1,224,25.0,0.0,5.6,8.0,79.0,14.2,3.7,3.9,0.476,MODERATE
PX-12400,Combat Engineers,High,56.1,5.1,5.6,3,154,42.3,3.9,5.9,6.5,71.0,17.2,4.2,4.0,0.219,LOW
PX-11774,Combat Engineers,High,62.7,10.4,17.8,3,365,13.0,1.4,5.7,7.0,68.7,13.4,4.1,3.0,0.545,MODERATE
PX-10678,Infantry,Extreme,58.4,10.2,8.3,2,216,24.6,2.4,4.8,6.8,76.7,17.0,3.7,4.2,0.478,MODERATE
PX-11107,Artillery,Low,41.4,0.0,2.2,1,85,49.8,5.5,7.4,1.4,69.8,,4.0,1.7,0.02,LOW
PX-13865,Artillery,Medium,47.1,2.3,10.8,2,259,31.2,2.5,6.7,3.1,76.9,18.7,3.2,2.2,0.078,LOW
PX-14103,Artillery,High,53.1,2.9,7.8,3,187,22.3,2.2,4.1,7.0,70.7,17.0,4.1,3.5,0.429,MODERATE
PX-12743,Air Defense,Extreme,57.7,6.0,13.8,0,335,7.1,0.7,6.0,5.8,77.4,16.3,3.9,3.9,0.439,MODERATE
PX-13796,Signals,Medium,54.7,4.5,4.9,1,167,52.4,5.3,5.9,3.7,88.0,20.4,3.5,2.2,0.02,LOW
PX-14292,Infantry,High,56.8,2.1,6.9,1,179,32.5,1.6,6.3,4.6,65.2,15.1,5.0,3.8,0.219,LOW
PX-14575,Infantry,High,54.4,5.1,7.9,3,231,24.0,1.4,5.6,,72.7,17.8,3.9,3.1,0.387,MODERATE
PX-13892,Armored,High,62.2,9.4,10.3,2,234,22.6,1.2,5.4,6.9,83.2,11.6,3.2,3.4,0.441,MODERATE
PX-11474,Armored,Low,42.5,0.0,4.1,0,162,56.8,5.4,7.0,1.8,80.7,19.4,2.7,1.9,0.02,LOW
PX-13430,Combat Engineers,Low,39.2,0.0,7.9,2,197,33.8,4.3,6.6,2.5,84.5,28.8,5.0,1.5,0.02,LOW
PX-14451,Medical Corps,Low,36.0,0.0,3.0,0,110,49.1,3.7,7.1,1.2,91.4,25.6,4.7,1.5,0.02,LOW
PX-13702,Combat Engineers,Medium,47.2,2.0,5.0,1,153,40.8,5.3,6.8,3.6,88.2,23.3,4.5,2.7,0.02,LOW
PX-10146,Artillery,Extreme,57.1,5.1,12.7,3,281,13.9,1.1,5.6,7.2,66.5,11.7,3.6,3.8,0.532,MODERATE
PX-14821,Artillery,Extreme,71.8,17.6,10.1,4,269,22.8,0.0,4.3,10.0,73.9,9.8,4.5,4.2,0.756,ELEVATED
PX-13716,Signals,Low,48.7,0.8,6.1,2,196,42.2,4.4,7.0,0.9,81.8,17.0,4.8,1.7,0.02,LOW
PX-14417,Infantry,High,60.7,11.1,14.9,2,317,23.9,0.7,6.0,7.0,71.5,16.9,4.0,4.1,0.51,MODERATE
PX-12734,Artillery,High,59.5,9.1,6.2,3,158,42.0,2.1,5.7,5.4,81.0,19.9,3.3,3.4,0.35,LOW
PX-13481,Signals,Low,48.5,0.0,13.8,0,301,30.8,2.6,7.6,1.8,93.4,19.9,3.9,1.8,0.08,LOW
PX-11170,Artillery,Extreme,71.9,15.9,7.1,2,178,23.9,0.0,5.2,8.7,67.2,10.8,3.4,4.1,0.648,MODERATE
PX-13943,Combat Engineers,Extreme,63.5,13.6,12.9,2,279,19.7,0.3,6.1,9.6,81.0,11.5,4.0,4.0,0.57,MODERATE
PX-12906,Medical Corps,Medium,46.5,0.0,9.1,4,231,32.4,2.1,6.7,2.6,73.1,15.6,3.3,3.0,0.167,LOW
PX-13810,Combat Engineers,Extreme,57.4,5.6,10.0,4,240,26.6,1.5,5.0,7.8,79.2,18.9,3.9,4.8,0.455,MODERATE
PX-12759,Combat Engineers,High,58.9,7.5,6.3,6,187,19.9,2.0,5.9,6.2,69.5,15.0,3.5,3.3,0.291,LOW
PX-11803,Signals,Medium,44.5,0.0,7.0,2,196,25.4,2.9,7.5,0.9,86.2,23.4,3.7,2.2,0.02,LOW
PX-13816,Armored,Extreme,54.6,5.7,18.0,2,365,9.4,0.2,5.0,7.7,77.1,9.9,3.1,4.4,0.677,ELEVATED
PX-14595,Medical Corps,Medium,47.1,0.0,6.5,1,203,38.3,1.8,6.5,2.7,87.0,20.3,4.1,2.2,0.061,LOW
PX-12345,Infantry,High,58.0,6.5,6.3,3,209,20.7,0.3,5.1,7.4,71.0,13.6,3.1,3.4,0.439,MODERATE
PX-10415,Infantry,High,50.7,0.0,9.8,4,308,35.8,1.2,6.9,5.5,88.5,17.9,3.7,3.6,0.238,LOW
PX-10134,Combat Engineers,Extreme,63.8,10.9,9.4,3,217,16.7,1.4,5.3,7.5,71.1,11.4,2.8,4.0,0.523,MODERATE
PX-13049,Infantry,High,53.8,2.7,7.3,1,177,20.7,1.3,4.6,5.8,72.4,15.6,4.7,3.5,0.379,LOW
PX-12344,Signals,Low,41.6,0.0,2.8,1,116,48.5,4.1,6.5,1.1,88.4,23.6,4.0,2.0,0.02,LOW
PX-13872,Infantry,Low,44.9,0.0,3.0,2,110,50.1,4.0,7.0,2.2,90.9,21.7,3.8,1.6,0.02,LOW
PX-10774,Infantry,Medium,52.0,3.7,4.5,2,134,42.2,1.7,6.4,2.2,81.3,21.6,3.9,3.0,0.02,LOW
PX-11568,Armored,High,62.6,13.3,8.0,0,258,34.2,1.2,5.7,8.1,94.6,12.5,3.4,4.1,0.497,MODERATE
PX-11150,Infantry,Extreme,66.8,12.9,8.5,2,228,14.0,0.6,4.1,10.0,79.8,7.9,3.6,4.2,0.707,ELEVATED
PX-11799,Combat Engineers,Medium,50.5,2.2,4.2,2,141,47.5,3.4,6.0,3.9,83.0,15.9,2.8,2.5,0.071,LOW
PX-11779,Armored,High,52.9,6.9,6.1,1,222,25.7,1.5,6.2,5.8,76.6,16.6,3.5,3.0,0.297,LOW
PX-13878,Infantry,Medium,55.0,5.9,13.6,1,322,30.9,2.8,6.6,3.9,75.8,15.1,3.5,2.4,0.299,LOW
PX-10198,Infantry,Extreme,60.7,7.3,11.4,6,252,22.6,1.1,4.9,10.0,58.1,14.2,3.7,4.6,0.626,MODERATE
PX-10152,Infantry,High,66.6,12.5,5.6,4,151,29.1,0.4,5.5,8.5,81.6,14.5,3.7,3.9,0.433,MODERATE
PX-13229,Armored,High,55.6,1.9,5.7,3,165,34.7,0.1,5.2,4.5,78.5,14.1,3.5,4.0,0.254,LOW
PX-10819,Artillery,Medium,47.8,0.0,10.3,4,258,29.4,3.7,7.1,1.7,83.4,20.6,3.5,3.0,0.118,LOW
PX-13353,Artillery,Medium,36.0,0.0,5.3,2,147,39.4,2.7,6.3,2.3,89.3,23.8,3.6,3.0,0.02,LOW
PX-10709,Armored,High,53.9,4.9,15.0,4,349,11.9,1.7,5.0,7.0,87.9,14.7,4.3,3.4,0.523,MODERATE
PX-11193,Medical Corps,Medium,42.6,0.0,4.5,2,150,44.3,4.4,6.8,2.0,76.9,21.9,3.4,3.0,0.02,LOW
